cx,cy,r,area,circularity,peak_value_m,local_background_m,local_height_m,local_height_nm,local_height_A,background_inner_radius_px,background_outer_radius_px,background_pixel_count,manual_status
53.0,3.0,2.7057581899030048,23.0,1.27247615308253,1.9376966697848275e-09,3.669071158007853e-10,1.5707895539840422e-09,1.5707895539840422,15.707895539840422,2.7057581899030048,4.058637284854507,27.0,automatic
115.0,1.0,2.256758334191025,16.0,1.3414659073803088,8.486066294111083e-10,-4.816530507767425e-10,1.3302596801878508e-09,1.3302596801878508,13.302596801878508,2.256758334191025,3.385137501286538,11.0,automatic
503.0,2.0,2.763953195770684,24.0,1.230303014972666,1.4138137327535105e-09,-2.9556762592974906e-10,1.7093813586832596e-09,1.7093813586832596,17.093813586832596,2.763953195770684,4.145929793656026,28.0,automatic
233.0,5.0,1.7841241161527712,10.0,1.612290114395414,1.0460761146191544e-09,4.318312929463275e-10,6.142448216728269e-10,0.6142448216728269,6.142448216728269,1.7841241161527712,2.7841241161527712,12.0,automatic
319.0,5.0,2.763953195770684,24.0,1.230303014972666,2.1995723020751257e-09,6.038306243905112e-10,1.5957416776846145e-09,1.5957416776846145,15.957416776846145,2.763953195770684,4.145929793656026,36.0,automatic
270.0,8.0,2.7057581899030048,23.0,1.27247615308253,1.2584058239895057e-09,-4.731134863218689e-12,1.2631369588527244e-09,1.2631369588527244,12.631369588527244,2.7057581899030048,4.058637284854507,28.0,automatic
404.0,7.0,1.7841241161527712,10.0,1.612290114395414,9.086896235466213e-10,2.5731095032455187e-10,6.513786732220694e-10,0.6513786732220694,6.513786732220694,1.7841241161527712,2.7841241161527712,12.0,automatic
179.0,10.0,2.326213245840639,17.0,1.2981113960506478,1.3507495122411228e-09,-1.5999390354237697e-10,1.5107434157834998e-09,1.5107434157834998,15.107434157834998,2.326213245840639,3.4893198687609583,16.0,automatic
472.0,10.0,2.1850968611841584,15.0,1.387197796891351,7.613638608461315e-10,-1.1986559661503193e-10,8.812294574611634e-10,0.8812294574611634,8.812294574611634,2.1850968611841584,3.2776452917762375,24.0,automatic
100.0,11.0,1.4927053303604616,7.0,1.8865422955842652,1.9132639916819016e-10,-7.451131656122101e-10,9.364395647804002e-10,0.9364395647804002,9.364395647804002,1.4927053303604616,2.4927053303604616,12.0,automatic
444.0,11.0,1.9544100476116797,12.0,1.6170362533579417,1.3292252853958075e-09,5.252757673268604e-10,8.039495180689471e-10,0.8039495180689471,8.039495180689471,1.9544100476116797,2.9544100476116797,16.0,automatic
68.0,13.0,1.7841241161527712,10.0,1.612290114395414,1.141633565460154e-09,3.976318302401083e-10,7.440017352200456e-10,0.7440017352200456,7.4400173522004565,1.7841241161527712,2.7841241161527712,12.0,automatic
134.0,13.0,2.4592453796829674,19.0,1.2801537005750372,5.584416262749414e-10,-6.940574226454999e-10,1.2524990489204413e-09,1.2524990489204413,12.524990489204413,2.4592453796829674,3.6888680695244513,24.0,automatic
241.0,13.0,2.5231325220201604,20.0,1.347530211131618,1.4338901177524122e-09,1.8090245967883334e-10,1.2529876580735788e-09,1.2529876580735788,12.529876580735788,2.5231325220201604,3.7846987830302403,24.0,automatic
175.0,16.0,2.326213245840639,17.0,1.370446597236102,1.0552224649629238e-09,-1.7711007660459188e-10,1.2323325415675157e-09,1.2323325415675157,12.323325415675157,2.326213245840639,3.4893198687609583,16.0,automatic
83.0,20.0,1.9544100476116797,12.0,1.6170362533579417,7.346838692967594e-10,1.1858018733601483e-10,6.161036819607446e-10,0.6161036819607446,6.161036819607446,1.9544100476116797,2.9544100476116797,16.0,automatic
428.0,22.0,3.3377905890622728,35.0,1.2092828327793383,3.0486579927213597e-09,7.321308004293314e-10,2.3165271922920283e-09,2.3165271922920283,23.165271922920283,3.3377905890622728,5.006685883593409,44.0,automatic
494.0,20.0,3.3377905890622728,35.0,1.1106924012725323,1.8158023973313675e-09,-3.175440882463576e-10,2.133346485577725e-09,2.133346485577725,21.33346485577725,3.3377905890622728,5.006685883593409,44.0,automatic
442.0,22.0,2.5854414729132054,21.0,1.3009126076835018,1.7573275057358728e-09,3.659520880772149e-10,1.391375417658658e-09,1.391375417658658,13.913754176586579,2.5854414729132054,3.8781622093698083,24.0,automatic
40.0,22.0,2.9316150714175193,27.0,1.2860574036336336,2.316838498828133e-09,6.386730866392298e-10,1.6781654121889034e-09,1.6781654121889034,16.781654121889034,2.9316150714175193,4.397422607126279,36.0,automatic
139.0,23.0,2.763953195770684,24.0,1.3278012032165531,9.648810639362182e-10,-7.57045648391852e-10,1.7219267123280702e-09,1.7219267123280702,17.2192671232807,2.763953195770684,4.145929793656026,36.0,automatic
159.0,23.0,2.8209479177387813,25.0,1.2815656405965272,1.3770126150447481e-09,-5.727770480135064e-10,1.9497896630582545e-09,1.9497896630582545,19.497896630582545,2.8209479177387813,4.231421876608172,36.0,automatic
379.0,23.0,2.5854414729132054,21.0,1.414906721688199,1.6571521932462474e-09,3.676246251860249e-10,1.2895275680602225e-09,1.2895275680602225,12.895275680602225,2.5854414729132054,3.8781622093698083,24.0,automatic
113.0,26.0,3.0382538898732494,29.0,1.2505080359301415,1.3928874720292583e-09,-9.185076865758646e-10,2.311395158605123e-09,2.311395158605123,23.11395158605123,3.0382538898732494,4.557380834809874,40.0,automatic
263.0,26.0,2.985410660720923,28.0,1.2073870691739297,1.670109939233555e-09,2.094121612228328e-10,1.4606977780107222e-09,1.4606977780107222,14.606977780107222,2.985410660720923,4.478115991081385,44.0,automatic
278.0,25.0,2.256758334191025,16.0,1.4796776500174416,1.0877080347526658e-09,8.526115924389899e-11,1.0024468755087668e-09,1.0024468755087668,10.024468755087668,2.256758334191025,3.385137501286538,16.0,automatic
373.0,25.0,1.7841241161527712,10.0,1.612290114395414,1.4442099738332104e-09,4.805896514081809e-10,9.636203224250295e-10,0.9636203224250295,9.636203224250295,1.7841241161527712,2.7841241161527712,12.0,automatic
238.0,27.0,2.5854414729132054,21.0,1.3009126076835018,1.6902259591944357e-09,4.0488155883533494e-10,1.2853444003591008e-09,1.2853444003591008,12.853444003591008,2.5854414729132054,3.8781622093698083,24.0,automatic
226.0,26.0,2.111004122822376,14.0,1.500400304239239,1.391049164745084e-09,4.719170887401702e-10,9.191320760049138e-10,0.9191320760049138,9.191320760049138,2.111004122822376,3.1665061842335644,24.0,automatic
330.0,29.0,2.4592453796829674,19.0,1.2801537005750372,1.9042483145881306e-09,4.787659019234169e-10,1.4254824126647136e-09,1.4254824126647136,14.254824126647136,2.4592453796829674,3.6888680695244513,24.0,automatic
93.0,30.0,2.7057581899030048,23.0,1.27247615308253,1.588341236313795e-09,-2.310981822573055e-10,1.8194394185711005e-09,1.8194394185711005,18.194394185711005,2.7057581899030048,4.058637284854507,28.0,automatic
205.0,31.0,2.256758334191025,16.0,1.4796776500174416,9.860452454546476e-10,-1.0983892961835551e-10,1.095884175073003e-09,1.095884175073003,10.95884175073003,2.256758334191025,3.385137501286538,16.0,automatic
351.0,32.0,2.985410660720923,28.0,1.2947179437652612,2.2875830119062357e-09,4.681742771239783e-10,1.8194087347822574e-09,1.8194087347822574,18.194087347822574,2.985410660720923,4.478115991081385,44.0,automatic
192.0,32.0,2.1850968611841584,15.0,1.387197796891351,5.961910409801874e-10,-1.1267512617374464e-10,7.08866167153932e-10,0.708866167153932,7.08866167153932,2.1850968611841584,3.2776452917762375,24.0,automatic
301.0,34.0,3.1915382432114616,32.0,1.1768136879086513,2.384546782252528e-09,-7.357475392821833e-11,2.4581215361807462e-09,2.4581215361807462,24.581215361807462,3.1915382432114616,4.787307364817193,32.0,automatic
56.0,34.0,1.5957691216057308,8.0,1.8288145488861385,1.2900744916777285e-09,5.934566449372625e-10,6.96617846740466e-10,0.696617846740466,6.96617846740466,1.5957691216057308,2.5957691216057306,12.0,automatic
65.0,35.0,2.256758334191025,16.0,1.3414659073803088,1.6740914210444657e-09,3.6296506078503654e-10,1.3111263602594292e-09,1.3111263602594292,13.111263602594292,2.256758334191025,3.385137501286538,16.0,automatic
330.0,36.0,1.2615662610100802,5.0,2.3173247538676778,9.323879446299088e-10,2.508323132532908e-10,6.81555631376618e-10,0.681555631376618,6.81555631376618,1.2615662610100802,2.2615662610100804,16.0,automatic
10.0,39.0,2.8209479177387813,25.0,1.242748407277043,2.0417247892368096e-09,3.40527606113028e-10,1.7011971831237815e-09,1.7011971831237815,17.011971831237815,2.8209479177387813,4.231421876608172,36.0,automatic
392.0,39.0,2.256758334191025,16.0,1.4796776500174416,1.551875294936167e-09,2.652244673884141e-10,1.2866508275477528e-09,1.2866508275477528,12.866508275477528,2.256758334191025,3.385137501286538,16.0,automatic
91.0,42.0,2.256758334191025,16.0,1.4796776500174416,1.1011366263247169e-09,-1.43053423273809e-10,1.2441900495985259e-09,1.2441900495985259,12.441900495985259,2.256758334191025,3.385137501286538,16.0,automatic
242.0,44.0,2.876813695875796,26.0,1.3328282662203883,2.4190303093973853e-09,5.436291972138463e-10,1.875401112183539e-09,1.875401112183539,18.75401112183539,2.876813695875796,4.315220543813694,36.0,automatic
482.0,44.0,2.326213245840639,17.0,1.4253075265915784,1.13227871523236e-09,-1.6804481417498351e-10,1.3003235294073434e-09,1.3003235294073434,13.003235294073434,2.326213245840639,3.4893198687609583,16.0,automatic
149.0,45.0,2.6462837142006137,22.0,1.25731000235922,1.3839088763845098e-09,-4.4421819000994844e-10,1.8281270663944582e-09,1.8281270663944582,18.281270663944582,2.6462837142006137,3.9694255713009206,24.0,automatic
199.0,46.0,2.8209479177387813,25.0,1.190793892253364,1.6535628422076343e-09,-2.2618146938713224e-10,1.8797443115947665e-09,1.8797443115947665,18.797443115947665,2.8209479177387813,4.231421876608172,36.0,automatic
43.0,46.0,2.6462837142006137,22.0,1.3628608270970017,2.325946102388343e-09,7.138425683894667e-10,1.6121035339988765e-09,1.6121035339988765,16.121035339988765,2.6462837142006137,3.9694255713009206,24.0,automatic
108.0,46.0,1.9544100476116797,12.0,1.6170362533579417,2.2859845960621072e-10,-6.307365740809701e-10,8.593350336871808e-10,0.8593350336871808,8.593350336871808,1.9544100476116797,2.9544100476116797,16.0,automatic
231.0,49.0,2.7057581899030048,23.0,1.27247615308253,2.0821864232800635e-09,5.453939244670636e-10,1.536792498813e-09,1.536792498813,15.36792498813,2.7057581899030048,4.058637284854507,28.0,automatic
321.0,51.0,2.9316150714175193,27.0,1.2860574036336336,1.7544572461503094e-09,-1.755917078405389e-10,1.9300489539908483e-09,1.9300489539908483,19.300489539908483,2.9316150714175193,4.397422607126279,36.0,automatic
415.0,52.0,3.431831258788849,37.0,1.1741605384881053,1.9665098438537143e-09,-3.297426459485109e-12,1.9698072703131994e-09,1.9698072703131995,19.698072703131995,3.431831258788849,5.147746888183273,52.0,automatic
451.0,54.0,3.2410224072142872,33.0,1.213589115655796,2.4986490654299587e-09,4.894170624325511e-10,2.0092320029974076e-09,2.0092320029974076,20.092320029974076,3.2410224072142872,4.86153361082143,32.0,automatic
136.0,53.0,2.763953195770684,24.0,1.230303014972666,1.1055946158577967e-09,-5.341148912041405e-10,1.6397095070619372e-09,1.6397095070619372,16.397095070619372,2.763953195770684,4.145929793656026,36.0,automatic
39.0,53.0,1.9544100476116797,12.0,1.4373655585403924,1.5924902507791217e-09,7.37336330880467e-10,8.551539198986546e-10,0.8551539198986546,8.551539198986546,1.9544100476116797,2.9544100476116797,16.0,automatic
180.0,55.0,3.141274657157109,31.0,1.249524838656446,1.6685414161443646e-09,-3.756872868354577e-10,2.0442287029798223e-09,2.0442287029798223,20.442287029798223,3.141274657157109,4.7119119857356635,40.0,automatic
111.0,58.0,2.5854414729132054,21.0,1.2576948637228433,8.857982125576314e-10,-5.739465847032221e-10,1.4597447972608535e-09,1.4597447972608535,14.597447972608535,2.5854414729132054,3.8781622093698083,24.0,automatic
497.0,56.0,1.7841241161527712,10.0,1.612290114395414,5.498606014953111e-10,-3.006590670873166e-10,8.505196685826277e-10,0.8505196685826277,8.505196685826277,1.7841241161527712,2.7841241161527712,12.0,automatic
208.0,58.0,2.393653682408596,18.0,1.3239153988972323,1.5518938356606782e-09,-1.5300193403899875e-11,1.567194029064578e-09,1.567194029064578,15.67194029064578,2.393653682408596,3.590480523612894,16.0,automatic
380.0,61.0,3.0382538898732494,29.0,1.2505080359301415,2.154545652999218e-09,4.609731485416546e-10,1.6935725044575634e-09,1.6935725044575634,16.935725044575634,3.0382538898732494,4.557380834809874,40.0,automatic
289.0,60.0,2.4592453796829674,19.0,1.2801537005750372,2.0568340364235382e-09,3.2011249206931325e-10,1.736721544354225e-09,1.736721544354225,17.36721544354225,2.4592453796829674,3.6888680695244513,24.0,automatic
13.0,64.0,2.763953195770684,24.0,1.3278012032165531,2.381584485178223e-09,6.799283913672127e-10,1.7016560938110104e-09,1.7016560938110104,17.016560938110104,2.763953195770684,4.145929793656026,36.0,automatic
169.0,63.0,2.1850968611841584,15.0,1.2576242881690396,5.61125423903519e-10,-4.3678212435782626e-10,9.979075482613453e-10,0.9979075482613453,9.979075482613453,2.1850968611841584,3.2776452917762375,24.0,automatic
90.0,65.0,2.985410660720923,28.0,1.2947179437652612,1.9885988411516564e-09,-3.029828471445839e-10,2.2915816882962403e-09,2.2915816882962403,22.915816882962403,2.985410660720923,4.478115991081385,44.0,automatic
261.0,64.0,2.1850968611841584,15.0,1.446802115179039,1.6059172880389383e-09,5.497539923293715e-10,1.0561632957095668e-09,1.0561632957095668,10.561632957095668,2.1850968611841584,3.2776452917762375,24.0,automatic
347.0,65.0,3.2897623212397704,34.0,1.2503645434029416,2.6408670805722068e-09,-4.603798651981947e-12,2.6454708792241887e-09,2.6454708792241886,26.454708792241888,3.2897623212397704,4.934643481859656,32.0,automatic
278.0,66.0,2.4592453796829674,19.0,1.3974662543915228,1.930068105338023e-09,3.003708254345483e-10,1.6296972799034748e-09,1.6296972799034748,16.296972799034748,2.4592453796829674,3.6888680695244513,24.0,automatic
474.0,66.0,1.381976597885342,6.0,2.0943951023931953,7.336744545227702e-10,1.2141783065078293e-10,6.122566238719873e-10,0.6122566238719873,6.122566238719873,1.381976597885342,2.381976597885342,16.0,automatic
509.0,66.0,2.4592453796829674,19.0,1.3268842295691072,1.5606265169054723e-09,-2.6525567853319387e-10,1.8258821954386661e-09,1.8258821954386661,18.25882195438666,2.4592453796829674,3.6888680695244513,19.0,automatic
135.0,69.0,3.1915382432114616,32.0,1.255099881833576,1.480094935502052e-09,-6.176155420423157e-10,2.0977104775443678e-09,2.097710477544368,20.977104775443678,3.1915382432114616,4.787307364817193,32.0,automatic
204.0,67.0,2.0342144725641096,13.0,1.5571460217520925,9.268547040974795e-10,-1.6012043774216167e-10,1.0869751418396412e-09,1.0869751418396412,10.869751418396412,2.0342144725641096,3.0513217088461646,16.0,automatic
32.0,68.0,2.876813695875796,26.0,1.2022380906391716,2.217889649713811e-09,4.813432430417208e-10,1.7365464066720904e-09,1.7365464066720904,17.365464066720904,2.876813695875796,4.315220543813694,36.0,automatic
62.0,71.0,3.141274657157109,31.0,1.249524838656446,2.5555988436565258e-09,2.710856678023177e-10,2.284513175854208e-09,2.284513175854208,22.84513175854208,3.141274657157109,4.7119119857356635,40.0,automatic
377.0,70.0,2.7057581899030048,23.0,1.314460457011912,2.186870906584204e-09,4.2204310879423446e-10,1.7648277977899696e-09,1.7648277977899696,17.648277977899696,2.7057581899030048,4.058637284854507,28.0,automatic
454.0,70.0,2.5854414729132054,21.0,1.414906721688199,1.7366970084253808e-09,6.145260411649645e-10,1.1221709672604163e-09,1.1221709672604163,11.221709672604163,2.5854414729132054,3.8781622093698083,24.0,automatic
242.0,74.0,3.0901936161855166,30.0,1.2092175857965604,2.8084958803020754e-09,7.692566583727967e-10,2.0392392219292788e-09,2.0392392219292788,20.392392219292788,3.0901936161855166,4.635290424278275,40.0,automatic
223.0,73.0,2.256758334191025,16.0,1.3414659073803088,1.8245628341517772e-09,6.100553673338283e-10,1.214507466817949e-09,1.214507466817949,12.14507466817949,2.256758334191025,3.385137501286538,16.0,automatic
444.0,74.0,2.0342144725641096,13.0,1.332828266220388,1.3081054017760607e-09,1.4144775628555095e-10,1.1666576454905098e-09,1.1666576454905098,11.666576454905098,2.0342144725641096,3.0513217088461646,16.0,automatic
110.0,77.0,2.876813695875796,26.0,1.3328282662203883,1.5292019872603646e-09,-2.832904882899001e-10,1.8124924755502647e-09,1.8124924755502647,18.124924755502647,2.876813695875796,4.315220543813694,36.0,automatic
396.0,77.0,1.9544100476116797,12.0,1.6170362533579417,9.539387058055127e-10,7.826314596393047e-11,8.756755598415822e-10,0.8756755598415822,8.756755598415822,1.9544100476116797,2.9544100476116797,16.0,automatic
178.0,78.0,2.876813695875796,26.0,1.2022380906391716,1.1008580713678384e-09,-6.811789743377261e-10,1.7820370457055645e-09,1.7820370457055645,17.820370457055645,2.876813695875796,4.315220543813694,36.0,automatic
44.0,79.0,2.256758334191025,16.0,1.3962634015954636,1.6420510506875985e-09,2.8505047627858104e-10,1.3570005744090174e-09,1.3570005744090174,13.570005744090174,2.256758334191025,3.385137501286538,16.0,automatic
158.0,80.0,2.326213245840639,17.0,1.4253075265915784,6.366256410927917e-10,-6.424148157879728e-10,1.2790404568807645e-09,1.2790404568807645,12.790404568807645,2.326213245840639,3.4893198687609583,16.0,automatic
266.0,82.0,1.692568750643269,9.0,1.7671458676442586,1.4619391253134495e-09,6.898358551055139e-10,7.721032702079356e-10,0.7721032702079356,7.721032702079356,1.692568750643269,2.692568750643269,12.0,automatic
298.0,83.0,2.763953195770684,24.0,1.269341157978135,2.1937669458793607e-09,1.3476380428256718e-10,2.0590031415967935e-09,2.0590031415967935,20.590031415967935,2.763953195770684,4.145929793656026,36.0,automatic
329.0,84.0,2.393653682408596,18.0,1.3744708899359803,1.376946334730178e-09,3.932954829866109e-11,1.337616786431517e-09,1.337616786431517,13.37616786431517,2.393653682408596,3.590480523612894,16.0,automatic
322.0,85.0,1.9544100476116797,12.0,1.6170362533579417,7.445926653026902e-10,1.2323716006013008e-10,6.213555052425601e-10,0.6213555052425601,6.213555052425601,1.9544100476116797,2.9544100476116797,16.0,automatic
361.0,89.0,2.5231325220201604,20.0,1.347530211131618,1.2933981663465488e-09,-1.6342338593489103e-10,1.4568215522814398e-09,1.4568215522814398,14.568215522814398,2.5231325220201604,3.7846987830302403,24.0,automatic
194.0,89.0,1.8712051592547776,11.0,1.4822832322447796,1.6792861545766868e-10,-6.129544372068807e-10,7.808830526645494e-10,0.7808830526645494,7.808830526645494,1.8712051592547776,2.8712051592547776,16.0,automatic
126.0,91.0,2.9316150714175193,27.0,1.2484780172022165,1.7678510877416898e-09,-2.3695306827775653e-10,2.0048041560194463e-09,2.0048041560194463,20.048041560194463,2.9316150714175193,4.397422607126279,36.0,automatic
381.0,90.0,2.4592453796829674,19.0,1.3974662543915228,1.2821600448020831e-09,2.4772770640391073e-12,1.279682767738044e-09,1.279682767738044,12.79682767738044,2.4592453796829674,3.6888680695244513,24.0,automatic
278.0,92.0,2.393653682408596,18.0,1.3744708899359803,2.1567498897923087e-09,7.804925039600619e-10,1.3762573858322469e-09,1.3762573858322469,13.762573858322469,2.393653682408596,3.590480523612894,16.0,automatic
219.0,93.0,2.7057581899030048,23.0,1.314460457011912,2.29457497447072e-09,7.979661653667591e-10,1.4966088091039609e-09,1.4966088091039609,14.966088091039609,2.7057581899030048,4.058637284854507,28.0,automatic
460.0,92.0,2.6462837142006137,22.0,1.217151102948507,1.6016181714206823e-09,-1.5984413098690808e-10,1.7614623024075904e-09,1.7614623024075904,17.614623024075904,2.6462837142006137,3.9694255713009206,24.0,automatic
105.0,93.0,2.0342144725641096,13.0,1.332828266220388,1.0763502311661455e-09,1.4101409623323846e-10,9.35336134932907e-10,0.935336134932907,9.35336134932907,2.0342144725641096,3.0513217088461646,16.0,automatic
433.0,94.0,2.7057581899030048,23.0,1.27247615308253,1.883182276785078e-09,3.391703862209994e-10,1.5440118905640787e-09,1.5440118905640787,15.440118905640787,2.7057581899030048,4.058637284854507,28.0,automatic
483.0,95.0,3.141274657157109,31.0,1.0710790804616994,2.246602459621272e-09,2.564529283377581e-10,1.990149531283514e-09,1.9901495312835138,19.901495312835138,3.141274657157109,4.7119119857356635,40.0,automatic
54.0,96.0,2.1850968611841584,15.0,1.387197796891351,1.0704077624268393e-09,-9.82086426071227e-11,1.168616405033962e-09,1.168616405033962,11.68616405033962,2.1850968611841584,3.2776452917762375,24.0,automatic
348.0,96.0,2.985410660720923,28.0,1.2947179437652612,2.1434067853931538e-09,2.163268522648032e-10,1.9270799331283506e-09,1.9270799331283506,19.270799331283506,2.985410660720923,4.478115991081385,44.0,automatic
400.0,95.0,1.4927053303604616,7.0,1.8865422955842652,1.0654713777924485e-09,4.1664098560101337e-10,6.488303921914351e-10,0.6488303921914351,6.488303921914351,1.4927053303604616,2.4927053303604616,12.0,automatic
76.0,98.0,2.6462837142006137,22.0,1.1277777637249438,1.7238344085512836e-09,3.0116741045471684e-10,1.4226669980965667e-09,1.4226669980965667,14.226669980965667,2.6462837142006137,3.9694255713009206,24.0,automatic
187.0,99.0,2.985410660720923,28.0,1.2947179437652612,1.2301689666927018e-09,-1.0389376581265708e-09,2.2691066248192726e-09,2.2691066248192726,22.691066248192726,2.985410660720923,4.478115991081385,44.0,automatic
279.0,99.0,2.4592453796829674,19.0,1.3268842295691072,2.2228170415417026e-09,7.845813443374539e-10,1.4382356972042487e-09,1.4382356972042487,14.382356972042487,2.4592453796829674,3.6888680695244513,24.0,automatic
37.0,102.0,2.9316150714175193,27.0,1.2860574036336336,2.9484428232251503e-09,5.193822594229403e-10,2.42906056380221e-09,2.42906056380221,24.2906056380221,2.9316150714175193,4.397422607126279,36.0,automatic
504.0,103.0,2.763953195770684,24.0,1.230303014972666,1.6559738025279103e-09,-1.5991200768075697e-11,1.671965003295986e-09,1.6719650032959859,16.71965003295986,2.763953195770684,4.145929793656026,36.0,automatic
260.0,104.0,2.393653682408596,18.0,1.3744708899359803,1.864067122880897e-09,5.831984062343309e-10,1.280868716646566e-09,1.280868716646566,12.80868716646566,2.393653682408596,3.590480523612894,16.0,automatic
73.0,107.0,2.5854414729132054,21.0,1.2576948637228433,1.6294389171278567e-09,3.403805431956286e-10,1.2890583739322281e-09,1.289058373932228,12.890583739322281,2.5854414729132054,3.8781622093698083,24.0,automatic
102.0,108.0,2.5854414729132054,21.0,1.3009126076835016,1.6497437860252262e-09,1.6755822423997202e-10,1.4821855617852542e-09,1.4821855617852542,14.821855617852542,2.5854414729132054,3.8781622093698083,24.0,automatic
17.0,109.0,2.393653682408596,18.0,1.3239153988972323,2.0002863809764904e-09,8.008442242690705e-10,1.1994421567074198e-09,1.1994421567074198,11.994421567074198,2.393653682408596,3.590480523612894,16.0,automatic
140.0,109.0,2.5854414729132054,21.0,1.2576948637228438,1.0695868635224315e-09,-3.2498451152385144e-10,1.394571375046283e-09,1.394571375046283,13.94571375046283,2.5854414729132054,3.8781622093698083,24.0,automatic
315.0,111.0,1.7841241161527712,10.0,1.612290114395414,9.851369719982017e-10,2.425657660842795e-10,7.425712059139222e-10,0.7425712059139222,7.425712059139222,1.7841241161527712,2.7841241161527712,12.0,automatic
426.0,112.0,3.0901936161855166,30.0,1.293629002686353,2.567386747642786e-09,5.457659324470399e-10,2.021620815195746e-09,2.021620815195746,20.21620815195746,3.0901936161855166,4.635290424278275,40.0,automatic
158.0,112.0,2.111004122822376,14.0,1.500400304239239,-8.597771800067378e-11,-1.1526911647408156e-09,1.0667134467401418e-09,1.0667134467401418,10.667134467401418,2.111004122822376,3.1665061842335644,24.0,automatic
354.0,112.0,1.692568750643269,9.0,1.7671458676442586,8.48017489563091e-10,1.9369218728915172e-10,6.543253022739393e-10,0.6543253022739393,6.543253022739393,1.692568750643269,2.692568750643269,12.0,automatic
381.0,117.0,2.111004122822376,14.0,1.500400304239239,5.071410513757257e-10,-4.126930186476585e-10,9.198340700233842e-10,0.9198340700233842,9.198340700233842,2.111004122822376,3.1665061842335644,24.0,automatic
397.0,116.0,1.5957691216057308,8.0,1.714743204844845,6.335375557497969e-10,-3.314274028831665e-11,6.666802960381135e-10,0.6666802960381135,6.666802960381135,1.5957691216057308,2.5957691216057306,12.0,automatic
41.0,118.0,2.393653682408596,18.0,1.3239153988972323,1.9664709860478524e-09,5.010969694740908e-10,1.4653740165737617e-09,1.4653740165737617,14.653740165737617,2.393653682408596,3.590480523612894,16.0,automatic
92.0,117.0,2.6462837142006137,22.0,1.25731000235922,1.6089080068226735e-09,1.2410159011544408e-10,1.4848064167072295e-09,1.4848064167072295,14.848064167072295,2.6462837142006137,3.9694255713009206,24.0,automatic
275.0,119.0,2.4592453796829674,19.0,1.2801537005750367,1.871228505478939e-09,6.883122960488208e-10,1.1829162094301182e-09,1.1829162094301182,11.829162094301182,2.4592453796829674,3.6888680695244513,24.0,automatic
404.0,118.0,2.4592453796829674,19.0,1.2801537005750372,1.6017672743728895e-09,5.013302273315645e-10,1.100437047041325e-09,1.100437047041325,11.00437047041325,2.4592453796829674,3.6888680695244513,24.0,automatic
116.0,120.0,2.1850968611841584,15.0,1.387197796891351,8.873409784726505e-10,1.1455729594100905e-11,8.758852488785496e-10,0.8758852488785496,8.758852488785497,2.1850968611841584,3.2776452917762375,24.0,automatic
180.0,120.0,3.141274657157109,31.0,1.17056665736022,8.102546966703983e-10,-1.4182225949177507e-09,2.228477291588149e-09,2.228477291588149,22.28477291588149,3.141274657157109,4.7119119857356635,40.0,automatic
262.0,123.0,3.1915382432114616,32.0,1.0154901954491724,1.8915002897301747e-09,7.231434062671127e-10,1.168356883463062e-09,1.168356883463062,11.68356883463062,3.1915382432114616,4.787307364817193,32.0,automatic
324.0,123.0,2.763953195770684,24.0,1.3278012032165531,2.043206936974684e-09,3.3432459578541796e-10,1.7088823411892662e-09,1.7088823411892662,17.088823411892662,2.763953195770684,4.145929793656026,36.0,automatic
79.0,125.0,2.985410660720923,28.0,1.2947179437652612,1.989375997268894e-09,3.448629576352502e-10,1.6445130396336438e-09,1.6445130396336438,16.445130396336438,2.985410660720923,4.478115991081385,44.0,automatic
288.0,125.0,2.4592453796829674,19.0,1.2801537005750372,1.7377292937936772e-09,7.494277698416596e-10,9.883015239520176e-10,0.9883015239520176,9.883015239520176,2.4592453796829674,3.6888680695244513,24.0,automatic
203.0,128.0,2.5854414729132054,21.0,1.3009126076835018,2.127638482063432e-10,-1.1161613300281203e-09,1.3289251782344635e-09,1.3289251782344635,13.289251782344635,2.5854414729132054,3.8781622093698083,24.0,automatic
465.0,127.0,2.6462837142006137,22.0,1.3175850953286932,1.356819434583656e-09,-1.463717272387477e-10,1.5031911618224036e-09,1.5031911618224036,15.031911618224036,2.6462837142006137,3.9694255713009206,24.0,automatic
42.0,127.0,1.692568750643269,9.0,1.7671458676442586,1.2437195717751592e-09,5.362516125595462e-10,7.07467959215613e-10,0.707467959215613,7.07467959215613,1.692568750643269,2.692568750643269,12.0,automatic
54.0,131.0,2.7057581899030048,23.0,1.314460457011912,2.692547962368508e-09,6.49462095214659e-10,2.0430858671538488e-09,2.0430858671538488,20.430858671538488,2.7057581899030048,4.058637284854507,28.0,automatic
502.0,130.0,2.9316150714175193,27.0,1.2484780172022165,2.2817927547436057e-09,2.803275528373561e-10,2.0014652019062495e-09,2.0014652019062495,20.014652019062495,2.9316150714175193,4.397422607126279,36.0,automatic
150.0,132.0,2.0342144725641096,13.0,1.5571460217520925,7.814263680572253e-10,-1.759484641317144e-10,9.573748321889397e-10,0.9573748321889397,9.573748321889397,2.0342144725641096,3.0513217088461646,16.0,automatic
401.0,133.0,2.5231325220201604,20.0,1.2389643882700017,1.2870835508493883e-09,-1.2670826193827978e-10,1.413791812787668e-09,1.413791812787668,14.13791812787668,2.5231325220201604,3.7846987830302403,24.0,automatic
446.0,136.0,3.0901936161855166,30.0,1.293629002686353,2.3353403655335114e-09,3.5837988132669807e-10,1.9769604842068134e-09,1.9769604842068134,19.769604842068134,3.0901936161855166,4.635290424278275,40.0,automatic
162.0,135.0,2.6462837142006137,22.0,1.3628608270970017,9.225588071259949e-10,-5.687227910833315e-10,1.4912815982093264e-09,1.4912815982093264,14.912815982093264,2.6462837142006137,3.9694255713009206,24.0,automatic
250.0,135.0,2.7057581899030048,23.0,1.314460457011912,2.00354510759837e-09,6.435885990807577e-10,1.3599565085176124e-09,1.3599565085176124,13.599565085176124,2.7057581899030048,4.058637284854507,28.0,automatic
342.0,135.0,3.0901936161855166,30.0,1.132806442606664,2.1942438976907397e-09,4.836374911665331e-10,1.7106064065242066e-09,1.7106064065242066,17.106064065242066,3.0901936161855166,4.635290424278275,40.0,automatic
215.0,136.0,1.381976597885342,6.0,2.0943951023931953,4.236511141897381e-10,-4.093292232942858e-10,8.329803374840239e-10,0.8329803374840239,8.329803374840239,1.381976597885342,2.381976597885342,16.0,automatic
143.0,137.0,2.256758334191025,16.0,1.4796776500174416,8.172948984253026e-10,-2.9652909294686225e-10,1.1138239913721648e-09,1.1138239913721648,11.138239913721648,2.256758334191025,3.385137501286538,16.0,automatic
310.0,137.0,2.393653682408596,18.0,1.2127771900184563,1.7959818077173395e-09,5.14142117769012e-10,1.2818396899483275e-09,1.2818396899483275,12.818396899483275,2.393653682408596,3.590480523612894,16.0,automatic
46.0,139.0,2.4592453796829674,19.0,1.2801537005750372,1.928623039049171e-09,3.6612513021339055e-10,1.5624979088357804e-09,1.5624979088357804,15.624979088357804,2.4592453796829674,3.6888680695244513,24.0,automatic
484.0,138.0,1.5957691216057308,8.0,1.714743204844845,5.112452128308576e-10,-1.45703976661693e-10,6.569491894925505e-10,0.6569491894925505,6.5694918949255054,1.5957691216057308,2.5957691216057306,12.0,automatic
231.0,140.0,2.111004122822376,14.0,1.500400304239239,1.8754895414474504e-09,9.162795799877443e-10,9.59209961459706e-10,0.959209961459706,9.59209961459706,2.111004122822376,3.1665061842335644,24.0,automatic
6.0,143.0,3.2897623212397704,34.0,1.1747318946999283,2.79502021527378e-09,3.448833996166911e-10,2.450136815657089e-09,2.450136815657089,24.50136815657089,3.2897623212397704,4.934643481859656,32.0,automatic
25.0,141.0,2.5854414729132054,21.0,1.414906721688199,1.6492101018172889e-09,3.6811984016615895e-10,1.28109026165113e-09,1.28109026165113,12.8109026165113,2.5854414729132054,3.8781622093698083,24.0,automatic
121.0,143.0,2.763953195770684,24.0,1.1930384709859612,1.5284417065331013e-09,-2.709785867915926e-11,1.5555395652122606e-09,1.5555395652122606,15.555395652122606,2.763953195770684,4.145929793656026,36.0,automatic
374.0,145.0,2.1850968611841584,15.0,1.20921758579656,9.643273957138376e-10,-2.9602344013557325e-11,9.93929739727395e-10,0.993929739727395,9.93929739727395,2.1850968611841584,3.2776452917762375,24.0,automatic
226.0,145.0,2.0342144725641096,13.0,1.5571460217520925,1.8320742700694836e-09,9.209360496420516e-10,9.111382204274321e-10,0.9111382204274321,9.11138220427432,2.0342144725641096,3.0513217088461646,16.0,automatic
487.0,145.0,2.5854414729132054,21.0,1.3009126076835016,1.1491644302807913e-09,-1.9811874363284687e-10,1.3472831739136382e-09,1.3472831739136382,13.472831739136382,2.5854414729132054,3.8781622093698083,24.0,automatic
202.0,146.0,1.692568750643269,9.0,1.7671458676442586,-6.841456567929782e-11,-8.254425198916948e-10,7.57027954212397e-10,0.757027954212397,7.57027954212397,1.692568750643269,2.692568750643269,12.0,automatic
270.0,148.0,2.7057581899030048,23.0,1.27247615308253,1.6397776470000736e-09,2.4280314564473215e-10,1.3969745013553414e-09,1.3969745013553414,13.969745013553414,2.7057581899030048,4.058637284854507,28.0,automatic
190.0,150.0,2.1850968611841584,15.0,1.387197796891351,-7.079942881960122e-11,-9.164275449613513e-10,8.4562811614175e-10,0.84562811614175,8.4562811614175,2.1850968611841584,3.2776452917762375,24.0,automatic
294.0,151.0,1.8712051592547776,11.0,1.4822832322447796,1.401351923391303e-09,6.960964582525264e-10,7.052554651387766e-10,0.7052554651387766,7.052554651387766,1.8712051592547776,2.8712051592547776,16.0,automatic
134.0,152.0,2.6462837142006137,22.0,1.3175850953286932,1.7028215504311106e-09,-5.2482882623161586e-11,1.7553044330542722e-09,1.7553044330542722,17.553044330542722,2.6462837142006137,3.9694255713009206,24.0,automatic
333.0,151.0,1.692568750643269,9.0,1.6646373562696222,1.465130350375432e-09,6.640309413441514e-10,8.010994090312806e-10,0.8010994090312806,8.010994090312806,1.692568750643269,2.692568750643269,12.0,automatic
370.0,152.0,2.0342144725641096,13.0,1.5571460217520925,9.937276557181463e-10,6.023729431925418e-11,9.33490361398892e-10,0.9334903613988921,9.33490361398892,2.0342144725641096,3.0513217088461646,16.0,automatic
211.0,154.0,2.326213245840639,17.0,1.2503645434029418,7.251707012656539e-10,-3.713432200624922e-10,1.096513921328146e-09,1.096513921328146,10.96513921328146,2.326213245840639,3.4893198687609583,16.0,automatic
288.0,154.0,2.326213245840639,17.0,1.4253075265915784,1.8156115499934344e-09,2.724765482686742e-10,1.5431350017247603e-09,1.5431350017247603,15.431350017247603,2.326213245840639,3.4893198687609583,16.0,automatic
105.0,157.0,2.8209479177387813,25.0,1.2815656405965272,1.6943587644036029e-09,1.0615103587796604e-10,1.5882077285256369e-09,1.5882077285256369,15.882077285256369,2.8209479177387813,4.231421876608172,36.0,automatic
439.0,158.0,3.2410224072142872,33.0,1.2135891156557967,2.4877377935439426e-09,4.0665674994055934e-10,2.0810810436033833e-09,2.0810810436033833,20.810810436033833,3.2410224072142872,4.86153361082143,32.0,automatic
41.0,158.0,2.5231325220201604,20.0,1.347530211131618,1.5071449643855317e-09,2.873612459097785e-10,1.2197837184757532e-09,1.2197837184757532,12.197837184757532,2.5231325220201604,3.7846987830302403,24.0,automatic
413.0,158.0,2.111004122822376,14.0,1.500400304239239,7.120594114340406e-10,-2.4364651962649475e-10,9.557059310605354e-10,0.9557059310605354,9.557059310605354,2.111004122822376,3.1665061842335644,24.0,automatic
316.0,160.0,1.8712051592547776,11.0,1.5596762428619324,1.5926115981557132e-09,7.171616356327348e-10,8.754499625229784e-10,0.8754499625229784,8.754499625229784,1.8712051592547776,2.8712051592547776,16.0,automatic
332.0,163.0,3.0901936161855166,30.0,1.293629002686353,2.790066178093298e-09,5.278119608043141e-10,2.2622542172889837e-09,2.2622542172889837,22.622542172889837,3.0901936161855166,4.635290424278275,40.0,automatic
347.0,161.0,2.9316150714175193,27.0,1.2484780172022165,1.7691959008914182e-09,2.9076571705921594e-10,1.4784301838322023e-09,1.4784301838322023,14.784301838322023,2.9316150714175193,4.397422607126279,36.0,automatic
82.0,165.0,3.141274657157109,31.0,1.0710790804616994,1.769956070596379e-09,7.952764488616815e-11,1.690428425710211e-09,1.690428425710211,16.90428425710211,3.141274657157109,4.7119119857356635,40.0,automatic
23.0,164.0,2.985410660720923,28.0,1.2073870691739297,2.1531909588645703e-09,1.882331651659186e-10,1.9649577936986518e-09,1.9649577936986518,19.649577936986518,2.985410660720923,4.478115991081385,44.0,automatic
248.0,165.0,2.5854414729132054,21.0,1.414906721688199,1.9656654082211844e-09,6.3073499201316e-10,1.3349304162080244e-09,1.3349304162080244,13.349304162080244,2.5854414729132054,3.8781622093698083,24.0,automatic
387.0,164.0,2.5854414729132054,21.0,1.3009126076835016,1.2442397112621961e-09,-2.1840922126425966e-10,1.4626489325264558e-09,1.4626489325264558,14.626489325264558,2.5854414729132054,3.8781622093698083,24.0,automatic
200.0,166.0,2.4592453796829674,19.0,1.3974662543915228,6.357656068267659e-10,-6.564687959897952e-10,1.292234402816561e-09,1.292234402816561,12.922344028165611,2.4592453796829674,3.6888680695244513,24.0,automatic
471.0,167.0,2.985410660720923,28.0,1.1286030800767899,1.982391584220977e-09,5.8196778993102605e-11,1.9241948052278746e-09,1.9241948052278746,19.241948052278744,2.985410660720923,4.478115991081385,44.0,automatic
3.0,168.0,2.256758334191025,16.0,1.3414659073803088,1.8371473231582058e-09,1.5589374929847466e-10,1.6812535738597312e-09,1.6812535738597312,16.81253573859731,2.256758334191025,3.385137501286538,16.0,automatic
307.0,167.0,2.5231325220201604,20.0,1.347530211131618,2.1513455461530384e-09,6.975229560612917e-10,1.4538225900917467e-09,1.4538225900917467,14.538225900917467,2.5231325220201604,3.7846987830302403,24.0,automatic
160.0,169.0,3.0382538898732494,29.0,1.2505080359301415,1.748331812656545e-09,-5.009036241343523e-10,2.2492354367908973e-09,2.2492354367908973,22.492354367908973,3.0382538898732494,4.557380834809874,40.0,automatic
422.0,169.0,2.0342144725641096,13.0,1.5571460217520925,7.96563703886477e-10,1.0514430905800287e-11,7.860492729806767e-10,0.7860492729806767,7.860492729806767,2.0342144725641096,3.0513217088461646,16.0,automatic
53.0,172.0,3.0901936161855166,30.0,1.2092175857965604,2.359347162084191e-09,2.721960018492453e-10,2.0871511602349457e-09,2.0871511602349457,20.871511602349457,3.0901936161855166,4.635290424278275,40.0,automatic
132.0,171.0,2.5854414729132054,21.0,1.414906721688199,1.2782896963159374e-09,3.4820737330847062e-12,1.2748076225828527e-09,1.2748076225828526,12.748076225828527,2.5854414729132054,3.8781622093698083,24.0,automatic
187.0,172.0,2.9316150714175193,27.0,1.1642661024177179,1.1195696592025683e-09,-6.33692293083854e-10,1.7532619522864223e-09,1.7532619522864223,17.532619522864223,2.9316150714175193,4.397422607126279,36.0,automatic
273.0,172.0,2.1850968611841584,15.0,1.387197796891351,1.2443670538431206e-09,1.6970504862490188e-10,1.0746620052182188e-09,1.0746620052182188,10.746620052182188,2.1850968611841584,3.2776452917762375,24.0,automatic
384.0,174.0,2.7057581899030048,23.0,1.27247615308253,1.5031300648615797e-09,-9.02194326191097e-11,1.5933494974806894e-09,1.5933494974806894,15.933494974806894,2.7057581899030048,4.058637284854507,28.0,automatic
415.0,175.0,2.256758334191025,16.0,1.4796776500174416,1.110040726004513e-09,-3.2459579468735456e-10,1.4346365206918676e-09,1.4346365206918676,14.346365206918676,2.256758334191025,3.385137501286538,16.0,automatic
104.0,179.0,2.393653682408596,18.0,1.3744708899359803,1.4309837759185484e-09,1.6487558540667635e-10,1.266108190511872e-09,1.266108190511872,12.66108190511872,2.393653682408596,3.590480523612894,16.0,automatic
222.0,179.0,2.985410660720923,28.0,1.2947179437652612,2.712729596510144e-09,8.116504968125327e-10,1.9010790996976112e-09,1.9010790996976112,19.010790996976112,2.985410660720923,4.478115991081385,44.0,automatic
466.0,178.0,2.111004122822376,14.0,1.500400304239239,1.0080201118256582e-09,2.8457386447300337e-10,7.234462473526548e-10,0.7234462473526548,7.234462473526548,2.111004122822376,3.1665061842335644,24.0,automatic
40.0,179.0,2.1850968611841584,15.0,1.387197796891351,1.3722635250346116e-09,3.993070873953286e-10,9.72956437639283e-10,0.972956437639283,9.72956437639283,2.1850968611841584,3.2776452917762375,24.0,automatic
154.0,180.0,2.4592453796829674,19.0,1.2801537005750372,5.30692156885948e-10,-5.947969894393168e-10,1.1254891463252648e-09,1.1254891463252648,11.254891463252648,2.4592453796829674,3.6888680695244513,24.0,automatic
202.0,181.0,2.5854414729132054,21.0,1.2576948637228433,1.2709152619194697e-09,-3.2834809871040704e-10,1.5992633606298767e-09,1.5992633606298767,15.992633606298767,2.5854414729132054,3.8781622093698083,24.0,automatic
85.0,183.0,2.5231325220201604,20.0,1.2389643882700017,1.243141034557027e-09,4.2412134568237114e-11,1.20072889998879e-09,1.20072889998879,12.0072889998879,2.5231325220201604,3.7846987830302403,24.0,automatic
256.0,183.0,2.4592453796829674,19.0,1.2801537005750372,1.7498221760448018e-09,3.6332575836794945e-10,1.3864964176768524e-09,1.3864964176768524,13.864964176768524,2.4592453796829674,3.6888680695244513,24.0,automatic
235.0,185.0,2.5854414729132054,21.0,1.3009126076835016,2.1527044591351796e-09,7.517277356150487e-10,1.400976723520131e-09,1.400976723520131,14.00976723520131,2.5854414729132054,3.8781622093698083,24.0,automatic
317.0,184.0,2.7057581899030048,23.0,1.1433285346948796,2.234168627879285e-09,7.217105246759559e-10,1.512458103203329e-09,1.512458103203329,15.12458103203329,2.7057581899030048,4.058637284854507,28.0,automatic
355.0,187.0,2.763953195770684,24.0,1.230303014972666,1.7784188566238868e-09,2.9757105113326077e-10,1.480847805490626e-09,1.480847805490626,14.80847805490626,2.763953195770684,4.145929793656026,36.0,automatic
510.0,186.0,2.256758334191025,16.0,1.3414659073803088,1.4085594912671695e-09,1.1994411019955464e-10,1.2886153810676149e-09,1.2886153810676149,12.886153810676149,2.256758334191025,3.385137501286538,11.0,automatic
100.0,187.0,2.4592453796829674,19.0,1.3974662543915228,1.3518257624411945e-09,9.148935775638023e-11,1.2603364046848142e-09,1.2603364046848142,12.603364046848142,2.4592453796829674,3.6888680695244513,24.0,automatic
133.0,187.0,2.111004122822376,14.0,1.500400304239239,9.268922851468631e-10,-3.597289653656244e-11,9.628651816834255e-10,0.9628651816834255,9.628651816834255,2.111004122822376,3.1665061842335644,24.0,automatic
438.0,190.0,2.9316150714175193,27.0,1.1642661024177179,2.1930708360429207e-09,9.303189121845357e-11,2.100038944824467e-09,2.100038944824467,21.000389448244672,2.9316150714175193,4.397422607126279,36.0,automatic
55.0,191.0,3.0382538898732494,29.0,1.2505080359301415,2.1374311209854113e-09,2.1531521704476475e-10,1.9221159039406466e-09,1.9221159039406466,19.221159039406466,3.0382538898732494,4.557380834809874,40.0,automatic
4.0,193.0,2.326213245840639,17.0,1.2503645434029418,1.0347419587830586e-09,-1.7916596678491103e-10,1.2139079255679697e-09,1.2139079255679697,12.139079255679697,2.326213245840639,3.4893198687609583,16.0,automatic
346.0,192.0,2.1850968611841584,15.0,1.446802115179039,1.2858367703927343e-09,3.932109082782631e-10,8.926258621144711e-10,0.8926258621144711,8.926258621144711,2.1850968611841584,3.2776452917762375,24.0,automatic
76.0,196.0,3.0382538898732494,29.0,1.1689103329366746,2.246182129184149e-09,1.517072786838547e-10,2.094474850500294e-09,2.094474850500294,20.94474850500294,3.0382538898732494,4.557380834809874,40.0,automatic
236.0,193.0,1.7841241161527712,10.0,1.612290114395414,1.5465064784336846e-09,8.919251170969034e-10,6.545813613367812e-10,0.6545813613367812,6.545813613367812,1.7841241161527712,2.7841241161527712,12.0,automatic
156.0,197.0,2.4592453796829674,19.0,1.2801537005750372,6.756256110129755e-10,-5.402168157253584e-10,1.2158424267383339e-09,1.2158424267383339,12.158424267383339,2.4592453796829674,3.6888680695244513,24.0,automatic
26.0,198.0,2.5854414729132054,21.0,1.3009126076835016,1.3854117852929448e-09,2.59752372389066e-10,1.1256594129038788e-09,1.1256594129038788,11.256594129038788,2.5854414729132054,3.8781622093698083,24.0,automatic
206.0,198.0,2.393653682408596,18.0,1.3744708899359803,1.1990267667627563e-09,-4.1977905526624504e-11,1.2410046722893808e-09,1.2410046722893808,12.410046722893808,2.393653682408596,3.590480523612894,16.0,automatic
289.0,198.0,1.692568750643269,9.0,1.7671458676442586,1.471671451369616e-09,6.814498132445834e-10,7.902216381250327e-10,0.7902216381250327,7.9022163812503265,1.692568750643269,2.692568750643269,12.0,automatic
465.0,199.0,2.8209479177387813,25.0,1.1559981640761265,1.3806562559892654e-09,-2.4340461590721674e-10,1.6240608718964822e-09,1.6240608718964822,16.240608718964822,2.8209479177387813,4.231421876608172,36.0,automatic
118.0,199.0,2.256758334191025,16.0,1.4796776500174416,1.4452126162467493e-09,4.882578976544982e-11,1.3963868264812995e-09,1.3963868264812995,13.963868264812994,2.256758334191025,3.385137501286538,16.0,automatic
271.0,200.0,2.9316150714175193,27.0,1.2484780172022165,2.2806327937274773e-09,4.4880539562530686e-10,1.8318273981021704e-09,1.8318273981021704,18.318273981021704,2.9316150714175193,4.397422607126279,36.0,automatic
413.0,201.0,2.6462837142006137,22.0,1.3628608270970017,1.4628287470230816e-09,-1.2997690077010127e-10,1.592805647793183e-09,1.592805647793183,15.928056477931829,2.6462837142006137,3.9694255713009206,24.0,automatic
227.0,203.0,2.876813695875796,26.0,1.3328282662203883,2.9962112790826723e-09,8.510556703811289e-10,2.1451556087015433e-09,2.1451556087015433,21.451556087015433,2.876813695875796,4.315220543813694,36.0,automatic
2.0,204.0,2.7057581899030048,23.0,1.314460457011912,1.6373583600071129e-09,7.748328714751729e-11,1.5598750728595956e-09,1.5598750728595956,15.598750728595956,2.7057581899030048,4.058637284854507,22.0,automatic
441.0,205.0,2.7057581899030048,23.0,1.314460457011912,1.6556004345247288e-09,2.0767208785965607e-10,1.4479283466650728e-09,1.4479283466650728,14.479283466650728,2.7057581899030048,4.058637284854507,28.0,automatic
481.0,205.0,2.763953195770684,24.0,1.1097582375130814,1.4838825723728633e-09,1.5444265874867136e-11,1.4684383064979961e-09,1.4684383064979962,14.684383064979961,2.763953195770684,4.145929793656026,36.0,automatic
17.0,206.0,1.4927053303604616,7.0,1.8865422955842652,6.779307115678535e-10,3.808766843582667e-11,6.398430431320268e-10,0.6398430431320268,6.398430431320268,1.4927053303604616,2.4927053303604616,12.0,automatic
298.0,206.0,2.111004122822376,14.0,1.500400304239239,1.5639615158491438e-09,8.771496584625282e-10,6.868118573866155e-10,0.6868118573866155,6.868118573866155,2.111004122822376,3.1665061842335644,24.0,automatic
373.0,205.0,2.111004122822376,14.0,1.500400304239239,1.086988943299616e-09,2.2499956758847972e-11,1.064488986540768e-09,1.064488986540768,10.64488986540768,2.111004122822376,3.1665061842335644,24.0,automatic
507.0,207.0,2.393653682408596,18.0,1.3239153988972323,1.0173711872951685e-09,-2.410835975297232e-10,1.2584547848248917e-09,1.2584547848248917,12.584547848248917,2.393653682408596,3.590480523612894,16.0,automatic
191.0,209.0,2.8209479177387813,25.0,1.1559981640761265,1.2565737339542693e-09,-3.486041039169052e-10,1.6051778378711745e-09,1.6051778378711745,16.051778378711745,2.8209479177387813,4.231421876608172,36.0,automatic
350.0,209.0,1.381976597885342,6.0,1.9347481372744961,9.549778745565618e-10,3.1419856993952777e-10,6.40779304617034e-10,0.640779304617034,6.40779304617034,1.381976597885342,2.381976597885342,16.0,automatic
282.0,211.0,2.5854414729132054,21.0,1.3009126076835016,1.9657717675869435e-09,3.7848886524916026e-10,1.5872829023377832e-09,1.5872829023377832,15.872829023377832,2.5854414729132054,3.8781622093698083,24.0,automatic
331.0,212.0,3.3377905890622728,35.0,1.138282013394669,2.674044985440105e-09,7.046262184839946e-10,1.9694187669561103e-09,1.9694187669561103,19.694187669561103,3.3377905890622728,5.006685883593409,44.0,automatic
55.0,212.0,2.763953195770684,24.0,1.3278012032165531,1.7779964167630169e-09,3.811933407815715e-11,1.7398770826848597e-09,1.7398770826848597,17.398770826848597,2.763953195770684,4.145929793656026,36.0,automatic
213.0,212.0,1.692568750643269,9.0,1.6646373562696222,9.107463672108906e-10,1.939802207751029e-10,7.167661464357877e-10,0.7167661464357877,7.167661464357877,1.692568750643269,2.692568750643269,12.0,automatic
266.0,213.0,2.876813695875796,26.0,1.2384256479434992,2.511721275411105e-09,4.717184420854892e-10,2.040002833325616e-09,2.040002833325616,20.40002833325616,2.876813695875796,4.315220543813694,36.0,automatic
106.0,216.0,2.5854414729132054,21.0,1.3009126076835016,1.3352546845979418e-09,1.649875652764976e-10,1.1702671193214442e-09,1.1702671193214442,11.702671193214442,2.5854414729132054,3.8781622093698083,24.0,automatic
383.0,217.0,2.5854414729132054,21.0,1.1618260528144841,9.117724908414004e-10,-1.239263483499009e-10,1.0356988391913013e-09,1.0356988391913013,10.356988391913013,2.5854414729132054,3.8781622093698083,24.0,automatic
144.0,216.0,1.8712051592547776,11.0,1.4822832322447796,5.53328660668484e-10,-1.3127888359720785e-10,6.846075442656918e-10,0.6846075442656918,6.846075442656918,1.8712051592547776,2.8712051592547776,16.0,automatic
484.0,217.0,2.393653682408596,18.0,1.2127771900184563,1.1323787463268786e-09,4.3253414738764207e-11,1.0891253315881144e-09,1.0891253315881144,10.891253315881144,2.393653682408596,3.590480523612894,16.0,automatic
441.0,222.0,2.6462837142006137,22.0,1.3628608270970017,1.7485770609226847e-09,2.562467321665096e-10,1.4923303287561751e-09,1.492330328756175,14.923303287561751,2.6462837142006137,3.9694255713009206,24.0,automatic
89.0,223.0,3.0901936161855166,30.0,1.293629002686353,2.2568042989945525e-09,1.2055936110533239e-10,2.13624493788922e-09,2.13624493788922,21.3624493788922,3.0901936161855166,4.635290424278275,40.0,automatic
393.0,222.0,2.5854414729132054,21.0,1.414906721688199,1.1490937090741227e-09,-3.905644418988885e-10,1.5396581509730112e-09,1.5396581509730112,15.396581509730112,2.5854414729132054,3.8781622093698083,24.0,automatic
182.0,224.0,2.326213245840639,17.0,1.2503645434029418,4.968267464100506e-10,-5.977956185621025e-10,1.0946223649721532e-09,1.0946223649721532,10.946223649721532,2.326213245840639,3.4893198687609583,16.0,automatic
129.0,225.0,2.5231325220201604,20.0,1.2389643882700017,1.1563203727860127e-09,-4.492728966631887e-10,1.6055932694492014e-09,1.6055932694492014,16.055932694492014,2.5231325220201604,3.7846987830302403,24.0,automatic
356.0,224.0,2.1850968611841584,15.0,1.387197796891351,1.3993534109246752e-09,2.873822013693683e-10,1.111971209555307e-09,1.111971209555307,11.11971209555307,2.1850968611841584,3.2776452917762375,24.0,automatic
462.0,223.0,2.6462837142006137,22.0,1.217151102948507,9.224386809947305e-10,-3.3083914774412193e-10,1.2532778287388524e-09,1.2532778287388524,12.532778287388524,2.6462837142006137,3.9694255713009206,24.0,automatic
25.0,226.0,2.985410660720923,28.0,1.2073870691739297,1.913825320443152e-09,-1.276255628956946e-10,2.0414508833388467e-09,2.0414508833388467,20.414508833388467,2.985410660720923,4.478115991081385,44.0,automatic
119.0,227.0,2.763953195770684,24.0,1.230303014972666,1.8181463001809561e-09,3.653570328221445e-11,1.7816105968987417e-09,1.7816105968987417,17.816105968987415,2.763953195770684,4.145929793656026,36.0,automatic
405.0,227.0,2.393653682408596,18.0,1.3239153988972323,1.4411302151629002e-09,6.430837806714607e-11,1.3768218370957541e-09,1.3768218370957541,13.768218370957541,2.393653682408596,3.590480523612894,16.0,automatic
54.0,228.0,2.393653682408596,18.0,1.2127771900184563,1.529799065203008e-09,1.6764303834015948e-10,1.3621560268628485e-09,1.3621560268628485,13.621560268628485,2.393653682408596,3.590480523612894,16.0,automatic
160.0,229.0,3.0901936161855166,30.0,1.1032628324143605,1.5415609899704918e-09,-2.0030436337359347e-10,1.7418653533440853e-09,1.7418653533440853,17.418653533440853,3.0901936161855166,4.635290424278275,40.0,automatic
255.0,234.0,2.4592453796829674,19.0,1.2801537005750372,1.938305072002322e-09,6.544759456605931e-10,1.283829126341729e-09,1.283829126341729,12.83829126341729,2.4592453796829674,3.6888680695244513,24.0,automatic
435.0,233.0,2.985410660720923,28.0,1.0297119769200693,1.959120865535624e-09,2.644524460526654e-10,1.6946684194829587e-09,1.6946684194829587,16.946684194829587,2.985410660720923,4.478115991081385,44.0,automatic
173.0,235.0,2.0342144725641096,13.0,1.5571460217520925,4.1496175939848e-10,-4.5600861975358953e-10,8.709703791520695e-10,0.8709703791520695,8.709703791520695,2.0342144725641096,3.0513217088461646,16.0,automatic
370.0,234.0,2.393653682408596,18.0,1.3239153988972323,1.2172389762810099e-09,8.545847710039745e-11,1.1317804991806124e-09,1.1317804991806124,11.317804991806124,2.393653682408596,3.590480523612894,16.0,automatic
487.0,235.0,2.7057581899030048,23.0,1.27247615308253,1.4789932611947165e-09,-4.0035602610899446e-10,1.879349287303711e-09,1.879349287303711,18.79349287303711,2.7057581899030048,4.058637284854507,28.0,automatic
236.0,236.0,2.876813695875796,26.0,1.1211451356615063,2.6000308572804443e-09,5.619908149956387e-10,2.0380400422848055e-09,2.0380400422848055,20.380400422848055,2.876813695875796,4.315220543813694,36.0,automatic
64.0,240.0,2.7057581899030048,23.0,1.1433285346948796,1.9310115728643495e-09,3.465477627084823e-10,1.5844638101558672e-09,1.5844638101558672,15.844638101558672,2.7057581899030048,4.058637284854507,28.0,automatic
197.0,239.0,2.326213245840639,17.0,1.4253075265915784,7.16196602024155e-10,-4.932107777744221e-10,1.2094073797985772e-09,1.2094073797985772,12.094073797985772,2.326213245840639,3.4893198687609583,16.0,automatic
469.0,238.0,2.1850968611841584,15.0,1.446802115179039,4.309845813565971e-10,-4.223756205901097e-10,8.533602019467068e-10,0.8533602019467068,8.533602019467068,2.1850968611841584,3.2776452917762375,24.0,automatic
336.0,242.0,3.141274657157109,31.0,1.140038260161506,3.0031346298642347e-09,6.840711608280259e-10,2.319063469036209e-09,2.319063469036209,23.19063469036209,3.141274657157109,4.7119119857356635,40.0,automatic
39.0,242.0,2.111004122822376,14.0,1.500400304239239,8.315795829716421e-10,-5.8303729899567e-11,8.898833128712091e-10,0.8898833128712091,8.898833128712091,2.111004122822376,3.1665061842335644,24.0,automatic
212.0,242.0,2.326213245840639,17.0,1.4253075265915784,1.1110388165036511e-09,-2.2967575064036794e-10,1.340714567144019e-09,1.340714567144019,13.40714567144019,2.326213245840639,3.4893198687609583,16.0,automatic
299.0,245.0,2.8209479177387813,25.0,1.2815656405965272,2.0686774515610296e-09,1.4832442912782184e-10,1.9203530224332077e-09,1.9203530224332077,19.203530224332077,2.8209479177387813,4.231421876608172,36.0,automatic
117.0,245.0,1.7841241161527712,10.0,1.612290114395414,1.0368879088673566e-09,8.813722321421302e-11,9.487506856531436e-10,0.9487506856531436,9.487506856531436,1.7841241161527712,2.7841241161527712,12.0,automatic
80.0,247.0,2.8209479177387813,25.0,1.2815656405965272,1.839746022191946e-09,3.702271961225634e-10,1.4695188260693826e-09,1.4695188260693826,14.695188260693826,2.8209479177387813,4.231421876608172,36.0,automatic
2.0,248.0,2.4592453796829674,19.0,1.2801537005750367,1.886730771616385e-09,2.4613691640418267e-10,1.6405938552122024e-09,1.6405938552122024,16.405938552122024,2.4592453796829674,3.6888680695244513,19.0,automatic
244.0,248.0,2.8209479177387813,25.0,1.242748407277043,2.1977804021133807e-09,3.13598702561535e-10,1.8841816995518457e-09,1.8841816995518457,18.841816995518457,2.8209479177387813,4.231421876608172,36.0,automatic
182.0,250.0,3.141274657157109,31.0,1.249524838656446,1.4678712689786266e-09,-5.149859150233027e-10,1.9828571840019293e-09,1.9828571840019293,19.828571840019293,3.141274657157109,4.7119119857356635,40.0,automatic
310.0,250.0,2.326213245840639,17.0,1.4253075265915784,1.4059170494462592e-09,2.0547682999527694e-10,1.2004402194509822e-09,1.2004402194509822,12.004402194509822,2.326213245840639,3.4893198687609583,16.0,automatic
275.0,251.0,2.763953195770684,24.0,1.3278012032165531,2.213260907879544e-09,6.158801246769485e-10,1.5973807832025955e-09,1.5973807832025955,15.973807832025955,2.763953195770684,4.145929793656026,36.0,automatic
267.0,251.0,2.7057581899030048,23.0,1.27247615308253,2.0975106096443596e-09,7.064743512419369e-10,1.3910362584024227e-09,1.3910362584024227,13.910362584024227,2.7057581899030048,4.058637284854507,28.0,automatic
391.0,252.0,1.5957691216057308,8.0,1.8288145488861385,9.211700846556425e-10,2.3217131689401427e-10,6.889987677616283e-10,0.6889987677616283,6.889987677616283,1.5957691216057308,2.5957691216057306,12.0,automatic
22.0,255.0,2.8209479177387813,25.0,1.242748407277043,1.961405038386488e-09,-9.029981623553951e-11,2.0517048546220273e-09,2.0517048546220273,20.517048546220273,2.8209479177387813,4.231421876608172,36.0,automatic
160.0,256.0,3.0901936161855166,30.0,1.293629002686353,1.8052752626118718e-09,-5.761088273104065e-10,2.3813840899222782e-09,2.3813840899222782,23.813840899222782,3.0901936161855166,4.635290424278275,40.0,automatic
225.0,254.0,2.5231325220201604,20.0,1.347530211131618,1.3953799227195418e-09,4.010202586668399e-10,9.94359664052702e-10,0.9943596640527019,9.94359664052702,2.5231325220201604,3.7846987830302403,24.0,automatic
455.0,255.0,2.763953195770684,24.0,1.3278012032165531,1.5136892850264871e-09,-1.391887022306193e-10,1.6528779872571064e-09,1.6528779872571064,16.528779872571064,2.763953195770684,4.145929793656026,36.0,automatic
107.0,257.0,3.0382538898732494,29.0,1.2505080359301415,2.8159659049009633e-09,2.1586540194240555e-10,2.6001005029585578e-09,2.6001005029585578,26.001005029585578,3.0382538898732494,4.557380834809874,40.0,automatic
47.0,259.0,2.5854414729132054,21.0,1.3009126076835016,1.7203682922684038e-09,2.3667554721606976e-10,1.483692745052334e-09,1.483692745052334,14.83692745052334,2.5854414729132054,3.8781622093698083,24.0,automatic
210.0,260.0,2.5854414729132054,21.0,1.414906721688199,1.027805618392108e-09,-4.6051287783122064e-10,1.4883184962233287e-09,1.4883184962233287,14.883184962233287,2.5854414729132054,3.8781622093698083,24.0,automatic
359.0,260.0,2.985410660720923,28.0,1.2073870691739297,2.286160372122481e-09,3.9878135515980517e-10,1.887379016962676e-09,1.8873790169626758,18.87379016962676,2.985410660720923,4.478115991081385,44.0,automatic
416.0,262.0,3.0901936161855166,30.0,1.293629002686353,1.8574786153635614e-09,5.000917735475952e-10,1.3573868418159662e-09,1.3573868418159662,13.573868418159662,3.0901936161855166,4.635290424278275,40.0,automatic
64.0,264.0,2.876813695875796,26.0,1.2022380906391716,1.9726194011582265e-09,1.8830275533288088e-10,1.7843166458253457e-09,1.7843166458253457,17.843166458253457,2.876813695875796,4.315220543813694,36.0,automatic
338.0,264.0,2.876813695875796,26.0,1.2022380906391716,2.35655139846358e-09,7.210877450702924e-10,1.6354636533932876e-09,1.6354636533932876,16.354636533932876,2.876813695875796,4.315220543813694,36.0,automatic
381.0,264.0,2.0342144725641096,13.0,1.5571460217520925,1.4340061360584855e-09,3.0325784938778355e-10,1.130748286670702e-09,1.130748286670702,11.30748286670702,2.0342144725641096,3.0513217088461646,16.0,automatic
431.0,266.0,2.876813695875796,26.0,1.1537086777593573,2.125886577886149e-09,2.500540746686042e-10,1.875832503217545e-09,1.875832503217545,18.75832503217545,2.876813695875796,4.315220543813694,36.0,automatic
470.0,268.0,2.8209479177387813,25.0,1.1559981640761265,1.4540298964860199e-09,-1.8955136071863166e-10,1.6435812572046515e-09,1.6435812572046515,16.435812572046515,2.8209479177387813,4.231421876608172,36.0,automatic
389.0,266.0,1.4927053303604616,7.0,1.8865422955842652,1.2087091327828148e-09,5.469311392669596e-10,6.617779935158552e-10,0.6617779935158552,6.617779935158552,1.4927053303604616,2.4927053303604616,12.0,automatic
456.0,266.0,2.393653682408596,18.0,1.3239153988972323,9.157570257656289e-10,-3.337821408155861e-10,1.249539166581215e-09,1.249539166581215,12.49539166581215,2.393653682408596,3.590480523612894,16.0,automatic
122.0,269.0,2.4592453796829674,19.0,1.3974662543915228,1.4159274863700944e-09,9.846799070567513e-11,1.3174594956644192e-09,1.3174594956644192,13.174594956644192,2.4592453796829674,3.6888680695244513,24.0,automatic
274.0,267.0,1.9544100476116797,12.0,1.4373655585403928,1.6532434310434496e-09,8.232570181121446e-10,8.29986412931305e-10,0.829986412931305,8.29986412931305,1.9544100476116797,2.9544100476116797,16.0,automatic
96.0,272.0,2.7057581899030048,23.0,1.27247615308253,2.0635269049051885e-09,3.245047425215475e-10,1.739022162383641e-09,1.739022162383641,17.39022162383641,2.7057581899030048,4.058637284854507,28.0,automatic
315.0,272.0,2.0342144725641096,13.0,1.5571460217520925,1.3804551945995058e-09,6.691289744509277e-10,7.113262201485782e-10,0.7113262201485782,7.113262201485782,2.0342144725641096,3.0513217088461646,16.0,automatic
504.0,275.0,2.876813695875796,26.0,1.2022380906391712,6.623575576902851e-10,-5.512087453141135e-10,1.2135663030043986e-09,1.2135663030043986,12.135663030043986,2.876813695875796,4.315220543813694,36.0,automatic
239.0,274.0,2.876813695875796,26.0,1.2384256479434992,1.7801684570883936e-09,3.109767582332168e-10,1.4691916988551768e-09,1.4691916988551768,14.691916988551768,2.876813695875796,4.315220543813694,36.0,automatic
257.0,274.0,1.9544100476116797,12.0,1.5079644737231006,1.479236289014807e-09,7.893233566758084e-10,6.899129323389985e-10,0.6899129323389985,6.899129323389985,1.9544100476116797,2.9544100476116797,16.0,automatic
152.0,277.0,2.876813695875796,26.0,1.2022380906391712,1.359988455185146e-09,-3.6698734329210225e-10,1.7269757984772482e-09,1.7269757984772482,17.269757984772482,2.876813695875796,4.315220543813694,36.0,automatic
38.0,277.0,1.692568750643269,9.0,1.7671458676442586,1.101716828877386e-09,3.42910838613264e-10,7.58805990264122e-10,0.758805990264122,7.58805990264122,1.692568750643269,2.692568750643269,12.0,automatic
210.0,278.0,2.4592453796829674,19.0,1.2801537005750372,8.514233762468848e-10,-6.93450408206786e-10,1.5448737844536709e-09,1.5448737844536709,15.448737844536709,2.4592453796829674,3.6888680695244513,24.0,automatic
290.0,279.0,2.111004122822376,14.0,1.500400304239239,2.1770281133370872e-09,7.693323478275005e-10,1.4076957655095867e-09,1.4076957655095867,14.076957655095867,2.111004122822376,3.1665061842335644,24.0,automatic
452.0,283.0,2.393653682408596,18.0,1.3239153988972323,9.96094651206647e-10,-1.8942655777287598e-10,1.185521208979523e-09,1.185521208979523,11.85521208979523,2.393653682408596,3.590480523612894,16.0,automatic
14.0,283.0,1.381976597885342,6.0,1.9347481372744961,7.340671959177314e-10,7.586228867317857e-11,6.582049072445528e-10,0.6582049072445528,6.582049072445528,1.381976597885342,2.381976597885342,16.0,automatic
290.0,285.0,2.985410660720923,28.0,1.0982123966043789,2.192948489465607e-09,5.982505324464427e-10,1.5946979570191644e-09,1.5946979570191644,15.946979570191644,2.985410660720923,4.478115991081385,44.0,automatic
48.0,285.0,3.0382538898732494,29.0,1.2505080359301415,2.2435373558948868e-09,2.542195065569075e-10,1.9893178493379793e-09,1.9893178493379793,19.893178493379793,3.0382538898732494,4.557380834809874,40.0,automatic
251.0,285.0,2.7057581899030048,23.0,1.27247615308253,2.647975172465067e-09,6.974228694556217e-10,1.950552303009445e-09,1.9505523030094452,19.50552303009445,2.7057581899030048,4.058637284854507,28.0,automatic
376.0,286.0,2.393653682408596,18.0,1.3239153988972328,1.5476226966626427e-09,6.70919042544682e-10,8.767036541179607e-10,0.8767036541179607,8.767036541179607,2.393653682408596,3.590480523612894,16.0,automatic
262.0,287.0,2.256758334191025,16.0,1.3414659073803088,1.9380936855384334e-09,7.412040148313537e-10,1.1968896707070797e-09,1.1968896707070797,11.968896707070797,2.256758334191025,3.385137501286538,16.0,automatic
349.0,287.0,3.2410224072142872,33.0,1.2135891156557967,2.7591124940329337e-09,5.655145240979209e-10,2.1935979699350128e-09,2.1935979699350128,21.935979699350128,3.2410224072142872,4.86153361082143,32.0,automatic
82.0,287.0,2.0342144725641096,13.0,1.5571460217520925,1.3193858228177646e-09,4.938066344717384e-10,8.255791883460262e-10,0.8255791883460262,8.255791883460262,2.0342144725641096,3.0513217088461646,16.0,automatic
76.0,288.0,2.1850968611841584,15.0,1.446802115179039,1.588135067898122e-09,3.842924728436614e-10,1.2038425950544607e-09,1.2038425950544607,12.038425950544607,2.1850968611841584,3.2776452917762375,24.0,automatic
315.0,289.0,1.4927053303604616,7.0,1.8865422955842652,1.0185592369538199e-09,2.8126551088192286e-10,7.37293726071897e-10,0.737293726071897,7.37293726071897,1.4927053303604616,2.4927053303604616,12.0,automatic
132.0,291.0,2.5231325220201604,20.0,1.347530211131618,1.387344128467305e-09,2.0142689599600416e-10,1.1859172324713008e-09,1.1859172324713008,11.859172324713008,2.5231325220201604,3.7846987830302403,24.0,automatic
421.0,291.0,2.393653682408596,18.0,1.3239153988972323,1.5537350295247165e-09,5.124909940867894e-10,1.041244035437927e-09,1.041244035437927,10.412440354379271,2.393653682408596,3.590480523612894,16.0,automatic
357.0,293.0,2.393653682408596,18.0,1.3744708899359803,1.57559776337024e-09,4.845236156736377e-10,1.0910741476966024e-09,1.0910741476966024,10.910741476966024,2.393653682408596,3.590480523612894,16.0,automatic
494.0,293.0,2.4592453796829674,19.0,1.2801537005750367,7.450445815848639e-10,-5.87193654810747e-10,1.332238236395611e-09,1.332238236395611,13.322382363956109,2.4592453796829674,3.6888680695244513,24.0,automatic
22.0,295.0,2.7057581899030048,23.0,1.27247615308253,1.798174942280184e-09,8.903059192655327e-11,1.7091443503536308e-09,1.7091443503536308,17.091443503536308,2.7057581899030048,4.058637284854507,28.0,automatic
409.0,297.0,2.9316150714175193,27.0,1.1642661024177179,2.309259450328227e-09,6.037458311070054e-10,1.7055136192212217e-09,1.7055136192212217,17.055136192212217,2.9316150714175193,4.397422607126279,36.0,automatic
193.0,298.0,3.0382538898732494,29.0,1.2505080359301415,1.2380961811331304e-09,-9.626821007024944e-10,2.2007782818356247e-09,2.2007782818356247,22.007782818356247,3.0382538898732494,4.557380834809874,40.0,automatic
171.0,300.0,2.876813695875796,26.0,1.2022380906391716,1.1865486371220868e-09,-6.841521238420967e-10,1.8707007609641835e-09,1.8707007609641835,18.707007609641835,2.876813695875796,4.315220543813694,36.0,automatic
381.0,300.0,2.1850968611841584,15.0,1.446802115179039,1.8373104149205233e-09,8.169777077071672e-10,1.0203327072133561e-09,1.0203327072133561,10.203327072133561,2.1850968611841584,3.2776452917762375,24.0,automatic
494.0,301.0,2.393653682408596,18.0,1.3239153988972323,4.572693335092026e-10,-5.71062586107729e-10,1.0283319196169316e-09,1.0283319196169316,10.283319196169316,2.393653682408596,3.590480523612894,16.0,automatic
156.0,302.0,2.7057581899030048,23.0,1.27247615308253,1.1646629216599536e-09,-2.7597199525608573e-10,1.4406349169160393e-09,1.4406349169160393,14.406349169160393,2.7057581899030048,4.058637284854507,28.0,automatic
327.0,302.0,3.141274657157109,31.0,1.140038260161506,2.6249031837011216e-09,7.702427862188443e-10,1.8546603974822773e-09,1.8546603974822773,18.546603974822773,3.141274657157109,4.7119119857356635,40.0,automatic
111.0,304.0,2.985410660720923,28.0,1.2947179437652612,1.9869346168377433e-09,2.1519112186618727e-10,1.771743494971556e-09,1.771743494971556,17.71743494971556,2.985410660720923,4.478115991081385,44.0,automatic
52.0,304.0,2.5231325220201604,20.0,1.347530211131618,1.5144606679839967e-09,2.572804885803137e-10,1.257180179403683e-09,1.257180179403683,12.57180179403683,2.5231325220201604,3.7846987830302403,24.0,automatic
78.0,304.0,2.4592453796829674,19.0,1.3974662543915228,1.4164438510988475e-09,2.585539282673466e-10,1.157889922831501e-09,1.157889922831501,11.57889922831501,2.4592453796829674,3.6888680695244513,24.0,automatic
233.0,306.0,2.5231325220201604,20.0,1.347530211131618,1.1928582566156365e-09,-5.70534147703583e-10,1.7633924043192195e-09,1.7633924043192195,17.633924043192195,2.5231325220201604,3.7846987830302403,24.0,automatic
479.0,307.0,2.7057581899030048,23.0,1.27247615308253,6.262863005979113e-10,-4.237194622946916e-10,1.050005762892603e-09,1.050005762892603,10.50005762892603,2.7057581899030048,4.058637284854507,28.0,automatic
98.0,310.0,2.5854414729132054,21.0,1.414906721688199,1.5541785636230543e-09,2.376065871834143e-10,1.31657197643964e-09,1.31657197643964,13.1657197643964,2.5854414729132054,3.8781622093698083,24.0,automatic
218.0,310.0,2.985410660720923,28.0,1.2073870691739297,1.4530406877710789e-09,-7.049445471807303e-10,2.157985234951809e-09,2.157985234951809,21.57985234951809,2.985410660720923,4.478115991081385,44.0,automatic
256.0,310.0,2.393653682408596,18.0,1.3239153988972323,2.0703889713757917e-09,9.302514036857445e-10,1.1401375676900471e-09,1.1401375676900471,11.401375676900471,2.393653682408596,3.590480523612894,16.0,automatic
421.0,311.0,2.4592453796829674,19.0,1.3268842295691072,2.2738733118643495e-09,4.699495792515052e-10,1.8039237326128443e-09,1.8039237326128443,18.039237326128443,2.4592453796829674,3.6888680695244513,24.0,automatic
455.0,311.0,2.5854414729132054,21.0,1.414906721688199,1.0447911424904532e-09,-2.2290896906085322e-10,1.2677001115513065e-09,1.2677001115513065,12.677001115513065,2.5854414729132054,3.8781622093698083,24.0,automatic
20.0,312.0,2.256758334191025,16.0,1.4796776500174416,1.1439120761735921e-09,-3.042795269220244e-11,1.1743400288657946e-09,1.1743400288657946,11.743400288657945,2.256758334191025,3.385137501286538,16.0,automatic
272.0,316.0,2.326213245840639,17.0,1.4253075265915784,2.301250745517791e-09,8.031769693772617e-10,1.4980737761405294e-09,1.4980737761405294,14.980737761405294,2.326213245840639,3.4893198687609583,16.0,automatic
11.0,317.0,2.4592453796829674,19.0,1.2801537005750372,1.4337924181262451e-09,-2.6888612170150594e-10,1.702678539827751e-09,1.702678539827751,17.02678539827751,2.4592453796829674,3.6888680695244513,24.0,automatic
85.0,317.0,2.5854414729132054,21.0,1.414906721688199,1.908829538876944e-09,3.26686469542814e-10,1.5821430693341298e-09,1.5821430693341298,15.821430693341298,2.5854414729132054,3.8781622093698083,24.0,automatic
140.0,317.0,2.326213245840639,17.0,1.4253075265915784,1.3314294111665959e-09,1.261803439511766e-10,1.2052490672154192e-09,1.2052490672154192,12.052490672154192,2.326213245840639,3.4893198687609583,16.0,automatic
3.0,319.0,2.0342144725641096,13.0,1.5571460217520925,1.6360889310007565e-09,-9.625316169104003e-11,1.7323420926917965e-09,1.7323420926917965,17.323420926917965,2.0342144725641096,3.0513217088461646,16.0,automatic
68.0,320.0,2.7057581899030048,23.0,1.314460457011912,2.1734554156438435e-09,2.529593409739128e-10,1.9204960746699307e-09,1.9204960746699307,19.204960746699307,2.7057581899030048,4.058637284854507,28.0,automatic
176.0,319.0,2.5854414729132054,21.0,1.3009126076835016,1.0945186978972288e-09,-6.11156014684866e-10,1.7056747125820948e-09,1.7056747125820948,17.056747125820948,2.5854414729132054,3.8781622093698083,24.0,automatic
199.0,319.0,2.0342144725641096,13.0,1.5571460217520925,2.033122836753165e-10,-6.779949102142524e-10,8.813071938895689e-10,0.8813071938895689,8.813071938895689,2.0342144725641096,3.0513217088461646,16.0,automatic
389.0,320.0,2.326213245840639,17.0,1.2981113960506478,1.898408763523207e-09,6.938008778600846e-10,1.2046078856631226e-09,1.2046078856631226,12.046078856631226,2.326213245840639,3.4893198687609583,16.0,automatic
424.0,320.0,2.8209479177387813,25.0,1.1559981640761265,2.2467812055282366e-09,4.787829299690571e-10,1.7679982755591794e-09,1.7679982755591794,17.679982755591794,2.8209479177387813,4.231421876608172,36.0,automatic
57.0,321.0,2.1850968611841584,15.0,1.387197796891351,1.2314262942680898e-09,2.328952794505845e-10,9.985310148175053e-10,0.9985310148175053,9.985310148175053,2.1850968611841584,3.2776452917762375,24.0,automatic
302.0,322.0,2.763953195770684,24.0,1.230303014972666,2.557688949522685e-09,6.935256813278556e-10,1.8641632681948295e-09,1.8641632681948295,18.641632681948295,2.763953195770684,4.145929793656026,36.0,automatic
34.0,323.0,1.8712051592547776,11.0,1.4822832322447796,1.1436631641714712e-09,3.3774782970397155e-10,8.059153344674996e-10,0.8059153344674996,8.059153344674996,1.8712051592547776,2.8712051592547776,16.0,automatic
475.0,324.0,2.763953195770684,24.0,1.230303014972666,9.348227747452142e-10,-3.381192964502233e-10,1.2729420711954376e-09,1.2729420711954376,12.729420711954376,2.763953195770684,4.145929793656026,36.0,automatic
123.0,325.0,2.8209479177387813,25.0,1.2815656405965272,1.915461123047635e-09,1.577178665446155e-10,1.7577432565030193e-09,1.7577432565030193,17.577432565030193,2.8209479177387813,4.231421876608172,36.0,automatic
135.0,325.0,1.8712051592547776,11.0,1.4822832322447796,1.0274915362984416e-09,1.7062277979373874e-10,8.568687565047028e-10,0.8568687565047028,8.568687565047028,1.8712051592547776,2.8712051592547776,16.0,automatic
284.0,325.0,2.5854414729132054,21.0,1.3009126076835016,2.1041481890193836e-09,7.364411580557118e-10,1.3677070309636719e-09,1.3677070309636719,13.677070309636719,2.5854414729132054,3.8781622093698083,24.0,automatic
504.0,324.0,2.111004122822376,14.0,1.500400304239239,1.9840085130340412e-10,-9.802519351786998e-10,1.178652786482104e-09,1.178652786482104,11.78652786482104,2.111004122822376,3.1665061842335644,24.0,automatic
238.0,326.0,1.7841241161527712,10.0,1.612290114395414,2.1374978176336157e-10,-7.200174345634025e-10,9.33767216326764e-10,0.9337672163267641,9.33767216326764,1.7841241161527712,2.7841241161527712,12.0,automatic
353.0,327.0,2.763953195770684,24.0,1.269341157978135,2.1298487418164314e-09,4.4283370026487745e-10,1.687015041551554e-09,1.687015041551554,16.87015041551554,2.763953195770684,4.145929793656026,36.0,automatic
494.0,327.0,2.5854414729132054,21.0,1.414906721688199,6.950970354857589e-10,-7.47843009740734e-10,1.4429400452264929e-09,1.4429400452264929,14.429400452264929,2.5854414729132054,3.8781622093698083,24.0,automatic
443.0,328.0,1.5957691216057308,8.0,1.714743204844845,8.607231039015062e-10,6.633657859134168e-11,7.943865253101645e-10,0.7943865253101645,7.943865253101645,1.5957691216057308,2.5957691216057306,12.0,automatic
16.0,329.0,1.692568750643269,9.0,1.6646373562696222,8.903850989838702e-10,-1.2296657615762374e-11,9.026817565996326e-10,0.9026817565996326,9.026817565996325,1.692568750643269,2.692568750643269,12.0,automatic
161.0,330.0,2.9316150714175193,27.0,1.2860574036336336,1.3734037240809016e-09,-2.1575238123849871e-10,1.5891561053194003e-09,1.5891561053194003,15.891561053194003,2.9316150714175193,4.397422607126279,36.0,automatic
261.0,331.0,2.111004122822376,14.0,1.2424554991254615,1.5983554479959139e-09,6.549637499020378e-10,9.433916980938761e-10,0.9433916980938761,9.433916980938761,2.111004122822376,3.1665061842335644,24.0,automatic
228.0,331.0,2.5854414729132054,21.0,1.414906721688199,6.934395280211447e-10,-8.618348257272146e-10,1.5552743537483593e-09,1.5552743537483593,15.552743537483593,2.5854414729132054,3.8781622093698083,24.0,automatic
363.0,334.0,2.7057581899030048,23.0,1.27247615308253,2.1212711587281774e-09,8.749155289144994e-10,1.246355629813678e-09,1.246355629813678,12.46355629813678,2.7057581899030048,4.058637284854507,28.0,automatic
326.0,336.0,2.876813695875796,26.0,1.1537086777593573,2.26648211310021e-09,6.606609981307798e-10,1.6058211149694301e-09,1.6058211149694301,16.0582111496943,2.876813695875796,4.315220543813694,36.0,automatic
140.0,335.0,2.0342144725641096,13.0,1.5571460217520925,8.8618723470546e-10,1.6659232326965423e-10,7.195949114358058e-10,0.7195949114358058,7.195949114358058,2.0342144725641096,3.0513217088461646,16.0,automatic
200.0,338.0,2.9316150714175193,27.0,1.1642661024177179,1.0272362960250803e-09,-4.446342044550633e-10,1.4718705004801436e-09,1.4718705004801436,14.718705004801436,2.9316150714175193,4.397422607126279,36.0,automatic
346.0,339.0,2.5231325220201604,20.0,1.347530211131618,1.7365960891524423e-09,3.9674767637887243e-10,1.33984841277357e-09,1.33984841277357,13.3984841277357,2.5231325220201604,3.7846987830302403,24.0,automatic
408.0,340.0,3.0382538898732494,29.0,1.2505080359301415,2.894571471401264e-09,6.975485189464337e-10,2.19702295245483e-09,2.19702295245483,21.9702295245483,3.0382538898732494,4.557380834809874,40.0,automatic
499.0,339.0,2.7057581899030048,23.0,1.1790403893488046,4.934505026810143e-10,-7.469052598629844e-10,1.2403557625439987e-09,1.2403557625439987,12.403557625439987,2.7057581899030048,4.058637284854507,28.0,automatic
92.0,343.0,3.0382538898732494,29.0,1.1689103329366752,1.999162169141755e-09,2.797995862779956e-10,1.7193625828637593e-09,1.7193625828637593,17.193625828637593,3.0382538898732494,4.557380834809874,40.0,automatic
234.0,345.0,2.7057581899030048,23.0,1.1433285346948796,8.734206691229929e-10,-7.330699658414375e-10,1.6064906349644303e-09,1.6064906349644303,16.064906349644303,2.7057581899030048,4.058637284854507,28.0,automatic
59.0,349.0,3.2897623212397704,34.0,1.0789583326647454,2.1888950652027006e-09,2.1218742735085172e-10,1.976707637851849e-09,1.9767076378518489,19.76707637851849,3.2897623212397704,4.934643481859656,32.0,automatic
290.0,349.0,2.9316150714175193,27.0,1.2860574036336336,2.558441458688776e-09,1.070821764592722e-09,1.487619694096054e-09,1.487619694096054,14.87619694096054,2.9316150714175193,4.397422607126279,36.0,automatic
383.0,349.0,3.2410224072142872,33.0,1.1117124241835845,2.838103752011989e-09,1.007420702414663e-09,1.8306830495973259e-09,1.8306830495973259,18.30683049597326,3.2410224072142872,4.86153361082143,32.0,automatic
120.0,349.0,2.8209479177387813,25.0,1.242748407277043,1.6138792524600376e-09,6.515334452505961e-11,1.548725907934978e-09,1.548725907934978,15.48725907934978,2.8209479177387813,4.231421876608172,36.0,automatic
272.0,348.0,2.1850968611841584,15.0,1.446802115179039,1.5790023732975556e-09,5.693495119807324e-10,1.0096528613168232e-09,1.0096528613168232,10.096528613168232,2.1850968611841584,3.2776452917762375,24.0,automatic
424.0,350.0,3.141274657157109,31.0,1.249524838656446,2.479902727614558e-09,4.186111041137863e-10,2.0612916235007717e-09,2.0612916235007717,20.612916235007717,3.141274657157109,4.7119119857356635,40.0,automatic
36.0,351.0,1.8712051592547776,11.0,1.5596762428619324,1.02658570533265e-09,3.0719930765865655e-10,7.193863976739934e-10,0.7193863976739934,7.193863976739934,1.8712051592547776,2.8712051592547776,16.0,automatic
89.0,355.0,2.7057581899030048,23.0,1.27247615308253,1.6824021065175998e-09,1.5642017542338849e-10,1.5259819310942113e-09,1.5259819310942113,15.259819310942113,2.7057581899030048,4.058637284854507,28.0,automatic
238.0,357.0,2.763953195770684,24.0,1.3278012032165531,8.34408653282992e-10,-6.441073230334382e-10,1.4785159763164302e-09,1.4785159763164302,14.785159763164302,2.763953195770684,4.145929793656026,36.0,automatic
353.0,356.0,2.4592453796829674,19.0,1.2801537005750367,1.3538253851308468e-09,9.449493965085765e-11,1.2593304454799892e-09,1.2593304454799892,12.593304454799892,2.4592453796829674,3.6888680695244513,24.0,automatic
138.0,360.0,2.985410660720923,28.0,1.2947179437652612,1.7634231852525772e-09,-6.097897534140806e-11,1.8244021605939853e-09,1.8244021605939853,18.244021605939853,2.985410660720923,4.478115991081385,44.0,automatic
217.0,357.0,2.0342144725641096,13.0,1.5571460217520925,2.0430207525734545e-10,-4.833360101041961e-10,6.876380853615416e-10,0.6876380853615416,6.876380853615416,2.0342144725641096,3.0513217088461646,16.0,automatic
336.0,358.0,2.256758334191025,16.0,1.4796776500174416,1.6977153016739521e-09,6.003927632836081e-10,1.097322538390344e-09,1.097322538390344,10.97322538390344,2.256758334191025,3.385137501286538,16.0,automatic
170.0,359.0,2.763953195770684,24.0,1.230303014972666,1.0312748432994567e-09,-2.1567238966957447e-10,1.2469472329690312e-09,1.2469472329690312,12.469472329690312,2.763953195770684,4.145929793656026,36.0,automatic
8.0,360.0,2.4592453796829674,19.0,1.3974662543915228,1.2642509261695523e-09,6.216152072247016e-11,1.202089405447082e-09,1.202089405447082,12.020894054470821,2.4592453796829674,3.6888680695244513,24.0,automatic
22.0,360.0,2.763953195770684,24.0,1.3278012032165531,1.958244011390775e-09,6.326515700205704e-11,1.894978854388718e-09,1.894978854388718,18.94978854388718,2.763953195770684,4.145929793656026,36.0,automatic
269.0,361.0,2.4592453796829674,19.0,1.3974662543915228,1.435724206189093e-09,1.749115158267145e-10,1.2608126903623784e-09,1.2608126903623784,12.608126903623784,2.4592453796829674,3.6888680695244513,24.0,automatic
467.0,359.0,2.5854414729132054,21.0,1.2576948637228438,1.0291276719698317e-09,-3.821444410911923e-10,1.411272113061024e-09,1.411272113061024,14.11272113061024,2.5854414729132054,3.8781622093698083,24.0,automatic
299.0,361.0,2.8209479177387813,25.0,1.1559981640761265,2.5018165317192143e-09,1.119478620914549e-09,1.3823379108046652e-09,1.3823379108046652,13.823379108046652,2.8209479177387813,4.231421876608172,36.0,automatic
202.0,361.0,2.7057581899030048,23.0,1.27247615308253,9.37801392097981e-10,-3.622031424788119e-10,1.300004534576793e-09,1.300004534576793,13.00004534576793,2.7057581899030048,4.058637284854507,28.0,automatic
483.0,365.0,3.0382538898732494,29.0,1.2505080359301415,1.3791878750168962e-09,-4.953176480082533e-10,1.8745055230251495e-09,1.8745055230251495,18.745055230251495,3.0382538898732494,4.557380834809874,40.0,automatic
40.0,365.0,2.8209479177387813,25.0,1.2815656405965272,1.8943209223465374e-09,5.294136483369183e-11,1.8413795575128455e-09,1.8413795575128455,18.413795575128454,2.8209479177387813,4.231421876608172,36.0,automatic
320.0,366.0,2.111004122822376,14.0,1.4353535174681107,1.569355534414285e-09,6.202041380465317e-10,9.491513963677534e-10,0.9491513963677534,9.491513963677534,2.111004122822376,3.1665061842335644,24.0,automatic
105.0,367.0,2.0342144725641096,13.0,1.5571460217520925,1.1285158363349979e-09,2.0719816834491311e-10,9.213176679900847e-10,0.9213176679900847,9.213176679900847,2.0342144725641096,3.0513217088461646,16.0,automatic
244.0,368.0,2.763953195770684,24.0,1.1930384709859614,1.008456207429731e-09,-4.737407965915708e-10,1.4821970040213017e-09,1.4821970040213017,14.821970040213017,2.763953195770684,4.145929793656026,36.0,automatic
286.0,367.0,2.111004122822376,14.0,1.500400304239239,1.881832245587134e-09,1.0019448049014557e-09,8.798874406856783e-10,0.8798874406856783,8.798874406856783,2.111004122822376,3.1665061842335644,24.0,automatic
433.0,371.0,3.2897623212397704,34.0,1.2503645434029416,2.412094746162552e-09,4.367831235585484e-10,1.9753116226040035e-09,1.9753116226040035,19.753116226040035,3.2897623212397704,4.934643481859656,32.0,automatic
60.0,371.0,2.111004122822376,14.0,1.500400304239239,9.715861448711394e-10,-1.3958940557265431e-11,9.855450854284048e-10,0.9855450854284048,9.855450854284047,2.111004122822376,3.1665061842335644,24.0,automatic
340.0,370.0,2.111004122822376,14.0,1.2947179437652614,1.313222863785768e-09,4.77487410721622e-10,8.357354530641459e-10,0.8357354530641459,8.357354530641459,2.111004122822376,3.1665061842335644,24.0,automatic
388.0,372.0,2.0342144725641096,13.0,1.5571460217520925,1.4237364620584003e-09,7.226620135636352e-10,7.010744484947651e-10,0.7010744484947651,7.010744484947651,2.0342144725641096,3.0513217088461646,16.0,automatic
190.0,374.0,2.5854414729132054,21.0,1.2576948637228433,1.0200151834283133e-09,-2.0756181495773518e-10,1.2275769983860485e-09,1.2275769983860485,12.275769983860485,2.5854414729132054,3.8781622093698083,24.0,automatic
132.0,374.0,2.0342144725641096,13.0,1.5571460217520925,7.670264978720809e-10,3.752206878537834e-11,7.295044290867025e-10,0.7295044290867025,7.295044290867025,2.0342144725641096,3.0513217088461646,16.0,automatic
280.0,374.0,1.8712051592547776,11.0,1.5596762428619324,1.72256420238881e-09,8.834277753777542e-10,8.391364270110557e-10,0.8391364270110557,8.391364270110557,1.8712051592547776,2.8712051592547776,16.0,automatic
152.0,376.0,2.5854414729132054,21.0,1.3009126076835016,1.0918818071914416e-09,-2.6949582843105446e-10,1.361377635622496e-09,1.361377635622496,13.61377635622496,2.5854414729132054,3.8781622093698083,24.0,automatic
410.0,376.0,2.5854414729132054,21.0,1.3009126076835016,1.7414713004981763e-09,5.772421984850951e-10,1.1642291020130813e-09,1.1642291020130813,11.642291020130813,2.5854414729132054,3.8781622093698083,24.0,automatic
493.0,376.0,2.5854414729132054,21.0,1.414906721688199,2.878184912624704e-10,-6.804377616909107e-10,9.682562529533811e-10,0.9682562529533811,9.682562529533811,2.5854414729132054,3.8781622093698083,24.0,automatic
96.0,379.0,2.6462837142006137,22.0,1.3628608270970017,1.7413757102957561e-09,-1.1899752044202197e-11,1.7532754623399583e-09,1.7532754623399582,17.532754623399583,2.6462837142006137,3.9694255713009206,24.0,automatic
169.0,379.0,2.7057581899030048,23.0,1.314460457011912,1.7286453379838917e-09,-1.0103849701348366e-10,1.8296838349973754e-09,1.8296838349973754,18.296838349973754,2.7057581899030048,4.058637284854507,28.0,automatic
245.0,380.0,2.5231325220201604,20.0,1.3008937295939076,8.40127856172046e-10,-3.894269906545844e-10,1.2295548468266304e-09,1.2295548468266304,12.295548468266304,2.5231325220201604,3.7846987830302403,24.0,automatic
321.0,381.0,2.985410660720923,28.0,1.2073870691739297,2.2875190630600173e-09,8.62382582011989e-10,1.4251364810480283e-09,1.4251364810480283,14.251364810480283,2.985410660720923,4.478115991081385,44.0,automatic
257.0,383.0,2.763953195770684,24.0,1.3278012032165531,1.8077318530984599e-09,4.6530872210848173e-10,1.3424231309899781e-09,1.3424231309899781,13.424231309899781,2.763953195770684,4.145929793656026,36.0,automatic
222.0,384.0,2.5854414729132054,21.0,1.2576948637228433,1.1244937203613858e-09,-4.2995695892500407e-10,1.55445067928639e-09,1.55445067928639,15.5445067928639,2.5854414729132054,3.8781622093698083,24.0,automatic
347.0,383.0,2.0342144725641096,13.0,1.393228853936436,1.0905309988373801e-09,2.260832146494529e-10,8.644477841879272e-10,0.8644477841879272,8.644477841879272,2.0342144725641096,3.0513217088461646,16.0,automatic
510.0,383.0,1.8712051592547776,11.0,1.9524300700542965,4.402667119762782e-10,-8.739496903942268e-10,1.314216402370505e-09,1.314216402370505,13.14216402370505,1.8712051592547776,2.8712051592547776,11.0,automatic
37.0,390.0,2.985410660720923,28.0,1.2073870691739297,1.9981083454467807e-09,6.382817538397312e-11,1.9342801700628076e-09,1.9342801700628076,19.342801700628076,2.985410660720923,4.478115991081385,44.0,automatic
297.0,391.0,2.6462837142006137,22.0,1.3628608270970017,2.4722184299719174e-09,9.761356722925996e-10,1.4960827576793179e-09,1.4960827576793179,14.960827576793179,2.6462837142006137,3.9694255713009206,24.0,automatic
369.0,391.0,2.4592453796829674,19.0,1.3974662543915228,1.7253550810281126e-09,2.7665472690507897e-10,1.4487003541230337e-09,1.4487003541230337,14.487003541230337,2.4592453796829674,3.6888680695244513,24.0,automatic
66.0,393.0,3.0382538898732494,29.0,1.1374342679116787,2.2799480081658885e-09,-1.4575701062780055e-10,2.425705018793689e-09,2.425705018793689,24.25705018793689,3.0382538898732494,4.557380834809874,40.0,automatic
104.0,392.0,1.4927053303604616,7.0,1.8865422955842652,7.894412901165992e-10,-4.46870691492296e-11,8.341283592658288e-10,0.8341283592658288,8.34128359265829,1.4927053303604616,2.4927053303604616,12.0,automatic
389.0,392.0,2.1850968611841584,15.0,1.387197796891351,1.6266394897712644e-09,6.658383566726656e-10,9.608011330985988e-10,0.9608011330985988,9.608011330985988,2.1850968611841584,3.2776452917762375,24.0,automatic
225.0,394.0,1.7841241161527712,10.0,1.5271898777066448,3.5033392853378587e-10,-5.81527742626875e-10,9.318616711606609e-10,0.9318616711606609,9.318616711606609,1.7841241161527712,2.7841241161527712,12.0,automatic
268.0,394.0,2.6462837142006137,22.0,1.3628608270970017,1.876109712029006e-09,2.6439059275240595e-10,1.6117191192766e-09,1.6117191192766,16.117191192766,2.6462837142006137,3.9694255713009206,24.0,automatic
28.0,396.0,2.7057581899030048,23.0,1.27247615308253,1.5007962650415152e-09,1.2196421650401135e-10,1.3788320485375039e-09,1.3788320485375039,13.788320485375039,2.7057581899030048,4.058637284854507,28.0,automatic
420.0,396.0,2.4592453796829674,19.0,1.3974662543915228,1.482790557005842e-09,4.684131832410898e-10,1.0143773737647521e-09,1.0143773737647521,10.143773737647521,2.4592453796829674,3.6888680695244513,24.0,automatic
206.0,398.0,3.0901936161855166,30.0,1.293629002686353,2.2155999257478243e-09,-1.9702442455304947e-10,2.4126243503008737e-09,2.4126243503008737,24.126243503008737,3.0901936161855166,4.635290424278275,40.0,automatic
84.0,398.0,2.763953195770684,24.0,1.3278012032165531,2.063279103126092e-09,9.306823020582833e-11,1.970210872920264e-09,1.9702108729202639,19.70210872920264,2.763953195770684,4.145929793656026,36.0,automatic
117.0,397.0,1.2615662610100802,5.0,1.9634954084936203,9.71990044007498e-10,3.6624762944637013e-10,6.057424145611279e-10,0.6057424145611279,6.057424145611279,1.2615662610100802,2.2615662610100804,16.0,automatic
183.0,400.0,2.9316150714175193,27.0,1.2860574036336336,1.8488426345442122e-09,-2.4658005672029137e-11,1.8735006402162413e-09,1.8735006402162413,18.735006402162412,2.9316150714175193,4.397422607126279,36.0,automatic
484.0,399.0,2.6462837142006137,22.0,1.3175850953286932,6.933240093154325e-10,-6.272712071986319e-10,1.3205952165140644e-09,1.3205952165140644,13.205952165140644,2.6462837142006137,3.9694255713009206,24.0,automatic
451.0,400.0,2.876813695875796,26.0,1.2022380906391716,1.7229108140170979e-09,3.561109220007186e-11,1.687299721817026e-09,1.687299721817026,16.872997218170262,2.876813695875796,4.315220543813694,36.0,automatic
121.0,402.0,3.0382538898732494,29.0,1.2505080359301415,2.1703610020296082e-09,7.338514518284711e-11,2.096975856846761e-09,2.096975856846761,20.96975856846761,3.0382538898732494,4.557380834809874,40.0,automatic
308.0,406.0,2.876813695875796,26.0,1.2022380906391712,2.5079553989115766e-09,8.245739369083793e-10,1.6833814620031973e-09,1.6833814620031973,16.833814620031973,2.876813695875796,4.315220543813694,36.0,automatic
157.0,406.0,2.9316150714175193,27.0,1.2860574036336336,1.8105611454544146e-09,1.7601851226567433e-10,1.6345426331887403e-09,1.6345426331887403,16.345426331887403,2.9316150714175193,4.397422607126279,36.0,automatic
220.0,404.0,1.692568750643269,9.0,1.7671458676442586,5.130325608782016e-10,-3.0268265671651307e-10,8.157152175947147e-10,0.8157152175947147,8.157152175947147,1.692568750643269,2.692568750643269,12.0,automatic
374.0,407.0,2.1850968611841584,15.0,1.446802115179039,1.391081583257403e-09,3.764846767673191e-10,1.014596906490084e-09,1.014596906490084,10.14596906490084,2.1850968611841584,3.2776452917762375,24.0,automatic
340.0,409.0,3.141274657157109,31.0,1.2158780105262772,2.6754627402425513e-09,4.85600032407163e-10,2.1898627078353883e-09,2.1898627078353883,21.898627078353883,3.141274657157109,4.7119119857356635,40.0,automatic
447.0,412.0,2.876813695875796,26.0,1.2384256479434992,2.0940311706851844e-09,1.1962265553111529e-10,1.974408515154069e-09,1.9744085151540691,19.74408515154069,2.876813695875796,4.315220543813694,36.0,automatic
185.0,413.0,2.4592453796829674,19.0,1.3974662543915228,1.293006701708066e-09,2.751007147777651e-11,1.2654966302302895e-09,1.2654966302302895,12.654966302302896,2.4592453796829674,3.6888680695244513,24.0,automatic
401.0,412.0,2.9316150714175193,27.0,1.248478017202216,2.1054868959424766e-09,4.206377607340883e-10,1.6848491352083883e-09,1.6848491352083883,16.848491352083883,2.9316150714175193,4.397422607126279,36.0,automatic
237.0,414.0,2.4592453796829674,19.0,1.2801537005750372,1.1671208444141712e-09,-1.4765361849855552e-10,1.3147744629127267e-09,1.3147744629127267,13.147744629127267,2.4592453796829674,3.6888680695244513,24.0,automatic
424.0,417.0,2.876813695875796,26.0,1.2384256479434992,2.013728739314047e-09,4.548901394452187e-10,1.5588385998688281e-09,1.5588385998688281,15.588385998688281,2.876813695875796,4.315220543813694,36.0,automatic
51.0,415.0,2.326213245840639,17.0,1.2981113960506478,1.3486781691440797e-09,6.80483252211983e-12,1.3418733366219598e-09,1.3418733366219597,13.418733366219598,2.326213245840639,3.4893198687609583,16.0,automatic
155.0,417.0,2.763953195770684,24.0,1.2303030149726657,1.8518876432338516e-09,4.7994377569415825e-11,1.8038932656644358e-09,1.8038932656644358,18.038932656644356,2.763953195770684,4.145929793656026,36.0,automatic
306.0,417.0,2.9316150714175193,27.0,1.2860574036336336,2.6448101486664655e-09,1.0571282182958441e-09,1.5876819303706213e-09,1.5876819303706213,15.876819303706213,2.9316150714175193,4.397422607126279,36.0,automatic
346.0,417.0,2.1850968611841584,15.0,1.331202320491566,1.325272669383537e-09,3.677407545144007e-10,9.575319148691364e-10,0.9575319148691364,9.575319148691364,2.1850968611841584,3.2776452917762375,24.0,automatic
12.0,418.0,2.5854414729132054,21.0,1.414906721688199,1.2067412624716667e-09,-2.7727752038853026e-10,1.484018782860197e-09,1.484018782860197,14.84018782860197,2.5854414729132054,3.8781622093698083,24.0,automatic
31.0,418.0,2.1850968611841584,15.0,1.446802115179039,9.348288809718497e-10,-6.71688954456684e-11,1.001997776417518e-09,1.001997776417518,10.01997776417518,2.1850968611841584,3.2776452917762375,24.0,automatic
110.0,421.0,2.9316150714175193,27.0,1.2860574036336336,1.94205740378095e-09,6.49842211292162e-11,1.877073182651734e-09,1.877073182651734,18.77073182651734,2.9316150714175193,4.397422607126279,36.0,automatic
272.0,422.0,2.985410660720923,28.0,1.2073870691739297,2.0910453368827575e-09,2.57599132996722e-11,2.0652854235830853e-09,2.0652854235830853,20.65285423583085,2.985410660720923,4.478115991081385,44.0,automatic
134.0,423.0,2.985410660720923,28.0,1.2073870691739297,2.1563624219567146e-09,2.170407742418945e-10,1.93932164771482e-09,1.93932164771482,19.3932164771482,2.985410660720923,4.478115991081385,44.0,automatic
44.0,425.0,2.5854414729132054,21.0,1.414906721688199,1.2832350737568277e-09,4.4065466553444566e-11,1.239169607203383e-09,1.239169607203383,12.391696072033831,2.5854414729132054,3.8781622093698083,24.0,automatic
68.0,425.0,1.8712051592547776,11.0,1.5596762428619324,5.13283027192557e-10,-9.981384468948917e-11,6.130968718820462e-10,0.6130968718820462,6.130968718820462,1.8712051592547776,2.8712051592547776,16.0,automatic
84.0,426.0,2.111004122822376,14.0,1.500400304239239,9.618628116214722e-10,2.5740158702408644e-12,9.592887957512314e-10,0.9592887957512314,9.592887957512314,2.111004122822376,3.1665061842335644,24.0,automatic
242.0,426.0,2.9316150714175193,27.0,1.248478017202216,1.8957864167390426e-09,4.942243836403293e-11,1.8463639783750097e-09,1.8463639783750097,18.463639783750097,2.9316150714175193,4.397422607126279,36.0,automatic
386.0,427.0,1.8712051592547776,11.0,1.4822832322447796,1.284833350823078e-09,6.779921624122665e-10,6.068411884108116e-10,0.6068411884108116,6.068411884108116,1.8712051592547776,2.8712051592547776,16.0,automatic
432.0,428.0,2.876813695875796,26.0,1.3328282662203883,2.143969224377429e-09,2.9493912867550875e-10,1.8490300957019201e-09,1.8490300957019201,18.4903009570192,2.876813695875796,4.315220543813694,36.0,automatic
506.0,429.0,2.5231325220201604,20.0,1.347530211131618,4.552538346302981e-10,-7.91863463689424e-10,1.247117298319722e-09,1.247117298319722,12.47117298319722,2.5231325220201604,3.7846987830302403,24.0,automatic
322.0,430.0,2.763953195770684,24.0,1.230303014972666,2.2221220419282872e-09,8.432743670017118e-10,1.3788476749265755e-09,1.3788476749265755,13.788476749265755,2.763953195770684,4.145929793656026,36.0,automatic
461.0,431.0,2.4592453796829674,19.0,1.3974662543915228,1.0841044728593374e-09,-2.346757857485393e-10,1.3187802586078767e-09,1.3187802586078767,13.187802586078767,2.4592453796829674,3.6888680695244513,24.0,automatic
190.0,434.0,3.2410224072142872,33.0,1.111712424183585,2.3809556548570754e-09,5.6714051857587044e-11,2.3242416029994883e-09,2.3242416029994883,23.242416029994885,3.2410224072142872,4.86153361082143,32.0,automatic
37.0,434.0,2.763953195770684,24.0,1.3278012032165531,1.494278145663941e-09,-1.399596064044495e-10,1.6342377520683904e-09,1.6342377520683904,16.342377520683904,2.763953195770684,4.145929793656026,36.0,automatic
476.0,437.0,2.393653682408596,18.0,1.1708043566345165,3.702844419972706e-10,-6.431513932536603e-10,1.013435835250931e-09,1.013435835250931,10.13435835250931,2.393653682408596,3.590480523612894,16.0,automatic
140.0,437.0,2.393653682408596,18.0,1.3744708899359803,1.444486419366342e-09,3.5422637045812166e-10,1.0902600489082204e-09,1.0902600489082204,10.902600489082204,2.393653682408596,3.590480523612894,16.0,automatic
497.0,437.0,2.985410660720923,28.0,1.2073870691739297,1.0189670218707647e-09,-7.613659702698783e-10,1.780332992140643e-09,1.780332992140643,17.80332992140643,2.985410660720923,4.478115991081385,44.0,automatic
59.0,437.0,1.4927053303604616,7.0,1.8865422955842652,5.330649810453281e-10,-1.3420600394886684e-10,6.672709849941949e-10,0.6672709849941949,6.672709849941949,1.4927053303604616,2.4927053303604616,12.0,automatic
262.0,438.0,2.111004122822376,14.0,1.500400304239239,9.816707446930195e-10,1.7854369371850254e-10,8.03127050974517e-10,0.803127050974517,8.03127050974517,2.111004122822376,3.1665061842335644,24.0,automatic
286.0,438.0,2.6462837142006137,22.0,1.3175850953286932,2.3854196395944882e-09,1.140975869340366e-09,1.2444437702541222e-09,1.2444437702541222,12.444437702541222,2.6462837142006137,3.9694255713009206,24.0,automatic
4.0,439.0,2.5854414729132054,21.0,1.414906721688199,1.6308249195517988e-09,6.502603316915767e-11,1.565798886382641e-09,1.565798886382641,15.65798886382641,2.5854414729132054,3.8781622093698083,24.0,automatic
331.0,438.0,2.393653682408596,18.0,1.3744708899359803,1.963444962171934e-09,5.492777899185342e-10,1.4141671722534e-09,1.4141671722534,14.141671722534,2.393653682408596,3.590480523612894,16.0,automatic
219.0,440.0,2.5231325220201604,20.0,1.347530211131618,1.4879422138847076e-09,-6.631691723546496e-11,1.5542591311201726e-09,1.5542591311201726,15.542591311201726,2.5231325220201604,3.7846987830302403,24.0,automatic
389.0,439.0,2.0342144725641096,13.0,1.5571460217520925,1.1412341072158938e-09,5.001502545454173e-10,6.410838526704765e-10,0.6410838526704765,6.410838526704765,2.0342144725641096,3.0513217088461646,16.0,automatic
66.0,442.0,2.1850968611841584,15.0,1.387197796891351,8.755477454158722e-10,-2.2192839926882257e-10,1.0974761446846948e-09,1.0974761446846948,10.974761446846948,2.1850968611841584,3.2776452917762375,24.0,automatic
104.0,442.0,2.326213245840639,17.0,1.4253075265915784,1.6531700453015219e-09,3.3040961633368227e-10,1.3227604289678396e-09,1.3227604289678396,13.227604289678396,2.326213245840639,3.4893198687609583,16.0,automatic
211.0,442.0,1.8712051592547776,11.0,1.5596762428619324,9.361498243265487e-10,2.4888371918940777e-10,6.872661051371409e-10,0.6872661051371409,6.872661051371409,1.8712051592547776,2.8712051592547776,16.0,automatic
400.0,444.0,2.111004122822376,14.0,1.4353535174681107,1.3853864722079834e-09,5.521005874697948e-10,8.332858847381885e-10,0.8332858847381885,8.332858847381885,2.111004122822376,3.1665061842335644,24.0,automatic
150.0,446.0,2.393653682408596,18.0,1.3744708899359803,1.8422348091462482e-09,2.6698339372632773e-10,1.5752514154199204e-09,1.5752514154199204,15.752514154199204,2.393653682408596,3.590480523612894,16.0,automatic
304.0,445.0,1.8712051592547776,11.0,1.5596762428619324,1.776878089110312e-09,1.1713106595756528e-09,6.055674295346591e-10,0.6055674295346591,6.055674295346591,1.8712051592547776,2.8712051592547776,16.0,automatic
112.0,448.0,2.5231325220201604,20.0,1.347530211131618,1.8802430723496855e-09,3.6020493532351594e-10,1.5200381370261695e-09,1.5200381370261695,15.200381370261695,2.5231325220201604,3.7846987830302403,24.0,automatic
373.0,447.0,2.393653682408596,18.0,1.3744708899359803,1.4467705922172058e-09,-4.9834913756416355e-11,1.4966055059736222e-09,1.4966055059736223,14.966055059736222,2.393653682408596,3.590480523612894,16.0,automatic
49.0,449.0,2.393653682408596,18.0,1.3744708899359803,1.464376842008619e-09,2.0347225293537718e-10,1.2609045890732418e-09,1.2609045890732418,12.609045890732418,2.393653682408596,3.590480523612894,16.0,automatic
423.0,449.0,1.7841241161527712,10.0,1.5271898777066448,1.50934909015632e-09,2.760297962423053e-10,1.2333192939140147e-09,1.2333192939140147,12.333192939140147,1.7841241161527712,2.7841241161527712,12.0,automatic
453.0,450.0,2.1850968611841584,15.0,1.3871977968913514,1.1171605862614342e-09,6.123315049455513e-11,1.055927435766879e-09,1.055927435766879,10.55927435766879,2.1850968611841584,3.2776452917762375,24.0,automatic
124.0,453.0,2.876813695875796,26.0,1.2022380906391716,2.518569797160808e-09,4.258938895995712e-10,2.0926759075612367e-09,2.0926759075612367,20.926759075612367,2.876813695875796,4.315220543813694,36.0,automatic
403.0,452.0,1.381976597885342,6.0,1.9347481372744961,1.4167611528392854e-09,4.779306811419914e-10,9.38830471697294e-10,0.938830471697294,9.38830471697294,1.381976597885342,2.381976597885342,16.0,automatic
166.0,454.0,1.9544100476116797,12.0,1.6170362533579417,1.4221449573526002e-09,3.4190363040753624e-10,1.080241326945064e-09,1.080241326945064,10.80241326945064,1.9544100476116797,2.9544100476116797,16.0,automatic
249.0,454.0,2.876813695875796,26.0,1.2924583435681247,2.1204229483373638e-09,-1.0554063525902713e-10,2.225963583596391e-09,2.225963583596391,22.25963583596391,2.876813695875796,4.315220543813694,36.0,automatic
188.0,456.0,2.763953195770684,24.0,1.230303014972666,2.1727384336145406e-09,2.9714619653731233e-10,1.8755922370772282e-09,1.8755922370772282,18.755922370772282,2.763953195770684,4.145929793656026,36.0,automatic
275.0,454.0,1.692568750643269,9.0,1.6646373562696222,9.013175761296566e-10,-5.274509995434329e-11,9.540626760839999e-10,0.9540626760839999,9.540626760839999,1.692568750643269,2.692568750643269,12.0,automatic
32.0,456.0,2.5854414729132054,21.0,1.3009126076835016,1.2863015097508423e-09,-6.028338939145783e-10,1.8891354036654207e-09,1.8891354036654207,18.891354036654207,2.5854414729132054,3.8781622093698083,24.0,automatic
507.0,456.0,2.5854414729132054,21.0,1.3009126076835016,1.0131041561223242e-09,-7.020819203784612e-10,1.7151860765007854e-09,1.7151860765007854,17.151860765007854,2.5854414729132054,3.8781622093698083,24.0,automatic
258.0,456.0,2.326213245840639,17.0,1.250364543402942,1.3848233670898935e-09,1.8520564942781093e-10,1.1996177176620826e-09,1.1996177176620826,11.996177176620826,2.326213245840639,3.4893198687609583,16.0,automatic
312.0,458.0,2.763953195770684,24.0,1.230303014972666,3.10457637375805e-09,8.946193785774881e-10,2.209956995180562e-09,2.209956995180562,22.09956995180562,2.763953195770684,4.145929793656026,36.0,automatic
395.0,458.0,1.9544100476116797,12.0,1.4373655585403928,7.066175977676892e-10,-2.0728693284413624e-11,7.273462910521028e-10,0.7273462910521028,7.273462910521028,1.9544100476116797,2.9544100476116797,16.0,automatic
352.0,460.0,3.141274657157109,31.0,1.0710790804616994,2.2841812885587842e-09,5.96430377308721e-10,1.6877509112500633e-09,1.6877509112500633,16.877509112500633,3.141274657157109,4.7119119857356635,40.0,automatic
174.0,461.0,1.9544100476116797,12.0,1.6170362533579417,1.224358836537931e-09,3.9676371910157826e-10,8.275951174363527e-10,0.8275951174363527,8.275951174363527,1.9544100476116797,2.9544100476116797,16.0,automatic
418.0,462.0,2.393653682408596,18.0,1.3239153988972323,1.6103225419783485e-09,2.891156480888668e-10,1.3212068938894816e-09,1.3212068938894816,13.212068938894816,2.393653682408596,3.590480523612894,16.0,automatic
457.0,464.0,3.0382538898732494,29.0,1.2505080359301415,2.158786704953286e-09,-2.6777897607632717e-11,2.1855646025609188e-09,2.185564602560919,21.85564602560919,3.0382538898732494,4.557380834809874,40.0,automatic
65.0,465.0,2.326213245840639,17.0,1.4253075265915784,1.2199433685466943e-09,-1.909574373626377e-10,1.410900805909332e-09,1.410900805909332,14.10900805909332,2.326213245840639,3.4893198687609583,16.0,automatic
224.0,465.0,2.876813695875796,26.0,1.3328282662203883,2.4207778004381453e-09,2.5765203859329233e-10,2.163125761844853e-09,2.163125761844853,21.63125761844853,2.876813695875796,4.315220543813694,36.0,automatic
78.0,465.0,2.4592453796829674,19.0,1.2801537005750372,1.329622412171716e-09,-1.7496984416887074e-10,1.5045922563405867e-09,1.5045922563405867,15.045922563405867,2.4592453796829674,3.6888680695244513,24.0,automatic
164.0,466.0,2.256758334191025,16.0,1.3962634015954636,1.5499301841970237e-09,4.601295733319688e-10,1.0898006108650549e-09,1.0898006108650549,10.898006108650549,2.256758334191025,3.385137501286538,16.0,automatic
10.0,468.0,2.393653682408596,18.0,1.3239153988972323,1.1686629441953755e-09,-1.2970184648519734e-10,1.2983647906805729e-09,1.2983647906805729,12.983647906805729,2.393653682408596,3.590480523612894,16.0,automatic
391.0,469.0,3.0382538898732494,29.0,1.2505080359301415,1.9483565871780684e-09,-9.913921072968179e-11,2.04749579790775e-09,2.04749579790775,20.4749579790775,3.0382538898732494,4.557380834809874,40.0,automatic
102.0,469.0,1.8712051592547776,11.0,1.5596762428619324,1.1695521218157978e-09,2.982456087652352e-10,8.713065130505626e-10,0.8713065130505626,8.713065130505626,1.8712051592547776,2.8712051592547776,16.0,automatic
291.0,470.0,2.111004122822376,14.0,1.500400304239239,1.2760271728140538e-09,3.6658828750368855e-11,1.239368344063685e-09,1.239368344063685,12.393683440636849,2.111004122822376,3.1665061842335644,24.0,automatic
504.0,470.0,1.8712051592547776,11.0,1.5596762428619324,1.538410648871391e-10,-7.339971130893019e-10,8.87838177976441e-10,0.887838177976441,8.87838177976441,1.8712051592547776,2.8712051592547776,16.0,automatic
87.0,472.0,2.0342144725641096,13.0,1.5571460217520925,1.1728487070428173e-09,-4.402207418041648e-11,1.2168707812232338e-09,1.2168707812232338,12.168707812232338,2.0342144725641096,3.0513217088461646,16.0,automatic
21.0,474.0,1.9544100476116797,12.0,1.4373655585403924,5.539989578196014e-10,-5.427694405035766e-10,1.096768398323178e-09,1.096768398323178,10.96768398323178,1.9544100476116797,2.9544100476116797,16.0,automatic
414.0,475.0,2.0342144725641096,13.0,1.5571460217520925,1.1717723458204432e-09,1.8060330314595419e-10,9.91169042674489e-10,0.991169042674489,9.91169042674489,2.0342144725641096,3.0513217088461646,16.0,automatic
44.0,476.0,2.4592453796829674,19.0,1.3974662543915228,1.087069101401994e-09,-8.033980772315097e-11,1.167408909125145e-09,1.167408909125145,11.67408909125145,2.4592453796829674,3.6888680695244513,24.0,automatic
122.0,476.0,1.9544100476116797,12.0,1.3716109116646036,1.7012800057614186e-09,5.001393466042003e-10,1.2011406591572182e-09,1.2011406591572182,12.011406591572182,1.9544100476116797,2.9544100476116797,16.0,automatic
157.0,479.0,3.0382538898732494,29.0,1.2505080359301415,2.5826851768329107e-09,3.538975501538033e-10,2.2287876266791073e-09,2.2287876266791073,22.287876266791073,3.0382538898732494,4.557380834809874,40.0,automatic
137.0,479.0,2.6462837142006137,22.0,1.217151102948507,2.1053121468384006e-09,5.531118063561991e-10,1.5522003404822016e-09,1.5522003404822016,15.522003404822016,2.6462837142006137,3.9694255713009206,24.0,automatic
273.0,478.0,1.9544100476116797,12.0,1.6170362533579417,1.0728171684348808e-09,1.0005821518555003e-10,9.727589532493308e-10,0.9727589532493308,9.727589532493308,1.9544100476116797,2.9544100476116797,16.0,automatic
233.0,480.0,2.5854414729132054,21.0,1.414906721688199,1.9403363360481762e-09,9.861389135834564e-11,1.8417224446898306e-09,1.8417224446898306,18.417224446898306,2.5854414729132054,3.8781622093698083,24.0,automatic
439.0,480.0,2.985410660720923,28.0,1.2947179437652612,2.675591304068803e-09,1.942460498005616e-10,2.4813452542682413e-09,2.4813452542682413,24.813452542682413,2.985410660720923,4.478115991081385,44.0,automatic
107.0,479.0,1.2615662610100802,5.0,1.9634954084936203,7.948290359216514e-10,9.98535425351943e-11,6.949754933864571e-10,0.6949754933864571,6.949754933864572,1.2615662610100802,2.2615662610100804,16.0,automatic
370.0,480.0,2.256758334191025,16.0,1.4796776500174416,1.3674681387243481e-09,1.7513186040263307e-10,1.192336278321715e-09,1.192336278321715,11.92336278321715,2.256758334191025,3.385137501286538,16.0,automatic
251.0,483.0,2.0342144725641096,13.0,1.5571460217520925,8.368235548950054e-10,-6.093673829421498e-11,8.977602931892203e-10,0.8977602931892203,8.977602931892203,2.0342144725641096,3.0513217088461646,16.0,automatic
471.0,483.0,2.111004122822376,14.0,1.500400304239239,1.0647719372869346e-09,-7.36126480951893e-12,1.0721332020964536e-09,1.0721332020964536,10.721332020964535,2.111004122822376,3.1665061842335644,24.0,automatic
51.0,485.0,2.4592453796829674,19.0,1.3974662543915228,1.3502515772145784e-09,-1.602370042208534e-10,1.5104885814354319e-09,1.5104885814354319,15.104885814354319,2.4592453796829674,3.6888680695244513,24.0,automatic
16.0,486.0,2.256758334191025,16.0,1.2898320915163313,9.19226583739885e-10,-5.252117074583396e-10,1.4444382911982245e-09,1.4444382911982245,14.444382911982245,2.256758334191025,3.385137501286538,16.0,automatic
125.0,486.0,2.256758334191025,16.0,1.2898320915163313,1.6746866116079673e-09,4.040131978966244e-10,1.270673413711343e-09,1.270673413711343,12.706734137113429,2.256758334191025,3.385137501286538,16.0,automatic
384.0,486.0,2.1850968611841584,15.0,1.387197796891351,1.17566167912031e-09,2.4259467351628317e-10,9.330670056040269e-10,0.9330670056040269,9.330670056040269,2.1850968611841584,3.2776452917762375,24.0,automatic
195.0,489.0,2.393653682408596,18.0,1.3239153988972323,1.827535456300211e-09,2.948733340835119e-10,1.5326621222166992e-09,1.5326621222166992,15.326621222166992,2.393653682408596,3.590480523612894,16.0,automatic
94.0,490.0,2.6462837142006137,22.0,1.3628608270970017,1.6391236146162669e-09,-4.391650411383896e-11,1.6830401187301058e-09,1.6830401187301058,16.830401187301057,2.6462837142006137,3.9694255713009206,24.0,automatic
262.0,490.0,2.8209479177387813,25.0,1.2815656405965272,1.4531198466727346e-09,-8.670472673166785e-11,1.5398245734044025e-09,1.5398245734044025,15.398245734044025,2.8209479177387813,4.231421876608172,36.0,automatic
348.0,490.0,2.393653682408596,18.0,1.3744708899359803,1.9701440479025223e-09,4.888293381188902e-10,1.4813147097836321e-09,1.481314709783632,14.813147097836321,2.393653682408596,3.590480523612894,16.0,automatic
479.0,490.0,3.0901936161855166,30.0,1.293629002686353,2.0791532939767876e-09,-1.4720272917267962e-10,2.2263560231494672e-09,2.2263560231494672,22.263560231494672,3.0901936161855166,4.635290424278275,40.0,automatic
64.0,492.0,2.876813695875796,26.0,1.3328282662203883,2.0600825489935914e-09,1.362086745476665e-11,2.046461681538825e-09,2.046461681538825,20.464616815388247,2.876813695875796,4.315220543813694,36.0,automatic
208.0,493.0,3.0382538898732494,29.0,1.215703478563405,2.38248154538212e-09,3.755819960593598e-10,2.0068995493227604e-09,2.0068995493227604,20.068995493227604,3.0382538898732494,4.557380834809874,40.0,automatic
319.0,491.0,2.763953195770684,24.0,1.3278012032165531,2.8307329813515025e-09,9.025812319762849e-10,1.9281517493752176e-09,1.9281517493752176,19.281517493752176,2.763953195770684,4.145929793656026,36.0,automatic
378.0,493.0,2.4592453796829674,19.0,1.2801537005750372,1.5480112747212615e-09,1.9385699989715732e-10,1.3541542748241042e-09,1.3541542748241042,13.541542748241042,2.4592453796829674,3.6888680695244513,24.0,automatic
362.0,494.0,1.7841241161527712,10.0,1.612290114395414,1.4347528720648484e-09,3.804498799331313e-10,1.054302992131717e-09,1.054302992131717,10.54302992131717,1.7841241161527712,2.7841241161527712,12.0,automatic
495.0,494.0,2.256758334191025,16.0,1.4796776500174416,4.603289971427671e-10,-7.440996152574542e-10,1.2044286124002213e-09,1.2044286124002213,12.044286124002213,2.256758334191025,3.385137501286538,16.0,automatic
181.0,497.0,2.7057581899030048,23.0,1.27247615308253,1.8649364275091784e-09,2.9219140995628834e-10,1.57274501755289e-09,1.57274501755289,15.727450175528901,2.7057581899030048,4.058637284854507,28.0,automatic
136.0,501.0,2.7057581899030048,23.0,1.27247615308253,2.310752034162533e-09,5.328957553007996e-10,1.7778562788617336e-09,1.7778562788617336,17.778562788617336,2.7057581899030048,4.058637284854507,28.0,automatic
289.0,501.0,2.9316150714175193,27.0,1.2484780172022165,1.8952237557101625e-09,-7.839902685380373e-11,1.9736227825639663e-09,1.9736227825639663,19.736227825639663,2.9316150714175193,4.397422607126279,36.0,automatic
229.0,501.0,1.8712051592547776,11.0,1.4822832322447796,1.3679626320595162e-09,1.9455882738217412e-10,1.173403804677342e-09,1.173403804677342,11.73403804677342,1.8712051592547776,2.8712051592547776,16.0,automatic
26.0,503.0,2.111004122822376,14.0,1.4353535174681107,1.1939531585625218e-09,-3.4079478128390406e-10,1.5347479398464259e-09,1.5347479398464259,15.347479398464259,2.111004122822376,3.1665061842335644,24.0,automatic
405.0,503.0,2.5854414729132054,21.0,1.414906721688199,1.7586702094618545e-09,-2.1587929360800118e-10,1.9745495030698557e-09,1.9745495030698557,19.745495030698557,2.5854414729132054,3.8781622093698083,24.0,automatic
46.0,503.0,2.5854414729132054,21.0,1.414906721688199,1.279921169050624e-09,-1.710228000884051e-10,1.4509439691390291e-09,1.4509439691390291,14.509439691390291,2.5854414729132054,3.8781622093698083,24.0,automatic
265.0,504.0,2.0342144725641096,13.0,1.332828266220388,6.315665213030286e-10,-1.7322625278648474e-10,8.047927740895133e-10,0.8047927740895133,8.047927740895133,2.0342144725641096,3.0513217088461646,16.0,automatic
11.0,505.0,2.763953195770684,24.0,1.230303014972666,1.5814867193597593e-09,-4.5749815047457787e-10,2.038984869834337e-09,2.038984869834337,20.38984869834337,2.763953195770684,4.145929793656026,36.0,automatic
428.0,506.0,2.7057581899030048,23.0,1.1790403893488048,2.0835928538076587e-09,4.23984444775094e-10,1.6596084090325647e-09,1.6596084090325647,16.596084090325647,2.7057581899030048,4.058637284854507,28.0,automatic
311.0,506.0,1.9544100476116797,12.0,1.6170362533579417,1.4846731621886988e-09,2.87947124477661e-10,1.1967260377110378e-09,1.1967260377110378,11.967260377110378,1.9544100476116797,2.9544100476116797,16.0,automatic
123.0,509.0,2.7057581899030048,23.0,1.27247615308253,2.3081629940691073e-09,4.0710410043054424e-10,1.901058893638563e-09,1.901058893638563,19.01058893638563,2.7057581899030048,4.058637284854507,22.0,automatic
465.0,508.0,2.393653682408596,18.0,1.3744708899359803,1.695715012850485e-09,2.4878332727240604e-10,1.446931685578079e-09,1.446931685578079,14.46931685578079,2.393653682408596,3.590480523612894,16.0,automatic
85.0,510.0,2.1850968611841584,15.0,1.2576242881690396,1.6397474489338038e-09,-9.618137015998673e-12,1.6493655859498024e-09,1.6493655859498024,16.493655859498023,2.1850968611841584,3.2776452917762375,17.0,automatic
331.0,509.0,2.256758334191025,16.0,1.3414659073803088,2.3483754940656354e-09,4.678828435800142e-10,1.880492650485621e-09,1.8804926504856212,18.804926504856212,2.256758334191025,3.385137501286538,13.0,automatic
28.0,0.0,2.5231325220201604,13.0,1.0,2.3638777602030814e-09,8.746116608726595e-10,1.4892660993304219e-09,1.4892660993304219,14.892660993304219,2.5231325220201604,3.7846987830302403,13.0,false_negative
81.0,1.0,2.5231325220201604,18.0,1.0,3.7456321377860036e-10,-2.951767996695054e-10,6.697400134481057e-10,0.6697400134481057,6.697400134481057,2.5231325220201604,3.7846987830302403,15.0,false_negative
78.0,79.0,2.5231325220201604,21.0,1.0,7.260410050946575e-10,4.676997157615492e-11,6.792710335185026e-10,0.6792710335185026,6.792710335185026,2.5231325220201604,3.7846987830302403,24.0,false_negative
90.0,134.0,2.5231325220201604,21.0,1.0,9.605168882487192e-10,1.643904873338542e-10,7.96126400914865e-10,0.796126400914865,7.96126400914865,2.5231325220201604,3.7846987830302403,24.0,false_negative
122.0,377.0,2.5231325220201604,21.0,1.0,5.816342962816634e-10,-3.5488531384408883e-11,6.171228276660723e-10,0.6171228276660723,6.171228276660723,2.5231325220201604,3.7846987830302403,24.0,false_negative
3.0,376.0,2.5231325220201604,21.0,1.0,7.071563334903885e-10,-1.6517291007156487e-12,7.088080625911042e-10,0.7088080625911042,7.088080625911042,2.5231325220201604,3.7846987830302403,24.0,false_negative
5.0,393.0,2.5231325220201604,21.0,1.0,3.0675426088144775e-10,-4.153722921174108e-10,7.221265529988585e-10,0.7221265529988585,7.221265529988585,2.5231325220201604,3.7846987830302403,24.0,false_negative
184.0,353.0,2.5231325220201604,21.0,1.0,7.854086304937002e-12,-4.3146682060513086e-10,4.3932090691006787e-10,0.43932090691006787,4.393209069100679,2.5231325220201604,3.7846987830302403,24.0,false_negative
185.0,337.0,2.5231325220201604,21.0,1.0,7.51878490024005e-11,-6.464080104517933e-10,7.215958594541938e-10,0.7215958594541938,7.215958594541938,2.5231325220201604,3.7846987830302403,24.0,false_negative
184.0,286.0,2.5231325220201604,21.0,1.0,-1.2678970373602994e-10,-8.856740618679027e-10,7.588843581318727e-10,0.7588843581318727,7.588843581318727,2.5231325220201604,3.7846987830302403,24.0,false_negative
145.0,266.0,2.5231325220201604,21.0,1.0,4.290763022662958e-10,-4.0863411265856797e-10,8.377104149248638e-10,0.8377104149248638,8.377104149248638,2.5231325220201604,3.7846987830302403,24.0,false_negative
98.0,291.0,2.5231325220201604,21.0,1.0,9.735998673932045e-10,3.3555706824284215e-10,6.380427991503623e-10,0.6380427991503623,6.380427991503623,2.5231325220201604,3.7846987830302403,24.0,false_negative
110.0,281.0,2.5231325220201604,21.0,1.0,5.193191987551415e-10,1.282686040715575e-10,3.9105059468358405e-10,0.39105059468358405,3.9105059468358405,2.5231325220201604,3.7846987830302403,24.0,false_negative
166.0,213.0,2.5231325220201604,21.0,1.0,1.2517395973909995e-11,-7.210313457406414e-10,7.335487417145514e-10,0.7335487417145514,7.335487417145514,2.5231325220201604,3.7846987830302403,24.0,false_negative
168.0,161.0,2.5231325220201604,21.0,1.0,-1.8511137067633854e-11,-6.991423551205855e-10,6.806312180529517e-10,0.6806312180529517,6.806312180529517,2.5231325220201604,3.7846987830302403,24.0,false_negative
247.0,149.0,2.5231325220201604,21.0,1.0,1.2349541389511387e-09,4.980623691253072e-10,7.368917698258315e-10,0.7368917698258315,7.368917698258315,2.5231325220201604,3.7846987830302403,24.0,false_negative
207.0,223.0,2.5231325220201604,21.0,1.0,2.6598659386145584e-10,-2.566408197068881e-10,5.22627413568344e-10,0.522627413568344,5.22627413568344,2.5231325220201604,3.7846987830302403,24.0,false_negative
284.0,302.0,2.5231325220201604,21.0,1.0,1.1552556689053972e-09,4.279123722028544e-10,7.273432967025428e-10,0.7273432967025428,7.273432967025428,2.5231325220201604,3.7846987830302403,24.0,false_negative
245.0,315.0,2.5231325220201604,21.0,1.0,2.1284898843454414e-10,-4.5358700129227714e-10,6.664359897268213e-10,0.6664359897268213,6.664359897268213,2.5231325220201604,3.7846987830302403,24.0,false_negative
254.0,327.0,2.5231325220201604,21.0,1.0,4.726751767769599e-10,-3.042837370959006e-10,7.769589138728605e-10,0.7769589138728605,7.769589138728605,2.5231325220201604,3.7846987830302403,24.0,false_negative
257.0,345.0,2.5231325220201604,21.0,1.0,1.5328779912060497e-10,-2.281821398497641e-10,3.8146993897036907e-10,0.38146993897036907,3.8146993897036907,2.5231325220201604,3.7846987830302403,24.0,false_negative
361.0,315.0,2.5231325220201604,21.0,1.0,1.3435685897178473e-09,4.731162961402191e-10,8.704522935776282e-10,0.8704522935776282,8.704522935776282,2.5231325220201604,3.7846987830302403,24.0,false_negative
349.0,303.0,2.5231325220201604,21.0,1.0,1.0464072941474e-09,2.4727526970469427e-10,7.991320244427058e-10,0.7991320244427058,7.991320244427058,2.5231325220201604,3.7846987830302403,24.0,false_negative
364.0,304.0,2.5231325220201604,21.0,1.0,9.393393840539943e-10,3.7981957856647597e-10,5.595198054875183e-10,0.5595198054875183,5.595198054875183,2.5231325220201604,3.7846987830302403,24.0,false_negative
341.0,201.0,2.5231325220201604,21.0,1.0,7.93562715539764e-10,2.9382524191490234e-10,4.997374736248617e-10,0.49973747362486165,4.9973747362486165,2.5231325220201604,3.7846987830302403,24.0,false_negative
356.0,176.0,2.5231325220201604,21.0,1.0,7.184309258612132e-10,-1.5209754896522432e-11,7.336406807577356e-10,0.7336406807577356,7.336406807577356,2.5231325220201604,3.7846987830302403,24.0,false_negative
398.0,179.0,2.5231325220201604,21.0,1.0,2.2280323419554549e-10,-5.167779260073502e-10,7.395811602028957e-10,0.7395811602028957,7.395811602028957,2.5231325220201604,3.7846987830302403,24.0,false_negative
419.0,218.0,2.5231325220201604,21.0,1.0,5.122876012286781e-10,3.541788910765842e-11,4.768697121210197e-10,0.4768697121210197,4.768697121210197,2.5231325220201604,3.7846987830302403,24.0,false_negative
436.0,290.0,2.5231325220201604,21.0,1.0,6.304058941530855e-10,-5.320402104991295e-11,6.836099152029984e-10,0.6836099152029984,6.836099152029984,2.5231325220201604,3.7846987830302403,24.0,false_negative
443.0,353.0,2.5231325220201604,21.0,1.0,2.1639502689740908e-10,-2.812392818629661e-10,4.976343087603752e-10,0.4976343087603752,4.976343087603752,2.5231325220201604,3.7846987830302403,24.0,false_negative
450.0,380.0,2.5231325220201604,21.0,1.0,3.0375121862213916e-10,-2.697441298105119e-10,5.73495348432651e-10,0.573495348432651,5.73495348432651,2.5231325220201604,3.7846987830302403,24.0,false_negative
465.0,384.0,2.5231325220201604,21.0,1.0,1.3746160459904289e-11,-3.6746046483404626e-10,3.8120662529395055e-10,0.38120662529395055,3.8120662529395055,2.5231325220201604,3.7846987830302403,24.0,false_negative
471.0,413.0,2.5231325220201604,21.0,1.0,1.228165485978039e-10,-6.104218797098326e-10,7.332384283076365e-10,0.7332384283076365,7.332384283076365,2.5231325220201604,3.7846987830302403,24.0,false_negative
463.0,445.0,2.5231325220201604,21.0,1.0,4.084896032541252e-10,-2.4364169015633763e-10,6.521312934104628e-10,0.6521312934104628,6.521312934104628,2.5231325220201604,3.7846987830302403,24.0,false_negative
473.0,462.0,2.5231325220201604,21.0,1.0,3.8218525566513506e-10,-4.258425972958335e-10,8.080278529609686e-10,0.8080278529609686,8.080278529609686,2.5231325220201604,3.7846987830302403,24.0,false_negative
360.0,427.0,2.5231325220201604,21.0,1.0,6.360033055763381e-10,-3.467872690399165e-13,6.36350092845378e-10,0.636350092845378,6.36350092845378,2.5231325220201604,3.7846987830302403,24.0,false_negative
360.0,414.0,2.5231325220201604,21.0,1.0,6.103842986604491e-10,-7.214107132849645e-12,6.175984057932987e-10,0.6175984057932987,6.175984057932987,2.5231325220201604,3.7846987830302403,24.0,false_negative
379.0,419.0,2.5231325220201604,21.0,1.0,9.655544142006534e-10,1.3892163114315181e-10,8.266327830575015e-10,0.8266327830575015,8.266327830575015,2.5231325220201604,3.7846987830302403,24.0,false_negative
367.0,461.0,2.5231325220201604,21.0,1.0,6.122920503948137e-10,-1.6294164628671837e-10,7.752336966815321e-10,0.7752336966815321,7.752336966815321,2.5231325220201604,3.7846987830302403,24.0,false_negative
354.0,473.0,2.5231325220201604,21.0,1.0,1.1189617010742836e-09,4.363179678668061e-10,6.826437332074775e-10,0.6826437332074775,6.826437332074775,2.5231325220201604,3.7846987830302403,24.0,false_negative
332.0,458.0,2.5231325220201604,21.0,1.0,8.235950255119917e-10,4.4160955448013794e-10,3.8198547103185376e-10,0.38198547103185376,3.8198547103185376,2.5231325220201604,3.7846987830302403,24.0,false_negative
308.0,481.0,2.5231325220201604,21.0,1.0,1.0823156815220614e-09,3.8926220580215443e-10,6.930534757199069e-10,0.6930534757199069,6.930534757199069,2.5231325220201604,3.7846987830302403,24.0,false_negative
298.0,480.0,2.5231325220201604,21.0,1.0,6.890024106809278e-10,-1.0157107793729026e-10,7.905734886182181e-10,0.7905734886182181,7.905734886182181,2.5231325220201604,3.7846987830302403,24.0,false_negative
291.0,509.0,2.5231325220201604,21.0,1.0,7.270189450458986e-10,-1.7985828104638557e-10,9.068772260922842e-10,0.9068772260922842,9.068772260922842,2.5231325220201604,3.7846987830302403,19.0,false_negative
248.0,491.0,2.5231325220201604,21.0,1.0,5.822195503490946e-10,-3.1342153872238043e-10,8.95641089071475e-10,0.895641089071475,8.95641089071475,2.5231325220201604,3.7846987830302403,24.0,false_negative
205.0,456.0,2.5231325220201604,21.0,1.0,1.1580276737532813e-09,1.1871078425818027e-10,1.039316889495101e-09,1.039316889495101,10.39316889495101,2.5231325220201604,3.7846987830302403,24.0,false_negative
216.0,418.0,2.5231325220201604,21.0,1.0,1.9078830182372997e-10,-3.065118991951721e-10,4.97300201018902e-10,0.49730020101890204,4.97300201018902,2.5231325220201604,3.7846987830302403,24.0,false_negative
467.0,299.0,2.5231325220201604,21.0,1.0,2.5618837606877776e-10,-4.70233380012175e-10,7.264217560809527e-10,0.7264217560809527,7.264217560809527,2.5231325220201604,3.7846987830302403,24.0,false_negative
472.0,280.0,2.5231325220201604,21.0,1.0,2.0627656527327787e-10,-4.2028351632250605e-10,6.265600815957839e-10,0.6265600815957839,6.265600815957839,2.5231325220201604,3.7846987830302403,24.0,false_negative
493.0,280.0,2.5231325220201604,21.0,1.0,-1.624083784124153e-10,-8.133906048701789e-10,6.509822264577636e-10,0.6509822264577636,6.509822264577636,2.5231325220201604,3.7846987830302403,24.0,false_negative
511.0,247.0,2.5231325220201604,13.0,1.0,9.024718194972081e-10,-2.123850539881289e-10,1.114856873485337e-09,1.114856873485337,11.14856873485337,2.5231325220201604,3.7846987830302403,13.0,false_negative
496.0,244.0,2.5231325220201604,21.0,1.0,4.412468446179929e-10,-2.7800256541254953e-10,7.192494100305424e-10,0.7192494100305424,7.192494100305424,2.5231325220201604,3.7846987830302403,24.0,false_negative
506.0,175.0,2.5231325220201604,21.0,1.0,8.553633912278258e-10,1.473550517716582e-10,7.080083394561676e-10,0.7080083394561676,7.080083394561676,2.5231325220201604,3.7846987830302403,24.0,false_negative
425.0,136.0,2.5231325220201604,21.0,1.0,1.104741076396465e-09,4.2634591690404733e-10,6.783951594924176e-10,0.6783951594924176,6.783951594924176,2.5231325220201604,3.7846987830302403,24.0,false_negative
362.0,133.0,2.5231325220201604,21.0,1.0,2.7484450826342766e-10,-2.4998918213281485e-10,5.248336903962425e-10,0.5248336903962425,5.248336903962425,2.5231325220201604,3.7846987830302403,24.0,false_negative
367.0,118.0,2.5231325220201604,21.0,1.0,2.606728444209949e-10,-2.1812837647239292e-10,4.788012208933878e-10,0.47880122089338784,4.788012208933878,2.5231325220201604,3.7846987830302403,24.0,false_negative
330.0,106.0,2.5231325220201604,21.0,1.0,5.662347257739953e-10,8.71115853062765e-11,4.791231404677188e-10,0.47912314046771876,4.7912314046771876,2.5231325220201604,3.7846987830302403,24.0,false_negative
335.0,98.0,2.5231325220201604,21.0,1.0,8.037405740957126e-10,-3.8028500487508055e-11,8.417690745832207e-10,0.8417690745832207,8.417690745832207,2.5231325220201604,3.7846987830302403,24.0,false_negative
357.0,50.0,2.5231325220201604,21.0,1.0,1.0300369446269997e-09,2.8731957091299165e-10,7.42717373714008e-10,0.742717373714008,7.42717373714008,2.5231325220201604,3.7846987830302403,24.0,false_negative
288.0,49.0,2.5231325220201604,21.0,1.0,8.361867864792316e-10,1.6283860544696882e-11,8.199029259345347e-10,0.8199029259345347,8.199029259345348,2.5231325220201604,3.7846987830302403,24.0,false_negative
279.0,50.0,2.5231325220201604,21.0,1.0,8.208581037116858e-10,1.3996147990580354e-10,6.808966238058822e-10,0.6808966238058822,6.808966238058822,2.5231325220201604,3.7846987830302403,24.0,false_negative
284.0,36.0,2.5231325220201604,21.0,1.0,7.268462498544181e-10,1.7150476872007658e-10,5.553414811343416e-10,0.5553414811343416,5.553414811343416,2.5231325220201604,3.7846987830302403,24.0,false_negative
249.0,0.0,2.5231325220201604,13.0,1.0,1.0617754453434713e-09,3.9832952908325225e-11,1.0219424924351461e-09,1.0219424924351461,10.219424924351461,2.5231325220201604,3.7846987830302403,13.0,false_negative
350.0,2.0,2.5231325220201604,21.0,1.0,1.021245088494993e-09,3.12684877989966e-10,7.08560210505027e-10,0.708560210505027,7.08560210505027,2.5231325220201604,3.7846987830302403,19.0,false_negative
373.0,0.0,2.5231325220201604,13.0,1.0,1.4606099663083683e-09,2.3718080277568276e-10,1.2234291635326855e-09,1.2234291635326855,12.234291635326855,2.5231325220201604,3.7846987830302403,13.0,false_negative
473.0,86.0,2.5231325220201604,21.0,1.0,1.1407260691598253e-09,3.076052190742473e-10,8.33120850085578e-10,0.833120850085578,8.33120850085578,2.5231325220201604,3.7846987830302403,24.0,false_negative
285.0,261.0,2.5231325220201604,21.0,1.0,1.0097199742986618e-09,4.977759315849539e-10,5.119440427137079e-10,0.5119440427137079,5.119440427137079,2.5231325220201604,3.7846987830302403,24.0,false_negative
319.0,258.0,2.5231325220201604,21.0,1.0,1.2248057013053426e-09,5.171093275802008e-10,7.076963737251418e-10,0.7076963737251418,7.076963737251418,2.5231325220201604,3.7846987830302403,24.0,false_negative
325.0,247.0,2.5231325220201604,21.0,1.0,1.1020829804309074e-09,5.939794212039828e-10,5.081035592269245e-10,0.5081035592269245,5.081035592269245,2.5231325220201604,3.7846987830302403,24.0,false_negative
302.0,223.0,2.5231325220201604,21.0,1.0,9.559045777152164e-10,3.1593076765812356e-10,6.399738100570929e-10,0.6399738100570929,6.399738100570929,2.5231325220201604,3.7846987830302403,24.0,false_negative
105.0,506.0,2.5231325220201604,21.0,1.0,6.752713388458176e-10,1.437459071045033e-11,6.608967481353673e-10,0.6608967481353673,6.608967481353672,2.5231325220201604,3.7846987830302403,24.0,false_negative
90.0,460.0,2.5231325220201604,21.0,1.0,7.258655898567667e-10,1.2256765047347074e-10,6.03297939383296e-10,0.603297939383296,6.03297939383296,2.5231325220201604,3.7846987830302403,24.0,false_negative
90.0,439.0,2.5231325220201604,21.0,1.0,2.3836049800607384e-10,1.794780990493905e-10,5.888239895668335e-11,0.058882398956683346,0.5888239895668335,2.5231325220201604,3.7846987830302403,24.0,false_negative
205.0,83.0,2.5231325220201604,21.0,1.0,2.4666879649970497e-10,-2.8435985510721906e-10,5.31028651606924e-10,0.531028651606924,5.31028651606924,2.5231325220201604,3.7846987830302403,24.0,false_negative
167.0,28.0,2.5231325220201604,21.0,1.0,3.5848707335972563e-10,-3.9149386510395345e-10,7.499809384636791e-10,0.7499809384636791,7.499809384636791,2.5231325220201604,3.7846987830302403,24.0,false_negative
196.0,15.0,2.5231325220201604,21.0,1.0,4.2086120699558194e-10,-8.32835699276363e-12,4.2918956398834557e-10,0.42918956398834557,4.291895639883456,2.5231325220201604,3.7846987830302403,24.0,false_negative
353.0,367.0,2.5231325220201604,21.0,1.0,8.035797027794445e-10,5.279772105626357e-11,7.507819817231809e-10,0.7507819817231809,7.507819817231809,2.5231325220201604,3.7846987830302403,24.0,false_negative
33.0,331.0,2.5231325220201604,21.0,1.0,7.885643249494478e-10,5.837015224462172e-12,7.827273097249857e-10,0.7827273097249856,7.827273097249857,2.5231325220201604,3.7846987830302403,24.0,false_negative
0.0,285.0,2.5231325220201604,13.0,1.0,1.469656063513014e-09,2.1403383232421191e-10,1.2556222311888021e-09,1.2556222311888021,12.556222311888021,2.5231325220201604,3.7846987830302403,13.0,false_negative
47.0,349.0,2.5231325220201604,21.0,1.0,5.87682957853275e-10,-8.98835311735624e-11,6.775664890268374e-10,0.6775664890268374,6.775664890268374,2.5231325220201604,3.7846987830302403,24.0,false_negative
50.0,372.0,2.5231325220201604,21.0,1.0,3.5081468285902417e-10,-1.3661709263868005e-10,4.874317754977042e-10,0.4874317754977042,4.874317754977042,2.5231325220201604,3.7846987830302403,24.0,false_negative
70.0,308.0,2.5231325220201604,21.0,1.0,5.263949276468338e-10,6.498682668387712e-11,4.614081009629567e-10,0.4614081009629567,4.614081009629567,2.5231325220201604,3.7846987830302403,24.0,false_negative
31.0,256.0,2.5231325220201604,21.0,1.0,6.953549958055305e-10,-4.028205460165912e-11,7.356370504071896e-10,0.7356370504071896,7.356370504071896,2.5231325220201604,3.7846987830302403,24.0,false_negative
170.0,414.0,2.5231325220201604,21.0,1.0,2.691941392019004e-10,-9.511300774756037e-11,3.6430714694946076e-10,0.36430714694946076,3.6430714694946076,2.5231325220201604,3.7846987830302403,24.0,false_negative
285.0,450.0,2.5231325220201604,21.0,1.0,8.957152242139443e-10,1.470475512188596e-10,7.486676729950847e-10,0.7486676729950847,7.486676729950847,2.5231325220201604,3.7846987830302403,24.0,false_negative
393.0,272.0,2.5231325220201604,21.0,1.0,1.1460473681168537e-09,5.5050999869799e-10,5.955373694188637e-10,0.5955373694188637,5.955373694188637,2.5231325220201604,3.7846987830302403,24.0,false_negative
486.0,131.0,2.5231325220201604,21.0,1.0,4.2323561322277214e-10,-2.93179994170778e-10,7.164156073935501e-10,0.7164156073935501,7.1641560739355015,2.5231325220201604,3.7846987830302403,24.0,false_negative
477.0,340.0,2.5231325220201604,21.0,1.0,-4.2614797107765057e-11,-6.70751731934871e-10,6.28136934827106e-10,0.628136934827106,6.28136934827106,2.5231325220201604,3.7846987830302403,24.0,false_negative
486.0,351.0,2.5231325220201604,21.0,1.0,-1.3856028824310584e-10,-7.213382668957991e-10,5.827779786526932e-10,0.5827779786526932,5.827779786526932,2.5231325220201604,3.7846987830302403,24.0,false_negative
114.0,87.0,2.5231325220201604,21.0,1.0,3.6336039732631775e-10,-2.0359264274460998e-10,5.669530400709277e-10,0.5669530400709277,5.669530400709277,2.5231325220201604,3.7846987830302403,24.0,false_negative
