cx,cy,r,area,circularity,peak_value_m,local_background_m,local_height_m,local_height_nm,local_height_A,background_inner_radius_px,background_outer_radius_px,background_pixel_count,manual_status
33.0,0.0,2.876813695875796,26.0,0.9016813505999702,-1.390244985799427e-08,-1.5473891501471826e-08,1.5714416434775558e-09,1.5714416434775558,15.714416434775558,2.876813695875796,4.315220543813694,20.0,automatic
190.0,1.0,2.5231325220201604,20.0,1.1756192128925151,-1.3749555272113412e-08,-1.5319020718607135e-08,1.569465446493723e-09,1.569465446493723,15.69465446493723,2.5231325220201604,3.7846987830302403,15.0,automatic
345.0,3.0,3.949327084834294,49.0,0.9179591475632631,-1.4689364391529125e-08,-1.6219567022801584e-08,1.5302026312724593e-09,1.5302026312724593,15.302026312724593,3.949327084834294,5.923990627251441,48.0,automatic
376.0,0.0,2.6462837142006137,22.0,1.1582165719738482,-1.615018874190355e-08,-1.6884140308093265e-08,7.339515661897167e-10,0.7339515661897167,7.339515661897167,2.6462837142006137,3.9694255713009206,13.0,automatic
428.0,3.0,3.0382538898732494,29.0,1.1689103329366752,-1.4278094262465402e-08,-1.5940621267418464e-08,1.6625270049530627e-09,1.6625270049530627,16.625270049530627,3.0382538898732494,4.557380834809874,35.0,automatic
443.0,3.0,3.141274657157109,31.0,1.2158780105262765,-1.397151905280225e-08,-1.5102472161743208e-08,1.1309531089409575e-09,1.1309531089409575,11.309531089409575,3.141274657157109,4.7119119857356635,35.0,automatic
302.0,4.0,2.326213245840639,17.0,1.2503645434029418,-1.526616344449394e-08,-1.6012805303944333e-08,7.466418594503921e-10,0.7466418594503921,7.466418594503921,2.326213245840639,3.4893198687609583,16.0,automatic
289.0,8.0,3.5682482323055424,40.0,0.9730841361922956,-1.4115033586392656e-08,-1.589066922491611e-08,1.775635638523454e-09,1.775635638523454,17.75635638523454,3.5682482323055424,5.352372348458314,52.0,automatic
158.0,10.0,3.477898169151024,38.0,1.137914400511144,-1.5067168845916967e-08,-1.671151483861877e-08,1.6443459927018012e-09,1.6443459927018012,16.44345992701801,3.477898169151024,5.216847253726536,52.0,automatic
411.0,9.0,2.985410660720923,28.0,1.2073870691739297,-1.4130544734314299e-08,-1.5951019172177894e-08,1.820474437863595e-09,1.820474437863595,18.20474437863595,2.985410660720923,4.478115991081385,44.0,automatic
486.0,10.0,3.8678889139475245,47.0,1.0340231824193642,-1.3880304017277467e-08,-1.5572965139654116e-08,1.6926611223766486e-09,1.6926611223766486,16.926611223766486,3.8678889139475245,5.801833370921287,56.0,automatic
323.0,9.0,1.9544100476116797,12.0,1.4373655585403924,-1.5989305879315907e-08,-1.6602949237665143e-08,6.136433583492362e-10,0.6136433583492362,6.136433583492362,1.9544100476116797,2.9544100476116797,16.0,automatic
258.0,12.0,3.431831258788849,37.0,1.1741605384881053,-1.3522916120223272e-08,-1.54394363960364e-08,1.9165202758131272e-09,1.9165202758131272,19.165202758131272,3.431831258788849,5.147746888183273,52.0,automatic
104.0,13.0,2.7057581899030048,23.0,1.314460457011912,-1.4377979695723297e-08,-1.5667576569455832e-08,1.2895968737325347e-09,1.2895968737325347,12.895968737325347,2.7057581899030048,4.058637284854507,28.0,automatic
120.0,14.0,2.5854414729132054,21.0,1.414906721688199,-1.4853505980738646e-08,-1.555307971301545e-08,6.995737322768036e-10,0.6995737322768036,6.995737322768036,2.5854414729132054,3.8781622093698083,24.0,automatic
390.0,15.0,2.8209479177387813,25.0,1.1559981640761265,-1.6039908956599902e-08,-1.687864337185374e-08,8.38734415253839e-10,0.838734415253839,8.38734415253839,2.8209479177387813,4.231421876608172,36.0,automatic
245.0,17.0,3.0382538898732494,29.0,1.1689103329366752,-1.4008355364580893e-08,-1.564684826149687e-08,1.6384928969159773e-09,1.6384928969159773,16.384928969159773,3.0382538898732494,4.557380834809874,40.0,automatic
91.0,18.0,3.431831258788849,37.0,1.2464654452967467,-1.3641138885134296e-08,-1.548880579349543e-08,1.8476669083611341e-09,1.8476669083611341,18.47666908361134,3.431831258788849,5.147746888183273,52.0,automatic
2.0,19.0,2.985410660720923,28.0,1.2073870691739297,-1.3182805069789083e-08,-1.5089056226713637e-08,1.9062511569245544e-09,1.9062511569245544,19.062511569245544,2.985410660720923,4.478115991081385,32.0,automatic
172.0,19.0,3.826519928662906,46.0,0.6649012395702193,-1.5189682400773563e-08,-1.6473014952111953e-08,1.2833325513383897e-09,1.2833325513383897,12.833325513383897,3.826519928662906,5.739779892994359,56.0,automatic
470.0,20.0,2.876813695875796,26.0,1.3328282662203883,-1.3843610702224396e-08,-1.5604989300754823e-08,1.7613785985304276e-09,1.7613785985304276,17.613785985304276,2.876813695875796,4.315220543813694,36.0,automatic
503.0,20.0,2.876813695875796,26.0,1.3328282662203883,-1.4099748923968036e-08,-1.5090257043937072e-08,9.905081199690358e-10,0.9905081199690358,9.905081199690358,2.876813695875796,4.315220543813694,36.0,automatic
133.0,22.0,3.6996385101659595,43.0,1.1267047410195665,-1.2459079101745374e-08,-1.551928807685954e-08,3.0602089751141648e-09,3.060208975114165,30.602089751141648,3.6996385101659595,5.549457765248939,52.0,automatic
356.0,21.0,2.6462837142006137,22.0,1.25731000235922,-1.6259733115475683e-08,-1.7098314764041334e-08,8.385816485656505e-10,0.8385816485656505,8.385816485656505,2.6462837142006137,3.9694255713009206,24.0,automatic
75.0,23.0,3.3377905890622728,35.0,1.1106924012725323,-1.3444216406810483e-08,-1.5744660686323186e-08,2.3004442795127034e-09,2.3004442795127034,23.004442795127034,3.3377905890622728,5.006685883593409,44.0,automatic
148.0,23.0,2.0342144725641096,13.0,1.5571460217520925,-1.5566742561645697e-08,-1.629155654825354e-08,7.248139866078418e-10,0.7248139866078418,7.248139866078418,2.0342144725641096,3.0513217088461646,16.0,automatic
196.0,24.0,3.826519928662906,46.0,0.9917822353928708,-1.380133518580351e-08,-1.600526466916108e-08,2.2039294833575696e-09,2.2039294833575696,22.039294833575696,3.826519928662906,5.739779892994359,56.0,automatic
235.0,30.0,4.259537945889915,57.0,0.5339150143990409,-1.5549094456446255e-08,-1.618874989617325e-08,6.396554397269938e-10,0.6396554397269938,6.396554397269938,4.259537945889915,6.389306918834873,68.0,automatic
338.0,27.0,2.876813695875796,26.0,1.3328282662203883,-1.4242068857583945e-08,-1.5585501778048183e-08,1.3434329204642381e-09,1.3434329204642381,13.434329204642381,2.876813695875796,4.315220543813694,36.0,automatic
363.0,28.0,3.5682482323055424,40.0,1.1978046321169942,-1.4467304687570959e-08,-1.643445646237751e-08,1.9671517748065526e-09,1.9671517748065526,19.671517748065526,3.5682482323055424,5.352372348458314,52.0,automatic
54.0,33.0,3.1915382432114616,32.0,1.1768136879086513,-1.3956788613711524e-08,-1.6099990673978937e-08,2.143202060267413e-09,2.143202060267413,21.43202060267413,3.1915382432114616,4.787307364817193,32.0,automatic
451.0,31.0,3.1915382432114616,32.0,1.1768136879086513,-1.3999946091303173e-08,-1.595138954257891e-08,1.951443451275736e-09,1.9514434512757362,19.51443451275736,3.1915382432114616,4.787307364817193,32.0,automatic
171.0,33.0,2.4592453796829674,19.0,1.3268842295691072,-1.521021530948019e-08,-1.640191271690128e-08,1.1916974074210884e-09,1.1916974074210884,11.916974074210884,2.4592453796829674,3.6888680695244513,24.0,automatic
320.0,32.0,2.7057581899030048,23.0,1.314460457011912,-1.441789976297514e-08,-1.5739987979657144e-08,1.3220882166820047e-09,1.3220882166820047,13.220882166820047,2.7057581899030048,4.058637284854507,28.0,automatic
259.0,35.0,2.5854414729132054,21.0,1.3009126076835016,-1.5306333978060138e-08,-1.6746211528584354e-08,1.4398775505242156e-09,1.4398775505242156,14.398775505242156,2.5854414729132054,3.8781622093698083,24.0,automatic
380.0,35.0,3.431831258788849,37.0,1.2033266998743648,-1.3693618683419118e-08,-1.583270492488964e-08,2.1390862414705225e-09,2.1390862414705225,21.390862414705225,3.431831258788849,5.147746888183273,52.0,automatic
424.0,35.0,2.9316150714175193,27.0,1.248478017202216,-1.605561372741704e-08,-1.7156484233282754e-08,1.1008705058657142e-09,1.1008705058657142,11.008705058657142,2.9316150714175193,4.397422607126279,36.0,automatic
88.0,34.0,2.256758334191025,16.0,1.4796776500174416,-1.5143079679091898e-08,-1.6097269295300976e-08,9.54189616209078e-10,0.9541896162090779,9.54189616209078,2.256758334191025,3.385137501286538,16.0,automatic
304.0,36.0,3.2897623212397704,34.0,1.1454006794618754,-1.3879078331058281e-08,-1.583179010111735e-08,1.952711770059068e-09,1.952711770059068,19.52711770059068,3.2897623212397704,4.934643481859656,32.0,automatic
490.0,37.0,2.7057581899030048,23.0,1.314460457011912,-1.413691030904829e-08,-1.532472282406161e-08,1.18781251501332e-09,1.18781251501332,11.8781251501332,2.7057581899030048,4.058637284854507,28.0,automatic
23.0,39.0,1.9544100476116797,12.0,1.5079644737231006,-1.4671675430122377e-08,-1.5574126877027084e-08,9.024514469047062e-10,0.9024514469047062,9.024514469047062,1.9544100476116797,2.9544100476116797,16.0,automatic
8.0,40.0,3.7846987830302403,45.0,0.8166919205711597,-1.3243156793407707e-08,-1.5488648585915143e-08,2.245491792507437e-09,2.245491792507437,22.45491792507437,3.7846987830302403,5.6770481745453605,56.0,automatic
107.0,40.0,2.4592453796829674,19.0,1.3974662543915228,-1.5167699984885985e-08,-1.6229137145273853e-08,1.061437160387868e-09,1.061437160387868,10.61437160387868,2.4592453796829674,3.6888680695244513,24.0,automatic
337.0,41.0,2.8209479177387813,25.0,1.2815656405965272,-1.369985991317435e-08,-1.5245337436908812e-08,1.545477523734462e-09,1.545477523734462,15.45477523734462,2.8209479177387813,4.231421876608172,36.0,automatic
231.0,44.0,2.5854414729132054,21.0,1.414906721688199,-1.494211687713687e-08,-1.6288517201701325e-08,1.3464003245644562e-09,1.3464003245644562,13.464003245644562,2.5854414729132054,3.8781622093698083,24.0,automatic
244.0,44.0,3.3377905890622728,35.0,1.2092828327793383,-1.3367436046962666e-08,-1.560253881649487e-08,2.2351027695322045e-09,2.2351027695322045,22.351027695322045,3.3377905890622728,5.006685883593409,44.0,automatic
121.0,45.0,2.256758334191025,16.0,1.3414659073803088,-1.4940358283865862e-08,-1.5967018818230372e-08,1.0266605343645097e-09,1.0266605343645097,10.266605343645097,2.256758334191025,3.385137501286538,16.0,automatic
84.0,46.0,3.141274657157109,31.0,1.140038260161506,-1.6358713494923904e-08,-1.768180801775543e-08,1.323094522831525e-09,1.323094522831525,13.23094522831525,3.141274657157109,4.7119119857356635,40.0,automatic
418.0,46.0,2.393653682408596,18.0,1.3239153988972323,-1.558735007733958e-08,-1.6526343848966007e-08,9.389937716264285e-10,0.9389937716264285,9.389937716264285,2.393653682408596,3.590480523612894,16.0,automatic
53.0,48.0,3.5682482323055424,40.0,1.1978046321169942,-1.3320690328555429e-08,-1.5567159117324536e-08,2.246468788769107e-09,2.246468788769107,22.46468788769107,3.5682482323055424,5.352372348458314,52.0,automatic
459.0,48.0,4.259537945889915,57.0,0.8679131967508706,-1.4575265439020768e-08,-1.5772291028781638e-08,1.1970255897608695e-09,1.1970255897608695,11.970255897608695,4.259537945889915,6.389306918834873,68.0,automatic
159.0,48.0,1.4927053303604616,7.0,1.8865422955842652,-1.6282829307101565e-08,-1.7337558944063858e-08,1.0547296369622927e-09,1.0547296369622927,10.547296369622927,1.4927053303604616,2.4927053303604616,12.0,automatic
285.0,49.0,3.6125759969217834,41.0,1.1604344978565644,-1.3730376835496827e-08,-1.5710481804376286e-08,1.980104968879459e-09,1.9801049688794592,19.801049688794592,3.6125759969217834,5.418863995382675,52.0,automatic
211.0,50.0,3.2410224072142872,33.0,1.2135891156557967,-1.4616023058522387e-08,-1.6423037152435427e-08,1.8070140939130397e-09,1.8070140939130397,18.070140939130397,3.2410224072142872,4.86153361082143,32.0,automatic
372.0,50.0,3.385137501286538,36.0,1.0780241689052943,-1.4332292685992343e-08,-1.626231771467701e-08,1.9300250286846676e-09,1.9300250286846676,19.300250286846676,3.385137501286538,5.077706251929807,44.0,automatic
116.0,51.0,2.8209479177387813,25.0,1.1907938922533645,-1.5612389603347765e-08,-1.7138478192180173e-08,1.5260885888324083e-09,1.5260885888324083,15.260885888324083,2.8209479177387813,4.231421876608172,36.0,automatic
201.0,49.0,1.9544100476116797,12.0,1.6170362533579417,-1.587737230579478e-08,-1.694090023818262e-08,1.0635279323878422e-09,1.0635279323878422,10.635279323878422,1.9544100476116797,2.9544100476116797,16.0,automatic
172.0,53.0,3.523362819972964,39.0,1.1678595163140688,-1.3161780998416361e-08,-1.5484586946001855e-08,2.3228059475854934e-09,2.3228059475854934,23.228059475854934,3.523362819972964,5.285044229959446,52.0,automatic
509.0,52.0,3.2410224072142872,33.0,1.1401809566205188,-1.284978523585778e-08,-1.455740239464376e-08,1.707617158785979e-09,1.707617158785979,17.07617158785979,3.2410224072142872,4.86153361082143,23.0,automatic
102.0,55.0,2.7057581899030048,23.0,1.2724761530825304,-1.5673405684424324e-08,-1.670543348097908e-08,1.0320277965547575e-09,1.0320277965547575,10.320277965547575,2.7057581899030048,4.058637284854507,28.0,automatic
485.0,54.0,1.4927053303604616,7.0,1.8865422955842652,-1.527353887809113e-08,-1.5930332608604658e-08,6.567937305135274e-10,0.6567937305135274,6.567937305135274,1.4927053303604616,2.4927053303604616,12.0,automatic
30.0,60.0,3.656366395715726,42.0,1.188737778292091,-1.2585965158962154e-08,-1.4831898376144181e-08,2.245933217182028e-09,2.245933217182028,22.45933217182028,3.656366395715726,5.48454959357359,52.0,automatic
131.0,61.0,3.5682482323055424,40.0,1.1978046321169937,-1.4089493127755759e-08,-1.605560839834652e-08,1.9661152705907625e-09,1.9661152705907625,19.661152705907625,3.5682482323055424,5.352372348458314,52.0,automatic
456.0,60.0,2.9316150714175193,27.0,1.2484780172022165,-1.4128962000370393e-08,-1.593435694502432e-08,1.8053949446539264e-09,1.8053949446539264,18.053949446539264,2.9316150714175193,4.397422607126279,36.0,automatic
250.0,62.0,2.6462837142006137,22.0,1.3628608270970017,-1.4507972601052188e-08,-1.6076159958799963e-08,1.5681873577477745e-09,1.5681873577477745,15.681873577477745,2.6462837142006137,3.9694255713009206,24.0,automatic
269.0,62.0,2.5231325220201604,20.0,1.2389643882700017,-1.4895808142512124e-08,-1.6264139368615815e-08,1.3683312261036917e-09,1.3683312261036917,13.683312261036917,2.5231325220201604,3.7846987830302403,24.0,automatic
94.0,66.0,3.0901936161855166,30.0,1.2576242881690396,-1.4855848995409815e-08,-1.6245601308639834e-08,1.3897523132300194e-09,1.3897523132300194,13.897523132300194,3.0901936161855166,4.635290424278275,40.0,automatic
180.0,64.0,2.985410660720923,28.0,1.2424554991254615,-1.4280609583749992e-08,-1.568022867104446e-08,1.399619087294468e-09,1.399619087294468,13.99619087294468,2.985410660720923,4.478115991081385,44.0,automatic
290.0,67.0,3.141274657157109,31.0,1.2158780105262765,-1.4213446419830689e-08,-1.6183658857471528e-08,1.970212437640839e-09,1.9702124376408392,19.702124376408392,3.141274657157109,4.7119119857356635,40.0,automatic
403.0,67.0,2.256758334191025,16.0,1.4796776500174416,-1.5194274283203413e-08,-1.6507819999844742e-08,1.313545716641329e-09,1.313545716641329,13.135457166413289,2.256758334191025,3.385137501286538,16.0,automatic
229.0,68.0,2.985410660720923,28.0,1.2073870691739297,-1.5563461630563324e-08,-1.7112371075711508e-08,1.5489094451481833e-09,1.5489094451481833,15.489094451481833,2.985410660720923,4.478115991081385,44.0,automatic
384.0,70.0,3.2410224072142872,33.0,1.2460870868673313,-1.3592328151901256e-08,-1.5682765308611124e-08,2.090437156709868e-09,2.090437156709868,20.90437156709868,3.2410224072142872,4.86153361082143,32.0,automatic
308.0,71.0,3.477898169151024,38.0,1.1379144005111443,-1.3848793223303346e-08,-1.6364553268033433e-08,2.5157600447300865e-09,2.5157600447300865,25.157600447300865,3.477898169151024,5.216847253726536,52.0,automatic
338.0,72.0,3.431831258788849,37.0,1.2033266998743644,-1.2871589127882999e-08,-1.5464236113871266e-08,2.5926469859882673e-09,2.5926469859882673,25.926469859882673,3.431831258788849,5.147746888183273,52.0,automatic
428.0,72.0,3.385137501286538,36.0,1.2127771900184563,-1.338729838096242e-08,-1.5505143835525814e-08,2.117845454563394e-09,2.117845454563394,21.17845454563394,3.385137501286538,5.077706251929807,44.0,automatic
198.0,74.0,3.385137501286538,36.0,1.1708043566345168,-1.3994490899449374e-08,-1.591489873220553e-08,1.9204078327561547e-09,1.9204078327561547,19.204078327561547,3.385137501286538,5.077706251929807,44.0,automatic
373.0,74.0,2.8209479177387813,25.0,1.1559981640761265,-1.4740130893642345e-08,-1.5741525416501645e-08,1.0013945228593002e-09,1.0013945228593002,10.013945228593002,2.8209479177387813,4.231421876608172,36.0,automatic
169.0,76.0,3.2410224072142872,33.0,1.2135891156557967,-1.4884705024087452e-08,-1.6425354409932424e-08,1.5406493858449721e-09,1.5406493858449721,15.406493858449721,3.2410224072142872,4.86153361082143,32.0,automatic
448.0,75.0,3.385137501286538,36.0,1.1424264698803188,-1.3978963764316177e-08,-1.5823133026060532e-08,1.844169261744355e-09,1.844169261744355,18.44169261744355,3.385137501286538,5.077706251929807,44.0,automatic
480.0,76.0,2.985410660720923,28.0,1.2073870691739297,-1.4161359196407375e-08,-1.671856253437909e-08,2.557203337971714e-09,2.557203337971714,25.57203337971714,2.985410660720923,4.478115991081385,44.0,automatic
114.0,78.0,2.7057581899030048,23.0,1.27247615308253,-1.5315173129692994e-08,-1.6471640940096677e-08,1.156467810403683e-09,1.156467810403683,11.56467810403683,2.7057581899030048,4.058637284854507,28.0,automatic
494.0,79.0,3.2410224072142872,33.0,1.1117124241835845,-1.4443640061756469e-08,-1.6304775307673935e-08,1.8611352459174668e-09,1.8611352459174668,18.611352459174668,3.2410224072142872,4.86153361082143,32.0,automatic
51.0,79.0,3.6996385101659595,43.0,1.1894885778814956,-1.2339082644530208e-08,-1.540744509753722e-08,3.068362453007012e-09,3.068362453007012,30.68362453007012,3.6996385101659595,5.549457765248939,52.0,automatic
262.0,79.0,2.393653682408596,18.0,1.2127771900184563,-1.6020640813962927e-08,-1.7264381924064764e-08,1.243741110101837e-09,1.243741110101837,12.43741110101837,2.393653682408596,3.590480523612894,16.0,automatic
412.0,79.0,2.7057581899030048,23.0,0.9233466595615627,-1.5135356079554185e-08,-1.5787457563476437e-08,6.521014839222516e-10,0.6521014839222516,6.5210148392225165,2.7057581899030048,4.058637284854507,28.0,automatic
243.0,82.0,3.0382538898732494,29.0,1.1689103329366752,-1.4994585129102234e-08,-1.6769458710541585e-08,1.7748735814393513e-09,1.7748735814393513,17.748735814393513,3.0382538898732494,4.557380834809874,40.0,automatic
93.0,84.0,3.1915382432114616,32.0,1.1768136879086508,-1.4564635719693797e-08,-1.612222177982403e-08,1.5575860601302338e-09,1.5575860601302338,15.575860601302338,3.1915382432114616,4.787307364817193,32.0,automatic
276.0,83.0,2.7057581899030048,23.0,1.27247615308253,-1.525357617992995e-08,-1.6204725561408395e-08,9.511493814784444e-10,0.9511493814784444,9.511493814784444,2.7057581899030048,4.058637284854507,28.0,automatic
135.0,84.0,3.477898169151024,38.0,1.2058946070958918,-1.3283240285488773e-08,-1.5994934265961547e-08,2.7116939804727735e-09,2.7116939804727735,27.116939804727735,3.477898169151024,5.216847253726536,52.0,automatic
26.0,88.0,2.111004122822376,14.0,1.500400304239239,-1.4785791258020708e-08,-1.5713156997776423e-08,9.273657397557145e-10,0.9273657397557145,9.273657397557145,2.111004122822376,3.1665061842335644,24.0,automatic
433.0,89.0,2.9316150714175193,27.0,1.1642661024177179,-1.3323091963002298e-08,-1.537004212792681e-08,2.0469501649245103e-09,2.0469501649245103,20.469501649245103,2.9316150714175193,4.397422607126279,36.0,automatic
190.0,92.0,3.0901936161855166,30.0,1.2092175857965604,-1.4395761915864114e-08,-1.606728261549506e-08,1.6715206996309462e-09,1.6715206996309462,16.715206996309462,3.0901936161855166,4.635290424278275,40.0,automatic
390.0,92.0,3.523362819972964,39.0,1.1038279369855124,-1.2725099196586598e-08,-1.5209789872017154e-08,2.4846906754305564e-09,2.4846906754305564,24.846906754305564,3.523362819972964,5.285044229959446,52.0,automatic
493.0,94.0,2.8209479177387813,25.0,1.2815656405965272,-1.512438529971405e-08,-1.6647645928458132e-08,1.523260628744083e-09,1.523260628744083,15.23260628744083,2.8209479177387813,4.231421876608172,36.0,automatic
223.0,94.0,2.8209479177387813,25.0,1.1559981640761265,-1.4619416788264061e-08,-1.6204636743566425e-08,1.5852199553023638e-09,1.5852199553023638,15.852199553023638,2.8209479177387813,4.231421876608172,36.0,automatic
341.0,95.0,3.3377905890622728,35.0,1.209282832779338,-1.2944185279195608e-08,-1.5388772922619864e-08,2.4445876434242564e-09,2.4445876434242564,24.445876434242564,3.3377905890622728,5.006685883593409,44.0,automatic
462.0,96.0,2.9316150714175193,27.0,1.1318618593521357,-1.5566596900384866e-08,-1.623714140919219e-08,6.705445088073247e-10,0.6705445088073247,6.7054450880732475,2.9316150714175193,4.397422607126279,36.0,automatic
77.0,97.0,2.763953195770684,24.0,1.230303014972666,-1.4497135936153427e-08,-1.6001515668051525e-08,1.5043797318980978e-09,1.5043797318980978,15.043797318980978,2.763953195770684,4.145929793656026,36.0,automatic
205.0,98.0,3.2897623212397704,34.0,1.2503645434029416,-1.3521375130665092e-08,-1.5980547551919244e-08,2.459172421254152e-09,2.459172421254152,24.59172421254152,3.2897623212397704,4.934643481859656,32.0,automatic
315.0,100.0,3.431831258788849,37.0,1.2033266998743648,-1.4345578058794217e-08,-1.6191934015807874e-08,1.8463559570136567e-09,1.8463559570136567,18.463559570136567,3.431831258788849,5.147746888183273,52.0,automatic
250.0,103.0,3.385137501286538,36.0,1.2438337708587477,-1.3866920056671006e-08,-1.5888397264518517e-08,2.0214772078475107e-09,2.0214772078475107,20.214772078475107,3.385137501286538,5.077706251929807,44.0,automatic
357.0,104.0,3.477898169151024,38.0,1.235849043114212,-1.3719890112895428e-08,-1.535057503332382e-08,1.6306849204283935e-09,1.6306849204283935,16.306849204283935,3.477898169151024,5.216847253726536,52.0,automatic
423.0,104.0,3.0382538898732494,29.0,1.2505080359301415,-1.4046356966446183e-08,-1.5374650885746632e-08,1.3282939193004495e-09,1.3282939193004495,13.282939193004495,3.0382538898732494,4.557380834809874,40.0,automatic
88.0,106.0,3.2410224072142872,33.0,1.1117124241835845,-1.3801456866247008e-08,-1.6061162178004906e-08,2.259705311757898e-09,2.259705311757898,22.59705311757898,3.2410224072142872,4.86153361082143,32.0,automatic
109.0,106.0,2.985410660720923,28.0,1.2073870691739297,-1.4683527282954856e-08,-1.613135136580013e-08,1.4478240828452726e-09,1.4478240828452726,14.478240828452726,2.985410660720923,4.478115991081385,44.0,automatic
169.0,106.0,2.9316150714175193,27.0,1.248478017202216,-1.5102273209777195e-08,-1.6287806658965565e-08,1.1855334491883696e-09,1.1855334491883696,11.855334491883696,2.9316150714175193,4.397422607126279,36.0,automatic
486.0,107.0,3.2897623212397704,34.0,1.0789583326647456,-1.4295400418973259e-08,-1.583116926440198e-08,1.53576884542872e-09,1.53576884542872,15.3576884542872,3.2897623212397704,4.934643481859656,32.0,automatic
120.0,108.0,3.431831258788849,37.0,0.7376251599302301,-1.5337951353444623e-08,-1.6125405011280236e-08,7.874536578356128e-10,0.7874536578356128,7.874536578356128,3.431831258788849,5.147746888183273,52.0,automatic
248.0,117.0,4.583497844237541,66.0,0.5461103974140356,-1.4488693800274177e-08,-1.5961357568983203e-08,1.472663768709026e-09,1.472663768709026,14.72663768709026,4.583497844237541,6.875246766356311,76.0,automatic
501.0,112.0,2.7057581899030048,23.0,1.1790403893488048,-1.4408947812682982e-08,-1.5539400877173648e-08,1.1304530644906663e-09,1.1304530644906663,11.304530644906663,2.7057581899030048,4.058637284854507,28.0,automatic
281.0,112.0,3.477898169151024,38.0,1.1379144005111443,-1.3961138023432795e-08,-1.560579665493833e-08,1.6446586315055356e-09,1.6446586315055356,16.446586315055356,3.477898169151024,5.216847253726536,52.0,automatic
28.0,115.0,2.763953195770684,24.0,1.230303014972666,-1.4438339412947698e-08,-1.5463473168608743e-08,1.0251337556610451e-09,1.0251337556610451,10.251337556610451,2.763953195770684,4.145929793656026,36.0,automatic
9.0,115.0,3.5682482323055424,40.0,1.1978046321169937,-1.3362811301931288e-08,-1.4921656799060656e-08,1.5588454971293686e-09,1.5588454971293686,15.588454971293686,3.5682482323055424,5.352372348458314,52.0,automatic
49.0,115.0,3.431831258788849,37.0,1.2033266998743644,-1.3200629034315625e-08,-1.511647429452978e-08,1.915845260214155e-09,1.9158452602141551,19.15845260214155,3.431831258788849,5.147746888183273,52.0,automatic
185.0,114.0,1.8712051592547776,11.0,1.3175850953286934,-1.5590510216156872e-08,-1.6214328546482193e-08,6.238183303253209e-10,0.6238183303253209,6.238183303253209,1.8712051592547776,2.8712051592547776,16.0,automatic
142.0,117.0,3.477898169151024,38.0,1.2058946070958918,-1.4542851367593812e-08,-1.6457212481668648e-08,1.9143611140748362e-09,1.9143611140748362,19.143611140748362,3.477898169151024,5.216847253726536,52.0,automatic
416.0,117.0,3.2897623212397704,34.0,1.1747318946999288,-1.367228463777792e-08,-1.546813610531217e-08,1.7958514675342485e-09,1.7958514675342485,17.958514675342485,3.2897623212397704,4.934643481859656,32.0,automatic
431.0,117.0,2.985410660720923,28.0,1.2073870691739297,-1.3754066330307069e-08,-1.5434818756432378e-08,1.6807524261253093e-09,1.6807524261253093,16.807524261253093,2.985410660720923,4.478115991081385,44.0,automatic
203.0,117.0,2.4592453796829674,19.0,1.2801537005750372,-1.5329531422025866e-08,-1.617269074216665e-08,8.43159320140785e-10,0.843159320140785,8.43159320140785,2.4592453796829674,3.6888680695244513,24.0,automatic
70.0,120.0,2.8209479177387813,25.0,1.242748407277043,-1.3947747845577396e-08,-1.575039831891445e-08,1.802650473337053e-09,1.802650473337053,18.02650473337053,2.8209479177387813,4.231421876608172,36.0,automatic
153.0,118.0,2.326213245840639,17.0,1.4253075265915784,-1.5473684555900036e-08,-1.6422062820709016e-08,9.4837826480898e-10,0.94837826480898,9.4837826480898,2.326213245840639,3.4893198687609583,16.0,automatic
469.0,120.0,2.763953195770684,24.0,1.230303014972666,-1.4022525363088789e-08,-1.610978372923455e-08,2.087258366145761e-09,2.087258366145761,20.87258366145761,2.763953195770684,4.145929793656026,36.0,automatic
489.0,120.0,3.2410224072142872,33.0,1.1401809566205188,-1.3798591602665056e-08,-1.5656254070961495e-08,1.8576624682964393e-09,1.8576624682964393,18.576624682964393,3.2410224072142872,4.86153361082143,32.0,automatic
309.0,121.0,3.0901936161855166,30.0,1.2092175857965597,-1.438913610485315e-08,-1.6119034995654147e-08,1.729898890800996e-09,1.729898890800996,17.29898890800996,3.0901936161855166,4.635290424278275,40.0,automatic
131.0,124.0,2.5231325220201604,20.0,1.106501002680461,-1.591065768025146e-08,-1.677634653418636e-08,8.656888539348984e-10,0.8656888539348984,8.656888539348984,2.5231325220201604,3.7846987830302403,24.0,automatic
511.0,125.0,2.111004122822376,14.0,1.3026476316020286,-1.5003935871504837e-08,-1.6186929130412864e-08,1.1829932589080272e-09,1.1829932589080272,11.829932589080272,2.111004122822376,3.1665061842335644,13.0,automatic
241.0,124.0,2.326213245840639,17.0,1.298111396050648,-1.573982011393582e-08,-1.6379495093588048e-08,6.396749796522272e-10,0.6396749796522272,6.396749796522272,2.326213245840639,3.4893198687609583,16.0,automatic
434.0,126.0,2.4592453796829674,19.0,1.137914400511144,-1.4557318017693888e-08,-1.5590942759047266e-08,1.0336247413533783e-09,1.0336247413533783,10.336247413533783,2.4592453796829674,3.6888680695244513,24.0,automatic
46.0,131.0,3.431831258788849,37.0,1.1741605384881053,-1.3461667336400751e-08,-1.51385712854335e-08,1.6769039490327486e-09,1.6769039490327486,16.769039490327486,3.431831258788849,5.147746888183273,52.0,automatic
165.0,131.0,3.477898169151024,38.0,1.051175952546438,-1.413945494022073e-08,-1.635010526968017e-08,2.2106503294594404e-09,2.2106503294594404,22.106503294594404,3.477898169151024,5.216847253726536,52.0,automatic
268.0,130.0,2.0342144725641096,13.0,1.393228853936436,-1.5393533558949457e-08,-1.631154322723205e-08,9.180096682825933e-10,0.9180096682825933,9.180096682825933,2.0342144725641096,3.0513217088461646,16.0,automatic
100.0,133.0,3.141274657157109,31.0,1.249524838656446,-1.5112275875139858e-08,-1.6726096063734985e-08,1.6138201885951275e-09,1.6138201885951275,16.138201885951275,3.141274657157109,4.7119119857356635,40.0,automatic
378.0,134.0,3.826519928662906,46.0,1.0120226891763986,-1.3560900846698587e-08,-1.5454577173557027e-08,1.89367632685844e-09,1.89367632685844,18.9367632685844,3.826519928662906,5.739779892994359,56.0,automatic
12.0,134.0,3.1915382432114616,32.0,1.1768136879086513,-1.3554607214416592e-08,-1.5127038288653694e-08,1.5724310742371017e-09,1.5724310742371017,15.724310742371017,3.1915382432114616,4.787307364817193,32.0,automatic
192.0,134.0,2.763953195770684,24.0,1.1431621365632298,-1.4431535078074376e-08,-1.59839945723661e-08,1.5524594942917247e-09,1.5524594942917247,15.524594942917247,2.763953195770684,4.145929793656026,36.0,automatic
85.0,138.0,3.6996385101659595,43.0,0.843270233106934,-1.5131039532434443e-08,-1.5891059135242358e-08,7.600196028079154e-10,0.7600196028079154,7.600196028079154,3.6996385101659595,5.549457765248939,52.0,automatic
241.0,137.0,3.523362819972964,39.0,1.2376286757036785,-1.3657962760760256e-08,-1.5825229127131024e-08,2.167266366370768e-09,2.167266366370768,21.67266366370768,3.523362819972964,5.285044229959446,52.0,automatic
185.0,138.0,2.7057581899030048,23.0,1.27247615308253,-1.4693066319182435e-08,-1.5942670295032713e-08,1.2496039758502775e-09,1.2496039758502775,12.496039758502775,2.7057581899030048,4.058637284854507,28.0,automatic
57.0,139.0,2.876813695875796,26.0,1.2022380906391712,-1.4112642610086823e-08,-1.559970197462235e-08,1.4870593645355257e-09,1.4870593645355257,14.870593645355257,2.876813695875796,4.315220543813694,36.0,automatic
474.0,138.0,3.1915382432114616,32.0,1.1300406367357128,-1.4676632353882724e-08,-1.5472671144323158e-08,7.960387904404342e-10,0.7960387904404342,7.960387904404342,3.1915382432114616,4.787307364817193,32.0,automatic
139.0,139.0,1.9544100476116797,12.0,1.5079644737231006,-1.5937487773953762e-08,-1.6614849940310705e-08,6.773621663569429e-10,0.6773621663569429,6.773621663569429,1.9544100476116797,2.9544100476116797,16.0,automatic
414.0,139.0,2.6462837142006137,22.0,1.3628608270970017,-1.5782685380827388e-08,-1.686502315578764e-08,1.0823377749602514e-09,1.0823377749602514,10.823377749602514,2.6462837142006137,3.9694255713009206,24.0,automatic
463.0,139.0,2.6462837142006137,22.0,1.217151102948507,-1.426601503595748e-08,-1.5151489840548038e-08,8.85474804590558e-10,0.885474804590558,8.85474804590558,2.6462837142006137,3.9694255713009206,24.0,automatic
326.0,143.0,3.141274657157109,31.0,1.140038260161506,-1.4013852300820417e-08,-1.6067916774886726e-08,2.0540644740663083e-09,2.0540644740663083,20.540644740663083,3.141274657157109,4.7119119857356635,40.0,automatic
298.0,143.0,1.4927053303604616,7.0,1.8865422955842652,-1.666850124593111e-08,-1.762072887601107e-08,9.522276300799604e-10,0.9522276300799604,9.522276300799604,1.4927053303604616,2.4927053303604616,12.0,automatic
451.0,145.0,3.1915382432114616,32.0,1.2898320915163313,-1.3209357163646018e-08,-1.497990709253827e-08,1.770549928892251e-09,1.770549928892251,17.70549928892251,3.1915382432114616,4.787307364817193,32.0,automatic
466.0,145.0,1.5957691216057308,8.0,1.714743204844845,-1.4684133020637091e-08,-1.545882977183055e-08,7.746967511934599e-10,0.7746967511934599,7.746967511934599,1.5957691216057308,2.5957691216057306,12.0,automatic
275.0,147.0,2.1850968611841584,15.0,1.387197796891351,-1.579487829417303e-08,-1.7050056477785347e-08,1.2551781836123155e-09,1.2551781836123155,12.551781836123155,2.1850968611841584,3.2776452917762375,24.0,automatic
495.0,147.0,3.9088200952233594,48.0,1.0560236756623291,-1.4388837676904132e-08,-1.588249354256277e-08,1.4936558656586385e-09,1.4936558656586385,14.936558656586385,3.9088200952233594,5.8632301428350395,64.0,automatic
227.0,149.0,3.1915382432114616,32.0,1.1768136879086508,-1.3946563903743936e-08,-1.5959331634007867e-08,2.0127677302639313e-09,2.0127677302639313,20.127677302639313,3.1915382432114616,4.787307364817193,32.0,automatic
101.0,151.0,3.431831258788849,37.0,1.2033266998743648,-1.3429017897692574e-08,-1.5417029430864204e-08,1.9880115331716297e-09,1.9880115331716297,19.880115331716297,3.431831258788849,5.147746888183273,52.0,automatic
209.0,152.0,3.2897623212397704,34.0,1.1747318946999283,-1.4670381354164874e-08,-1.609198552188218e-08,1.4216041677173052e-09,1.4216041677173052,14.216041677173052,3.2897623212397704,4.934643481859656,32.0,automatic
250.0,154.0,4.1841419359420025,55.0,0.5056621315232487,-1.503158841842378e-08,-1.5743447434601876e-08,7.118590161780958e-10,0.7118590161780958,7.118590161780958,4.1841419359420025,6.276212903913004,64.0,automatic
138.0,153.0,3.2410224072142872,33.0,1.2135891156557967,-1.3670730325543445e-08,-1.611783861932281e-08,2.4471082937793653e-09,2.4471082937793653,24.471082937793653,3.2410224072142872,4.86153361082143,32.0,automatic
305.0,153.0,3.3377905890622728,35.0,1.138282013394669,-1.4813878124186886e-08,-1.630899593152435e-08,1.495117807337465e-09,1.495117807337465,14.951178073374649,3.3377905890622728,5.006685883593409,44.0,automatic
402.0,153.0,2.985410660720923,28.0,1.2073870691739297,-1.3738532977924933e-08,-1.5479783677108117e-08,1.7412506991831833e-09,1.7412506991831833,17.412506991831833,2.985410660720923,4.478115991081385,44.0,automatic
473.0,155.0,3.2897623212397704,34.0,1.1747318946999283,-1.4451876140242348e-08,-1.5761572491612696e-08,1.3096963513703486e-09,1.3096963513703486,13.096963513703486,3.2897623212397704,4.934643481859656,32.0,automatic
335.0,157.0,3.6125759969217834,41.0,1.134163527747472,-1.4336218434607417e-08,-1.5951513887557667e-08,1.6152954529502495e-09,1.6152954529502495,16.152954529502495,3.6125759969217834,5.418863995382675,52.0,automatic
14.0,159.0,2.9316150714175193,27.0,1.248478017202216,-1.4677962845155434e-08,-1.6294286808715697e-08,1.6163239635602622e-09,1.6163239635602622,16.163239635602622,2.9316150714175193,4.397422607126279,36.0,automatic
348.0,158.0,2.393653682408596,18.0,1.2127771900184563,-1.6636855448837196e-08,-1.7939820295964637e-08,1.3029648471274413e-09,1.3029648471274413,13.029648471274413,2.393653682408596,3.590480523612894,16.0,automatic
87.0,160.0,3.523362819972964,39.0,1.1678595163140693,-1.3550621069668978e-08,-1.522170833823111e-08,1.6710872685621325e-09,1.6710872685621325,16.710872685621325,3.523362819972964,5.285044229959446,52.0,automatic
33.0,160.0,1.692568750643269,9.0,1.6646373562696222,-1.521749837252173e-08,-1.6217256870731944e-08,9.997584982102126e-10,0.9997584982102126,9.997584982102126,1.692568750643269,2.692568750643269,12.0,automatic
53.0,162.0,2.5231325220201604,20.0,1.347530211131618,-1.4099112100041111e-08,-1.550257699989288e-08,1.4034648998517696e-09,1.4034648998517696,14.034648998517696,2.5231325220201604,3.7846987830302403,24.0,automatic
506.0,162.0,2.111004122822376,14.0,1.500400304239239,-1.5431828259693248e-08,-1.6152841730843193e-08,7.21013471149945e-10,0.721013471149945,7.21013471149945,2.111004122822376,3.1665061842335644,24.0,automatic
44.0,164.0,2.326213245840639,17.0,1.4253075265915784,-1.4404148096502922e-08,-1.547456296435712e-08,1.070414867854197e-09,1.070414867854197,10.70414867854197,2.326213245840639,3.4893198687609583,16.0,automatic
412.0,164.0,2.0342144725641096,13.0,1.5571460217520925,-1.4902415301776273e-08,-1.5754144655488744e-08,8.517293537124715e-10,0.8517293537124715,8.517293537124715,2.0342144725641096,3.0513217088461646,16.0,automatic
188.0,166.0,3.2897623212397704,34.0,1.1747318946999288,-1.4435779682742123e-08,-1.6108887557209073e-08,1.6731078744669503e-09,1.6731078744669503,16.731078744669503,3.2897623212397704,4.934643481859656,32.0,automatic
280.0,166.0,3.1915382432114616,32.0,1.1768136879086513,-1.3633029816162434e-08,-1.5664835650852638e-08,2.0318058346902035e-09,2.0318058346902035,20.318058346902035,3.1915382432114616,4.787307364817193,32.0,automatic
163.0,167.0,3.385137501286538,36.0,1.2438337708587477,-1.428221718668965e-08,-1.6228426602538093e-08,1.9462094158484433e-09,1.9462094158484433,19.462094158484433,3.385137501286538,5.077706251929807,44.0,automatic
448.0,166.0,3.2897623212397704,34.0,1.2503645434029416,-1.4041731333236385e-08,-1.543315875096596e-08,1.3914274177295738e-09,1.3914274177295738,13.914274177295738,3.2897623212397704,4.934643481859656,32.0,automatic
314.0,168.0,3.3377905890622728,35.0,1.2092828327793383,-1.3796014108891086e-08,-1.6498885813120978e-08,2.702871704229892e-09,2.702871704229892,27.028717042298922,3.3377905890622728,5.006685883593409,44.0,automatic
435.0,171.0,2.9316150714175193,27.0,1.2860574036336336,-1.4154013960876455e-08,-1.6004684688653015e-08,1.85067072777656e-09,1.85067072777656,18.5067072777656,2.9316150714175193,4.397422607126279,36.0,automatic
122.0,174.0,2.7057581899030048,23.0,1.314460457011912,-1.5664927133229867e-08,-1.6864511565017892e-08,1.1995844317880255e-09,1.1995844317880255,11.995844317880255,2.7057581899030048,4.058637284854507,28.0,automatic
240.0,174.0,3.141274657157109,31.0,1.1106887454723962,-1.4169968309829528e-08,-1.5849688672631146e-08,1.6797203628016177e-09,1.6797203628016177,16.797203628016177,3.141274657157109,4.7119119857356635,40.0,automatic
251.0,174.0,3.431831258788849,37.0,1.1741605384881055,-1.3381041163995633e-08,-1.555106088346747e-08,2.1700197194718385e-09,2.1700197194718385,21.700197194718385,3.431831258788849,5.147746888183273,52.0,automatic
378.0,173.0,2.7057581899030048,23.0,1.314460457011912,-1.4245856938543966e-08,-1.5402630282324026e-08,1.1567733437800598e-09,1.1567733437800598,11.567733437800598,2.7057581899030048,4.058637284854507,28.0,automatic
190.0,177.0,3.6996385101659595,43.0,0.6362613895074999,-1.526489334935377e-08,-1.5892048566001904e-08,6.271552166481342e-10,0.6271552166481342,6.271552166481342,3.6996385101659595,5.549457765248939,52.0,automatic
166.0,181.0,4.259537945889915,57.0,0.5914954992417298,-1.4845992879486403e-08,-1.566417484610838e-08,8.181819666219781e-10,0.8181819666219781,8.18181966621978,4.259537945889915,6.389306918834873,68.0,automatic
12.0,179.0,3.3377905890622728,35.0,1.1790889347401654,-1.4500072254008955e-08,-1.61443525215077e-08,1.6442802674987433e-09,1.6442802674987433,16.442802674987433,3.3377905890622728,5.006685883593409,44.0,automatic
105.0,177.0,3.1915382432114616,32.0,1.1768136879086513,-1.3630303108413955e-08,-1.5308716960760194e-08,1.6784138523462389e-09,1.6784138523462389,16.78413852346239,3.1915382432114616,4.787307364817193,32.0,automatic
146.0,179.0,2.393653682408596,18.0,1.2127771900184563,-1.5445362322452638e-08,-1.622953238467062e-08,7.841700622179815e-10,0.7841700622179815,7.841700622179815,2.393653682408596,3.590480523612894,16.0,automatic
396.0,178.0,2.9316150714175193,27.0,1.248478017202216,-1.43103839889136e-08,-1.543440220075354e-08,1.1240182118399389e-09,1.1240182118399389,11.240182118399389,2.9316150714175193,4.397422607126279,36.0,automatic
500.0,178.0,2.9316150714175193,27.0,1.1642661024177179,-1.4825397798290396e-08,-1.6221099130575567e-08,1.3957013322851708e-09,1.3957013322851708,13.957013322851708,2.9316150714175193,4.397422607126279,36.0,automatic
483.0,180.0,4.029119531035698,51.0,0.9554268678719678,-1.494175805305531e-08,-1.6007443370824603e-08,1.0656853177692938e-09,1.0656853177692938,10.656853177692938,4.029119531035698,6.043679296553547,64.0,automatic
208.0,184.0,3.523362819972964,39.0,1.1678595163140688,-1.4211839705069451e-08,-1.6133147262564762e-08,1.921307557495311e-09,1.921307557495311,19.21307557495311,3.523362819972964,5.285044229959446,52.0,automatic
134.0,183.0,1.2615662610100802,5.0,2.3173247538676778,-1.643427971487199e-08,-1.7059980095268656e-08,6.257003803966654e-10,0.6257003803966654,6.257003803966654,1.2615662610100802,2.2615662610100804,16.0,automatic
411.0,185.0,2.5854414729132054,21.0,1.414906721688199,-1.421693607284169e-08,-1.567596630280832e-08,1.4590302299666291e-09,1.4590302299666291,14.590302299666291,2.5854414729132054,3.8781622093698083,24.0,automatic
423.0,184.0,2.326213245840639,17.0,1.4253075265915784,-1.5821498777768284e-08,-1.7155997511508758e-08,1.3344987337404746e-09,1.3344987337404746,13.344987337404746,2.326213245840639,3.4893198687609583,16.0,automatic
39.0,187.0,4.442433223290478,62.0,0.754140205549029,-1.5044804513308918e-08,-1.5855289525745775e-08,8.104850124368568e-10,0.8104850124368568,8.104850124368568,4.442433223290478,6.6636498349357165,76.0,automatic
377.0,187.0,3.141274657157109,31.0,1.249524838656446,-1.4200868037050896e-08,-1.5676519637963793e-08,1.4756516009128973e-09,1.4756516009128973,14.756516009128973,3.141274657157109,4.7119119857356635,40.0,automatic
495.0,187.0,3.1915382432114616,32.0,1.2898320915163313,-1.4039873263982372e-08,-1.5981107104323655e-08,1.9412338403412832e-09,1.9412338403412832,19.412338403412832,3.1915382432114616,4.787307364817193,32.0,automatic
189.0,189.0,3.2897623212397704,34.0,1.1747318946999283,-1.3735925286084694e-08,-1.572990360187987e-08,1.993978315795175e-09,1.9939783157951751,19.93978315795175,3.2897623212397704,4.934643481859656,32.0,automatic
326.0,190.0,3.5682482323055424,40.0,1.1978046321169942,-1.3412758903541544e-08,-1.6036762140458904e-08,2.6240032369173605e-09,2.6240032369173605,26.240032369173605,3.5682482323055424,5.352372348458314,52.0,automatic
277.0,194.0,3.385137501286538,36.0,1.1424264698803186,-1.3524465103387229e-08,-1.572610486277881e-08,2.2016397593915826e-09,2.2016397593915826,22.016397593915826,3.385137501286538,5.077706251929807,44.0,automatic
104.0,193.0,2.985410660720923,28.0,1.2073870691739297,-1.4067966347397487e-08,-1.559516160654084e-08,1.5271952591433546e-09,1.5271952591433546,15.271952591433546,2.985410660720923,4.478115991081385,44.0,automatic
127.0,194.0,2.985410660720923,28.0,1.1737826689577704,-1.4812476578640599e-08,-1.6491497945025912e-08,1.6790213663853137e-09,1.6790213663853137,16.790213663853137,2.985410660720923,4.478115991081385,44.0,automatic
301.0,194.0,2.6462837142006137,22.0,1.217151102948507,-1.4927847402645966e-08,-1.5928029561962376e-08,1.0001821593164095e-09,1.0001821593164095,10.001821593164095,2.6462837142006137,3.9694255713009206,24.0,automatic
403.0,195.0,3.2897623212397704,34.0,1.1454006794618754,-1.3558807410163354e-08,-1.5528777375095615e-08,1.969969964932261e-09,1.969969964932261,19.69969964932261,3.2897623212397704,4.934643481859656,32.0,automatic
33.0,196.0,3.141274657157109,31.0,1.2158780105262765,-1.4069028608787448e-08,-1.580676389778546e-08,1.7377352889980102e-09,1.7377352889980102,17.377352889980102,3.141274657157109,4.7119119857356635,40.0,automatic
85.0,196.0,2.876813695875796,26.0,1.2924583435681247,-1.4647629775765836e-08,-1.632279555963123e-08,1.6751657838653955e-09,1.6751657838653955,16.751657838653955,2.876813695875796,4.315220543813694,36.0,automatic
48.0,198.0,3.0901936161855166,30.0,1.293629002686353,-1.407370220363191e-08,-1.604649479958198e-08,1.972792595950068e-09,1.972792595950068,19.72792595950068,3.0901936161855166,4.635290424278275,40.0,automatic
78.0,200.0,3.1915382432114616,32.0,1.1768136879086513,-1.4342085741247956e-08,-1.6246723077983916e-08,1.9046373367359593e-09,1.9046373367359593,19.046373367359593,3.1915382432114616,4.787307364817193,32.0,automatic
247.0,199.0,2.6462837142006137,22.0,1.217151102948507,-1.5267760389292562e-08,-1.6684539971834056e-08,1.4167795825414942e-09,1.4167795825414942,14.167795825414942,2.6462837142006137,3.9694255713009206,24.0,automatic
462.0,200.0,3.8678889139475245,47.0,0.8642225520579159,-1.3925378183898829e-08,-1.5762796401475043e-08,1.8374182175762144e-09,1.8374182175762144,18.374182175762144,3.8678889139475245,5.801833370921287,56.0,automatic
281.0,202.0,2.0342144725641096,13.0,1.5571460217520925,-1.5023971400296432e-08,-1.570244734239168e-08,6.784759420952469e-10,0.6784759420952469,6.784759420952469,2.0342144725641096,3.0513217088461646,16.0,automatic
123.0,203.0,2.8209479177387813,25.0,1.1907938922533645,-1.5030160227524902e-08,-1.6014479520265468e-08,9.843192927405653e-10,0.9843192927405653,9.843192927405653,2.8209479177387813,4.231421876608172,36.0,automatic
223.0,204.0,3.523362819972964,39.0,1.1678595163140688,-1.4626399646999744e-08,-1.6237625466430927e-08,1.6112258194311835e-09,1.6112258194311835,16.112258194311835,3.523362819972964,5.285044229959446,52.0,automatic
437.0,204.0,3.2410224072142872,33.0,1.213589115655796,-1.3475895066505927e-08,-1.5283569965163224e-08,1.8076748986572966e-09,1.8076748986572966,18.076748986572966,3.2410224072142872,4.86153361082143,32.0,automatic
170.0,208.0,3.431831258788849,37.0,1.1741605384881053,-1.3496543438407116e-08,-1.5789800578147606e-08,2.29325713974049e-09,2.29325713974049,22.9325713974049,3.431831258788849,5.147746888183273,52.0,automatic
314.0,207.0,2.8209479177387813,25.0,1.2815656405965272,-1.4537084425114699e-08,-1.588678522068676e-08,1.349700795572062e-09,1.349700795572062,13.497007955720619,2.8209479177387813,4.231421876608172,36.0,automatic
383.0,210.0,2.5854414729132054,21.0,1.2576948637228433,-1.4730767716741866e-08,-1.5852774204461184e-08,1.122006487719318e-09,1.122006487719318,11.220064877193181,2.5854414729132054,3.8781622093698083,24.0,automatic
16.0,213.0,3.6125759969217834,41.0,1.2277497479199184,-1.3330328840766015e-08,-1.5445125178814578e-08,2.1147963380485635e-09,2.1147963380485635,21.147963380485635,3.6125759969217834,5.418863995382675,52.0,automatic
425.0,210.0,2.393653682408596,18.0,1.2127771900184563,-1.5808026887498272e-08,-1.67036038334345e-08,8.955769459362273e-10,0.8955769459362273,8.955769459362273,2.393653682408596,3.590480523612894,16.0,automatic
360.0,214.0,3.523362819972964,39.0,1.2376286757036785,-1.3781744634400184e-08,-1.5453007762289417e-08,1.6712631278892331e-09,1.6712631278892331,16.71263127889233,3.523362819972964,5.285044229959446,52.0,automatic
330.0,216.0,3.5682482323055424,40.0,1.132131217421039,-1.2915610803077016e-08,-1.554786432933497e-08,2.632253526257955e-09,2.632253526257955,26.32253526257955,3.5682482323055424,5.352372348458314,52.0,automatic
497.0,216.0,2.763953195770684,24.0,1.2303030149726657,-1.6011144410299494e-08,-1.6967042881788075e-08,9.55898471488581e-10,0.955898471488581,9.55898471488581,2.763953195770684,4.145929793656026,36.0,automatic
225.0,217.0,2.5854414729132054,21.0,1.2284220982476126,-1.499781987490678e-08,-1.5648410567337123e-08,6.505906924303417e-10,0.6505906924303417,6.505906924303417,2.5854414729132054,3.8781622093698083,24.0,automatic
102.0,216.0,2.7057581899030048,23.0,1.27247615308253,-1.4518709789967943e-08,-1.5817644971605205e-08,1.2989351816372618e-09,1.2989351816372618,12.989351816372618,2.7057581899030048,4.058637284854507,28.0,automatic
253.0,221.0,4.583497844237541,66.0,0.5579072305276704,-1.383942294097551e-08,-1.5427251476296533e-08,1.587828535321023e-09,1.587828535321023,15.87828535321023,4.583497844237541,6.875246766356311,76.0,automatic
285.0,222.0,3.6125759969217834,41.0,1.2277497479199184,-1.3995824943435764e-08,-1.679429306733482e-08,2.798468123899056e-09,2.798468123899056,27.98468123899056,3.6125759969217834,5.418863995382675,52.0,automatic
216.0,224.0,4.406461512053774,61.0,0.5495106389039508,-1.4285507887734639e-08,-1.5728912394763483e-08,1.4434045070288448e-09,1.4434045070288448,14.434045070288448,4.406461512053774,6.609692268080661,76.0,automatic
349.0,222.0,2.111004122822376,14.0,1.500400304239239,-1.4890980892801053e-08,-1.5995552438141658e-08,1.1045715453406046e-09,1.1045715453406046,11.045715453406046,2.111004122822376,3.1665061842335644,24.0,automatic
59.0,223.0,2.5854414729132054,21.0,1.3009126076835018,-1.492679579939704e-08,-1.5673352393719142e-08,7.465565943221009e-10,0.7465565943221009,7.465565943221009,2.5854414729132054,3.8781622093698083,24.0,automatic
127.0,224.0,3.1915382432114616,32.0,1.1768136879086508,-1.4448461094218601e-08,-1.5775292183661804e-08,1.3268310894432034e-09,1.3268310894432034,13.268310894432034,3.1915382432114616,4.787307364817193,32.0,automatic
477.0,224.0,3.3377905890622728,35.0,1.1790889347401659,-1.3853738600744236e-08,-1.585210629428957e-08,1.998367693545333e-09,1.9983676935453332,19.98367693545333,3.3377905890622728,5.006685883593409,44.0,automatic
413.0,226.0,3.385137501286538,36.0,1.1424264698803188,-1.4965824135515504e-08,-1.6474435149405053e-08,1.5086110138895492e-09,1.5086110138895492,15.086110138895492,3.385137501286538,5.077706251929807,44.0,automatic
448.0,225.0,1.4927053303604616,7.0,1.8865422955842652,-1.5015139354090934e-08,-1.5725049706816208e-08,7.099103527252737e-10,0.7099103527252737,7.099103527252737,1.4927053303604616,2.4927053303604616,12.0,automatic
113.0,228.0,3.2897623212397704,34.0,1.1454006794618754,-1.3835414591767403e-08,-1.5505527528603125e-08,1.6701129368357215e-09,1.6701129368357215,16.701129368357215,3.2897623212397704,4.934643481859656,32.0,automatic
273.0,231.0,2.763953195770684,24.0,1.3278012032165531,-1.4665760161847174e-08,-1.6188916873716153e-08,1.5231567118689782e-09,1.5231567118689782,15.231567118689782,2.763953195770684,4.145929793656026,36.0,automatic
500.0,232.0,2.5231325220201604,20.0,1.347530211131618,-1.60293094353392e-08,-1.6878373365614152e-08,8.490639302749514e-10,0.8490639302749514,8.490639302749514,2.5231325220201604,3.7846987830302403,24.0,automatic
49.0,232.0,3.1915382432114616,32.0,1.1768136879086513,-1.3937892617832404e-08,-1.548664396722188e-08,1.5487513493894767e-09,1.5487513493894767,15.487513493894767,3.1915382432114616,4.787307364817193,32.0,automatic
301.0,233.0,3.477898169151024,38.0,0.6599411497477847,-1.6381138223664493e-08,-1.7130229679196418e-08,7.49091455531925e-10,0.749091455531925,7.49091455531925,3.477898169151024,5.216847253726536,52.0,automatic
246.0,236.0,3.2897623212397704,34.0,1.2503645434029416,-1.3811502164173817e-08,-1.5351327320445307e-08,1.5398251562714904e-09,1.5398251562714904,15.398251562714904,3.2897623212397704,4.934643481859656,32.0,automatic
449.0,237.0,2.763953195770684,24.0,1.3278012032165531,-1.43264973218038e-08,-1.570472019096769e-08,1.378222869163892e-09,1.378222869163892,13.78222869163892,2.763953195770684,4.145929793656026,36.0,automatic
22.0,239.0,3.2410224072142872,33.0,1.213589115655796,-1.4190469244113046e-08,-1.6453991946718816e-08,2.263522702605769e-09,2.263522702605769,22.63522702605769,3.2410224072142872,4.86153361082143,32.0,automatic
416.0,238.0,3.0901936161855166,30.0,1.2092175857965597,-1.4910524370748135e-08,-1.628556489663424e-08,1.3750405258861065e-09,1.3750405258861065,13.750405258861065,3.0901936161855166,4.635290424278275,40.0,automatic
351.0,239.0,2.763953195770684,24.0,1.3278012032165531,-1.436905705531899e-08,-1.5566678612799478e-08,1.1976215574804883e-09,1.1976215574804883,11.976215574804883,2.763953195770684,4.145929793656026,36.0,automatic
504.0,238.0,3.0382538898732494,29.0,1.2505080359301415,-1.4474683673881827e-08,-1.649565017913801e-08,2.020966505256183e-09,2.020966505256183,20.20966505256183,3.0382538898732494,4.557380834809874,40.0,automatic
154.0,241.0,3.6125759969217834,41.0,1.2277497479199184,-1.2416547789939614e-08,-1.557203876956237e-08,3.155490979622755e-09,3.155490979622755,31.554909796227548,3.6125759969217834,5.418863995382675,52.0,automatic
189.0,239.0,3.3377905890622728,35.0,1.2092828327793383,-1.3983014746088429e-08,-1.68867613226098e-08,2.903746576521371e-09,2.903746576521371,29.03746576521371,3.3377905890622728,5.006685883593409,44.0,automatic
362.0,240.0,2.9316150714175193,27.0,1.1318618593521357,-1.3367190909718829e-08,-1.5575737144502e-08,2.208546234783171e-09,2.208546234783171,22.085462347831708,2.9316150714175193,4.397422607126279,36.0,automatic
82.0,243.0,3.1915382432114616,32.0,1.1768136879086513,-1.409938299445912e-08,-1.621421485964447e-08,2.1148318651853515e-09,2.1148318651853515,21.148318651853515,3.1915382432114616,4.787307364817193,32.0,automatic
491.0,245.0,2.7057581899030048,23.0,1.27247615308253,-1.5078576609539596e-08,-1.639131141928374e-08,1.3127348097441427e-09,1.3127348097441427,13.127348097441427,2.7057581899030048,4.058637284854507,28.0,automatic
437.0,246.0,3.385137501286538,36.0,1.1424264698803188,-1.3345776928019859e-08,-1.5690845955873556e-08,2.3450690278536968e-09,2.3450690278536968,23.450690278536968,3.385137501286538,5.077706251929807,44.0,automatic
325.0,247.0,3.0901936161855166,30.0,1.293629002686353,-1.3787269992349138e-08,-1.5485333015874403e-08,1.6980630235252647e-09,1.6980630235252647,16.980630235252647,3.0901936161855166,4.635290424278275,40.0,automatic
115.0,249.0,3.1915382432114616,32.0,1.2898320915163313,-1.3999381209828243e-08,-1.577767516636186e-08,1.7782939565336164e-09,1.7782939565336164,17.782939565336164,3.1915382432114616,4.787307364817193,32.0,automatic
235.0,251.0,3.6125759969217834,41.0,1.0742998693442374,-1.4060186792619334e-08,-1.5942010378466875e-08,1.881823585847542e-09,1.8818235858475418,18.81823585847542,3.6125759969217834,5.418863995382675,52.0,automatic
11.0,250.0,2.393653682408596,18.0,1.3744708899359803,-1.507876667972141e-08,-1.6000885949551957e-08,9.221192698305458e-10,0.9221192698305458,9.221192698305458,2.393653682408596,3.590480523612894,16.0,automatic
190.0,251.0,3.0901936161855166,30.0,1.293629002686353,-1.5291199417788448e-08,-1.6970648886172057e-08,1.6794494683836092e-09,1.6794494683836092,16.794494683836092,3.0901936161855166,4.635290424278275,40.0,automatic
214.0,252.0,2.763953195770684,24.0,1.2303030149726657,-1.4890805033473953e-08,-1.6363812527231403e-08,1.47300749375745e-09,1.47300749375745,14.7300749375745,2.763953195770684,4.145929793656026,36.0,automatic
379.0,256.0,3.2410224072142872,33.0,1.2460870868673313,-1.384916892277488e-08,-1.575409669385408e-08,1.904927771079201e-09,1.9049277710792012,19.049277710792012,3.2410224072142872,4.86153361082143,32.0,automatic
59.0,256.0,3.3377905890622728,35.0,1.209282832779338,-1.4169454942702941e-08,-1.584860598313753e-08,1.67915104043459e-09,1.67915104043459,16.7915104043459,3.3377905890622728,5.006685883593409,44.0,automatic
102.0,258.0,3.0382538898732494,29.0,1.2505080359301415,-1.4480042942466298e-08,-1.629045343065627e-08,1.810410488189973e-09,1.810410488189973,18.10410488189973,3.0382538898732494,4.557380834809874,40.0,automatic
289.0,258.0,3.3377905890622728,35.0,1.1106924012725319,-1.3835225409764007e-08,-1.5869564329307195e-08,2.0343389195431882e-09,2.0343389195431882,20.343389195431882,3.3377905890622728,5.006685883593409,44.0,automatic
458.0,258.0,2.9316150714175193,27.0,1.2484780172022165,-1.4452360197481084e-08,-1.6055125229286205e-08,1.60276503180512e-09,1.60276503180512,16.0276503180512,2.9316150714175193,4.397422607126279,36.0,automatic
265.0,260.0,3.3377905890622728,35.0,1.1790889347401659,-1.3380860863776434e-08,-1.557020112841201e-08,2.1893402646355753e-09,2.1893402646355753,21.893402646355753,3.3377905890622728,5.006685883593409,44.0,automatic
477.0,261.0,3.431831258788849,37.0,1.2033266998743648,-1.3006872912058043e-08,-1.544529659724958e-08,2.4384236851915375e-09,2.4384236851915375,24.384236851915375,3.431831258788849,5.147746888183273,52.0,automatic
362.0,261.0,3.2897623212397704,34.0,1.1454006794618754,-1.3409795052155005e-08,-1.56051731536877e-08,2.1953781015326967e-09,2.1953781015326967,21.953781015326967,3.2897623212397704,4.934643481859656,32.0,automatic
174.0,265.0,3.2897623212397704,34.0,1.1747318946999283,-1.3532498677193416e-08,-1.5731933977747303e-08,2.199435300553887e-09,2.199435300553887,21.99435300553887,3.2897623212397704,4.934643481859656,32.0,automatic
130.0,266.0,3.2897623212397704,34.0,1.1454006794618754,-1.4445397766849055e-08,-1.6140994318902813e-08,1.6955965520537575e-09,1.6955965520537575,16.955965520537575,3.2897623212397704,4.934643481859656,32.0,automatic
146.0,265.0,2.876813695875796,26.0,1.2384256479434992,-1.4524691671624623e-08,-1.5886539195264504e-08,1.3618475236398808e-09,1.3618475236398808,13.618475236398808,2.876813695875796,4.315220543813694,36.0,automatic
392.0,266.0,2.763953195770684,24.0,1.230303014972666,-1.4007174087282692e-08,-1.5506174122492666e-08,1.4990000352099742e-09,1.4990000352099742,14.990000352099742,2.763953195770684,4.145929793656026,36.0,automatic
83.0,268.0,3.523362819972964,39.0,1.0788384776134494,-1.4151057214917273e-08,-1.5687077414838768e-08,1.536020199921495e-09,1.536020199921495,15.36020199921495,3.523362819972964,5.285044229959446,52.0,automatic
442.0,268.0,3.523362819972964,39.0,1.1678595163140688,-1.4443426010757321e-08,-1.6120724311008416e-08,1.6772983002510955e-09,1.6772983002510955,16.772983002510955,3.523362819972964,5.285044229959446,52.0,automatic
202.0,275.0,4.406461512053774,61.0,0.6063248581498051,-1.552822581629698e-08,-1.6759333476557003e-08,1.2311076602600224e-09,1.2311076602600224,12.311076602600224,4.406461512053774,6.609692268080661,76.0,automatic
496.0,273.0,3.2897623212397704,34.0,1.1747318946999283,-1.3749001936957939e-08,-1.5587653834359116e-08,1.8386518974011778e-09,1.8386518974011778,18.38651897401178,3.2897623212397704,4.934643481859656,32.0,automatic
6.0,273.0,2.763953195770684,24.0,1.269341157978135,-1.4511072343736942e-08,-1.6058906204818868e-08,1.5478338610819264e-09,1.5478338610819264,15.478338610819264,2.763953195770684,4.145929793656026,36.0,automatic
254.0,278.0,4.259537945889915,57.0,0.8199420174187149,-1.4137049753060182e-08,-1.5298070366043248e-08,1.1610206129830658e-09,1.1610206129830658,11.610206129830658,4.259537945889915,6.389306918834873,68.0,automatic
315.0,276.0,3.8678889139475245,47.0,1.0340231824193642,-1.4370112211281594e-08,-1.651158854087953e-08,2.1414763295979355e-09,2.1414763295979355,21.414763295979355,3.8678889139475245,5.801833370921287,56.0,automatic
245.0,276.0,3.0382538898732494,29.0,1.2505080359301415,-1.4162989003807525e-08,-1.553474948678968e-08,1.371760482982154e-09,1.371760482982154,13.71760482982154,3.0382538898732494,4.557380834809874,40.0,automatic
278.0,276.0,3.3377905890622728,35.0,1.073355474593179,-1.3519646735460356e-08,-1.5353990079347568e-08,1.8343433438872125e-09,1.8343433438872125,18.343433438872125,3.3377905890622728,5.006685883593409,44.0,automatic
125.0,280.0,4.950743503369154,77.0,0.8023114549800777,-1.577370767336106e-08,-1.7022734333238532e-08,1.2490266598774724e-09,1.2490266598774724,12.490266598774724,4.950743503369154,7.42611525505373,108.0,automatic
66.0,278.0,3.0382538898732494,29.0,1.1689103329366752,-1.4541297943537757e-08,-1.6517260448267734e-08,1.975962504729978e-09,1.9759625047299778,19.759625047299778,3.0382538898732494,4.557380834809874,40.0,automatic
108.0,278.0,1.381976597885342,6.0,2.0943951023931953,-1.6801896762785873e-08,-1.7500288329586056e-08,6.983915668001828e-10,0.6983915668001828,6.983915668001828,1.381976597885342,2.381976597885342,16.0,automatic
348.0,280.0,4.370193722368317,60.0,0.7985364214113292,-1.4079143184630993e-08,-1.6163555827120035e-08,2.084412642489042e-09,2.084412642489042,20.84412642489042,4.370193722368317,6.555290583552475,76.0,automatic
179.0,281.0,3.385137501286538,36.0,1.0529332270693827,-1.3654296360243734e-08,-1.5928031338319215e-08,2.273734978075481e-09,2.273734978075481,22.737349780754812,3.385137501286538,5.077706251929807,44.0,automatic
397.0,283.0,3.2897623212397704,34.0,1.1454006794618754,-1.3939685850061778e-08,-1.545462957608379e-08,1.5149437260220111e-09,1.514943726022011,15.149437260220111,3.2897623212397704,4.934643481859656,32.0,automatic
378.0,283.0,2.393653682408596,18.0,1.2127771900184563,-1.4797912228914356e-08,-1.591104847875613e-08,1.113136249841773e-09,1.113136249841773,11.13136249841773,2.393653682408596,3.590480523612894,16.0,automatic
197.0,283.0,1.7841241161527712,10.0,1.612290114395414,-1.6294110949388596e-08,-1.7052671275052944e-08,7.585603256643481e-10,0.7585603256643481,7.585603256643481,1.7841241161527712,2.7841241161527712,12.0,automatic
44.0,286.0,3.1915382432114616,32.0,1.1768136879086513,-1.3808303833684477e-08,-1.5452400248250342e-08,1.6440964145658654e-09,1.6440964145658654,16.440964145658654,3.1915382432114616,4.787307364817193,32.0,automatic
210.0,286.0,3.477898169151024,38.0,1.137914400511144,-1.339405208966582e-08,-1.5733225389169547e-08,2.3391732995037273e-09,2.3391732995037273,23.391732995037273,3.477898169151024,5.216847253726536,52.0,automatic
445.0,286.0,3.6125759969217834,41.0,1.2277497479199184,-1.321424036859753e-08,-1.5926926444365108e-08,2.7126860757675786e-09,2.7126860757675786,27.126860757675786,3.6125759969217834,5.418863995382675,52.0,automatic
11.0,286.0,2.7057581899030048,23.0,1.27247615308253,-1.50148853350629e-08,-1.6331040519901308e-08,1.3161551848384079e-09,1.3161551848384079,13.161551848384079,2.7057581899030048,4.058637284854507,28.0,automatic
483.0,286.0,2.5854414729132054,21.0,1.200159547706528,-1.5014430587712013e-08,-1.6399937408095866e-08,1.3855068203838528e-09,1.3855068203838528,13.855068203838528,2.5854414729132054,3.8781622093698083,24.0,automatic
142.0,289.0,2.9316150714175193,27.0,1.2484780172022165,-1.3974386980919462e-08,-1.535727633950046e-08,1.3828893585809965e-09,1.3828893585809965,13.828893585809965,2.9316150714175193,4.397422607126279,36.0,automatic
340.0,287.0,2.876813695875796,26.0,1.148851860949444,-1.589819476066623e-08,-1.6635440580614613e-08,7.372458199483845e-10,0.7372458199483845,7.3724581994838445,2.876813695875796,4.315220543813694,36.0,automatic
508.0,288.0,2.6462837142006137,22.0,1.3628608270970017,-1.5013705834121538e-08,-1.6461419782842768e-08,1.4477139487212298e-09,1.4477139487212298,14.477139487212298,2.6462837142006137,3.9694255713009206,24.0,automatic
92.0,289.0,2.1850968611841584,15.0,1.446802115179039,-1.5133492681229654e-08,-1.6136388225618248e-08,1.0028955443885934e-09,1.0028955443885934,10.028955443885934,2.1850968611841584,3.2776452917762375,24.0,automatic
102.0,289.0,2.6462837142006137,22.0,1.3628608270970017,-1.5112867401967378e-08,-1.6456334073211565e-08,1.3434666712441867e-09,1.3434666712441867,13.434666712441867,2.6462837142006137,3.9694255713009206,24.0,automatic
250.0,293.0,3.7846987830302403,45.0,0.8996564846733152,-1.4775583423443095e-08,-1.592848786202694e-08,1.152904438583846e-09,1.152904438583846,11.52904438583846,3.7846987830302403,5.6770481745453605,56.0,automatic
324.0,294.0,3.7846987830302403,45.0,0.9274621334077037,-1.3526156195098338e-08,-1.539355043433943e-08,1.8673942392410936e-09,1.8673942392410936,18.673942392410936,3.7846987830302403,5.6770481745453605,56.0,automatic
412.0,295.0,2.6462837142006137,22.0,1.3175850953286932,-1.4457089747565988e-08,-1.575525665487021e-08,1.2981669073042212e-09,1.2981669073042212,12.981669073042212,2.6462837142006137,3.9694255713009206,24.0,automatic
457.0,294.0,1.9544100476116797,12.0,1.4373655585403924,-1.5302699551966725e-08,-1.601562704678372e-08,7.12927494816995e-10,0.712927494816995,7.12927494816995,1.9544100476116797,2.9544100476116797,16.0,automatic
160.0,297.0,3.141274657157109,31.0,1.249524838656446,-1.4244754709125118e-08,-1.5750294402039344e-08,1.5055396929142262e-09,1.5055396929142262,15.055396929142262,3.141274657157109,4.7119119857356635,40.0,automatic
196.0,296.0,2.326213245840639,17.0,1.4253075265915784,-1.5407453091142997e-08,-1.628631363104205e-08,8.788605398990512e-10,0.8788605398990512,8.788605398990512,2.326213245840639,3.4893198687609583,16.0,automatic
147.0,300.0,3.0901936161855166,30.0,1.293629002686353,-1.434847263226402e-08,-1.5947115628023312e-08,1.5986429957592918e-09,1.5986429957592918,15.986429957592918,3.0901936161855166,4.635290424278275,40.0,automatic
389.0,299.0,2.6462837142006137,22.0,1.217151102948507,-1.455363918267949e-08,-1.5651845153286104e-08,1.0982059706066138e-09,1.0982059706066138,10.982059706066138,2.6462837142006137,3.9694255713009206,24.0,automatic
96.0,299.0,2.1850968611841584,15.0,1.387197796891351,-1.570981744691835e-08,-1.6466867869269208e-08,7.570504223508578e-10,0.7570504223508578,7.570504223508578,2.1850968611841584,3.2776452917762375,24.0,automatic
53.0,302.0,3.477898169151024,38.0,1.1114295174621263,-1.3173163004864819e-08,-1.55188084605129e-08,2.345645455648082e-09,2.345645455648082,23.45645455648082,3.477898169151024,5.216847253726536,52.0,automatic
451.0,302.0,2.256758334191025,16.0,1.4796776500174416,-1.4861208263994286e-08,-1.5950778475826155e-08,1.0895702118318695e-09,1.0895702118318695,10.895702118318695,2.256758334191025,3.385137501286538,16.0,automatic
20.0,305.0,3.141274657157109,31.0,0.857538277077357,-1.5344818748985745e-08,-1.6075058617559534e-08,7.302398685737899e-10,0.7302398685737899,7.302398685737899,3.141274657157109,4.7119119857356635,40.0,automatic
127.0,306.0,3.2897623212397704,34.0,1.1454006794618754,-1.3855728120404365e-08,-1.6101098232468303e-08,2.245370112063938e-09,2.245370112063938,22.45370112063938,3.2897623212397704,4.934643481859656,32.0,automatic
183.0,305.0,2.0342144725641096,13.0,1.5571460217520925,-1.5746065784583152e-08,-1.666998361571359e-08,9.239178311304386e-10,0.9239178311304386,9.239178311304386,2.0342144725641096,3.0513217088461646,16.0,automatic
400.0,305.0,2.9316150714175193,27.0,1.2484780172022165,-1.3850670832482592e-08,-1.5808139686157574e-08,1.957468853674982e-09,1.9574688536749818,19.574688536749818,2.9316150714175193,4.397422607126279,36.0,automatic
492.0,306.0,3.656366395715726,42.0,1.1005023051819018,-1.3322503100710037e-08,-1.581555242324839e-08,2.4930493225383543e-09,2.4930493225383543,24.930493225383543,3.656366395715726,5.48454959357359,52.0,automatic
216.0,309.0,3.6996385101659595,43.0,1.0687636302582568,-1.3273698584725935e-08,-1.5529835195593478e-08,2.256136610867543e-09,2.256136610867543,22.56136610867543,3.6996385101659595,5.549457765248939,52.0,automatic
288.0,311.0,3.431831258788849,37.0,1.0269347545877192,-1.3750374172616375e-08,-1.587852516138355e-08,2.1281509887671746e-09,2.1281509887671746,21.281509887671746,3.431831258788849,5.147746888183273,52.0,automatic
433.0,310.0,3.2410224072142872,33.0,1.1117124241835845,-1.4385149960105537e-08,-1.6293399518474416e-08,1.9082495583688797e-09,1.9082495583688797,19.082495583688797,3.2410224072142872,4.86153361082143,32.0,automatic
457.0,309.0,3.826519928662906,46.0,0.9021030400678829,-1.5421045773678088e-08,-1.6170931260717225e-08,7.498854870391369e-10,0.7498854870391369,7.498854870391369,3.826519928662906,5.739779892994359,56.0,automatic
276.0,309.0,1.7841241161527712,10.0,1.5271898777066448,-1.5011305976031508e-08,-1.5713057521793417e-08,7.017515457619083e-10,0.7017515457619083,7.0175154576190835,1.7841241161527712,2.7841241161527712,12.0,automatic
12.0,313.0,3.141274657157109,31.0,1.249524838656446,-1.4280060689486618e-08,-1.612156808050713e-08,1.8415073910205138e-09,1.8415073910205138,18.415073910205138,3.141274657157109,4.7119119857356635,40.0,automatic
390.0,314.0,2.5231325220201604,20.0,1.347530211131618,-1.4895367606015952e-08,-1.5714300083402577e-08,8.189324773866247e-10,0.8189324773866247,8.189324773866247,2.5231325220201604,3.7846987830302403,24.0,automatic
244.0,314.0,2.7057581899030048,23.0,1.1790403893488048,-1.5424371113681445e-08,-1.690654638508704e-08,1.4821752714055947e-09,1.4821752714055947,14.821752714055947,2.7057581899030048,4.058637284854507,28.0,automatic
353.0,314.0,2.5854414729132054,21.0,1.3009126076835016,-1.4411830839833328e-08,-1.5794991981010753e-08,1.3831611411774247e-09,1.3831611411774247,13.831611411774247,2.5854414729132054,3.8781622093698083,24.0,automatic
311.0,315.0,3.1915382432114616,32.0,1.1768136879086508,-1.4094175604384418e-08,-1.5875490255723435e-08,1.7813146513390166e-09,1.7813146513390166,17.813146513390166,3.1915382432114616,4.787307364817193,32.0,automatic
162.0,321.0,4.54864184146723,65.0,0.7625816596800631,-1.3610273796871297e-08,-1.5877201775538197e-08,2.2669279786668994e-09,2.2669279786668994,22.669279786668994,4.54864184146723,6.822962762200845,76.0,automatic
374.0,318.0,2.985410660720923,28.0,1.2073870691739297,-1.3822086586401383e-08,-1.5548145881894015e-08,1.7260592954926324e-09,1.7260592954926324,17.260592954926324,2.985410660720923,4.478115991081385,44.0,automatic
466.0,318.0,2.6462837142006137,22.0,1.3628608270970017,-1.6041182604453752e-08,-1.7820828368542152e-08,1.7796457640884e-09,1.7796457640884,17.796457640884,2.6462837142006137,3.9694255713009206,24.0,automatic
123.0,325.0,3.385137501286538,36.0,1.1708043566345168,-1.3569261270163224e-08,-1.5558635269030674e-08,1.9893739988674497e-09,1.9893739988674497,19.893739988674497,3.385137501286538,5.077706251929807,44.0,automatic
263.0,325.0,3.385137501286538,36.0,1.0780241689052947,-1.4385885371837048e-08,-1.603271293504349e-08,1.6468275632064433e-09,1.6468275632064433,16.468275632064433,3.385137501286538,5.077706251929807,44.0,automatic
488.0,324.0,2.985410660720923,28.0,1.1286030800767899,-1.4755070054661701e-08,-1.6159329874199102e-08,1.4042598195374012e-09,1.4042598195374012,14.042598195374012,2.985410660720923,4.478115991081385,44.0,automatic
13.0,325.0,2.8209479177387813,25.0,1.2815656405965272,-1.547417127767403e-08,-1.718605791012351e-08,1.7118866324494775e-09,1.7118866324494775,17.118866324494775,2.8209479177387813,4.231421876608172,36.0,automatic
412.0,324.0,1.8712051592547776,11.0,1.5596762428619324,-1.5394816088587504e-08,-1.6031757255063894e-08,6.369411664763902e-10,0.6369411664763902,6.369411664763902,1.8712051592547776,2.8712051592547776,16.0,automatic
96.0,329.0,3.656366395715726,42.0,1.1618260528144841,-1.4496227329630074e-08,-1.6280306880389617e-08,1.784079550759543e-09,1.784079550759543,17.84079550759543,3.656366395715726,5.48454959357359,52.0,automatic
285.0,327.0,3.0382538898732494,29.0,1.2505080359301415,-1.4597778097424907e-08,-1.5936345576506028e-08,1.3385674790811208e-09,1.3385674790811208,13.385674790811208,3.0382538898732494,4.557380834809874,40.0,automatic
60.0,331.0,3.431831258788849,37.0,1.1741605384881055,-1.3880920413100739e-08,-1.5664632257994526e-08,1.7837118448937872e-09,1.7837118448937872,17.837118448937872,3.431831258788849,5.147746888183273,52.0,automatic
34.0,334.0,3.656366395715726,42.0,1.1005023051819018,-1.508569802410875e-08,-1.6625568477479646e-08,1.5398704533708951e-09,1.5398704533708951,15.398704533708951,3.656366395715726,5.48454959357359,52.0,automatic
234.0,334.0,3.7846987830302403,45.0,1.1184735665493386,-1.350183165271801e-08,-1.5644105566536837e-08,2.1422739138188263e-09,2.1422739138188263,21.422739138188263,3.7846987830302403,5.6770481745453605,56.0,automatic
305.0,332.0,2.9316150714175193,27.0,1.2860574036336336,-1.417082007293402e-08,-1.5023753796583605e-08,8.529337236495849e-10,0.8529337236495849,8.529337236495849,2.9316150714175193,4.397422607126279,36.0,automatic
454.0,335.0,2.876813695875796,26.0,1.2924583435681247,-1.5067888270436924e-08,-1.663468118806577e-08,1.5667929176288453e-09,1.5667929176288453,15.667929176288453,2.876813695875796,4.315220543813694,36.0,automatic
374.0,335.0,2.7057581899030048,23.0,1.1790403893488048,-1.44147600522615e-08,-1.5577653833531713e-08,1.1628937812702134e-09,1.1628937812702134,11.628937812702134,2.7057581899030048,4.058637284854507,28.0,automatic
153.0,336.0,2.5231325220201604,20.0,1.1978046321169937,-1.5020594545944732e-08,-1.594975440610824e-08,9.291598601635087e-10,0.9291598601635087,9.291598601635087,2.5231325220201604,3.7846987830302403,24.0,automatic
196.0,338.0,3.0382538898732494,29.0,1.2505080359301415,-1.389383275096634e-08,-1.6226962884502427e-08,2.3331301335360877e-09,2.3331301335360877,23.331301335360877,3.0382538898732494,4.557380834809874,40.0,automatic
490.0,338.0,2.393653682408596,18.0,1.3744708899359803,-1.5693599308974626e-08,-1.7066169810675547e-08,1.3725705017009204e-09,1.3725705017009204,13.725705017009204,2.393653682408596,3.590480523612894,16.0,automatic
29.0,341.0,2.4592453796829674,19.0,1.2801537005750372,-1.580246511423411e-08,-1.6638243671707187e-08,8.357785574730769e-10,0.8357785574730769,8.35778557473077,2.4592453796829674,3.6888680695244513,24.0,automatic
85.0,340.0,2.985410660720923,28.0,1.1286030800767899,-1.485897360709032e-08,-1.6400418800799343e-08,1.5414451937090234e-09,1.5414451937090234,15.414451937090234,2.985410660720923,4.478115991081385,44.0,automatic
396.0,341.0,3.6996385101659595,43.0,1.1267047410195665,-1.3736538129194287e-08,-1.5587354518231678e-08,1.8508163890373908e-09,1.8508163890373908,18.508163890373908,3.6996385101659595,5.549457765248939,52.0,automatic
422.0,340.0,3.0901936161855166,30.0,1.2576242881690396,-1.4225935096590092e-08,-1.5640117645432383e-08,1.414182548842291e-09,1.414182548842291,14.14182548842291,3.0901936161855166,4.635290424278275,40.0,automatic
19.0,341.0,2.111004122822376,14.0,1.500400304239239,-1.634145974094281e-08,-1.6983470629838848e-08,6.420108888960385e-10,0.6420108888960385,6.420108888960385,2.111004122822376,3.1665061842335644,24.0,automatic
501.0,342.0,2.8209479177387813,25.0,1.2815656405965272,-1.535025084820063e-08,-1.6816103176608976e-08,1.4658523284083458e-09,1.4658523284083458,14.658523284083458,2.8209479177387813,4.231421876608172,36.0,automatic
184.0,343.0,3.0901936161855166,30.0,1.293629002686353,-1.4377936174980732e-08,-1.618364997568733e-08,1.8057138007065987e-09,1.8057138007065987,18.057138007065987,3.0901936161855166,4.635290424278275,40.0,automatic
326.0,345.0,3.523362819972964,39.0,1.1678595163140693,-1.2981132613276714e-08,-1.5240552819761888e-08,2.2594202064851743e-09,2.2594202064851743,22.594202064851743,3.523362819972964,5.285044229959446,52.0,automatic
336.0,344.0,2.876813695875796,26.0,1.3328282662203883,-1.3702312173791142e-08,-1.5289163712850495e-08,1.586851539059353e-09,1.586851539059353,15.86851539059353,2.876813695875796,4.315220543813694,36.0,automatic
345.0,344.0,1.8712051592547776,11.0,1.5596762428619324,-1.4417915750186694e-08,-1.5260578578590867e-08,8.426628284041726e-10,0.8426628284041726,8.426628284041726,1.8712051592547776,2.8712051592547776,16.0,automatic
146.0,345.0,2.4592453796829674,19.0,1.3268842295691072,-1.5216897963910014e-08,-1.6292569071651997e-08,1.0756711077419823e-09,1.0756711077419823,10.756711077419823,2.4592453796829674,3.6888680695244513,24.0,automatic
58.0,346.0,3.385137501286538,36.0,1.1424264698803188,-1.4349394561463669e-08,-1.6059691354541883e-08,1.7102967930782143e-09,1.7102967930782143,17.102967930782143,3.385137501286538,5.077706251929807,44.0,automatic
23.0,354.0,4.145929793656026,54.0,0.5367465957391716,-1.4834252048956387e-08,-1.6044245931823298e-08,1.209993882866911e-09,1.209993882866911,12.09993882866911,4.145929793656026,6.2188946904840385,64.0,automatic
223.0,351.0,2.326213245840639,17.0,1.4253075265915784,-1.6168879568567718e-08,-1.7500966009720287e-08,1.332086441152569e-09,1.332086441152569,13.32086441152569,2.326213245840639,3.4893198687609583,16.0,automatic
426.0,351.0,3.2410224072142872,33.0,1.213589115655796,-1.4256815283886226e-08,-1.5481181669940725e-08,1.2243663860544984e-09,1.2243663860544984,12.243663860544984,3.2410224072142872,4.86153361082143,32.0,automatic
505.0,351.0,3.1915382432114616,32.0,0.9779172938238562,-1.6354361420667374e-08,-1.7291502452110308e-08,9.37141031442934e-10,0.937141031442934,9.37141031442934,3.1915382432114616,4.787307364817193,32.0,automatic
447.0,353.0,4.068428945128219,52.0,0.8758946372355518,-1.43873304381259e-08,-1.5914964457408587e-08,1.5276340192826865e-09,1.5276340192826865,15.276340192826865,4.068428945128219,6.102643417692329,72.0,automatic
164.0,353.0,2.256758334191025,16.0,1.4796776500174416,-1.671897287280899e-08,-1.761513157561012e-08,8.961587028011309e-10,0.8961587028011309,8.961587028011309,2.256758334191025,3.385137501286538,16.0,automatic
181.0,352.0,1.5957691216057308,8.0,1.8288145488861385,-1.6056716845014307e-08,-1.6701417138165198e-08,6.447002931508905e-10,0.6447002931508905,6.447002931508905,1.5957691216057308,2.5957691216057306,12.0,automatic
247.0,355.0,3.5682482323055424,40.0,1.1978046321169937,-1.3339474413953667e-08,-1.5307555223387226e-08,1.968080809433559e-09,1.968080809433559,19.68080809433559,3.5682482323055424,5.352372348458314,52.0,automatic
126.0,356.0,3.6996385101659595,43.0,1.0687636302582568,-1.3697955658642513e-08,-1.5480350334939885e-08,1.782394676297372e-09,1.782394676297372,17.82394676297372,3.6996385101659595,5.549457765248939,52.0,automatic
474.0,355.0,2.1850968611841584,15.0,1.387197796891351,-1.636480284616937e-08,-1.6974235350630806e-08,6.094325044614379e-10,0.6094325044614379,6.094325044614379,2.1850968611841584,3.2776452917762375,24.0,automatic
456.0,354.0,1.692568750643269,9.0,1.6646373562696222,-1.6157271076622237e-08,-1.700099527823795e-08,8.437242016157143e-10,0.8437242016157143,8.437242016157143,1.692568750643269,2.692568750643269,12.0,automatic
484.0,356.0,2.985410660720923,28.0,1.1286030800767892,-1.567326535223401e-08,-1.6601187091680458e-08,9.279217394464467e-10,0.9279217394464467,9.279217394464467,2.985410660720923,4.478115991081385,44.0,automatic
57.0,357.0,1.9544100476116797,12.0,1.6170362533579417,-1.5790426743933494e-08,-1.6442969652530337e-08,6.525429085968426e-10,0.6525429085968426,6.525429085968426,1.9544100476116797,2.9544100476116797,16.0,automatic
368.0,359.0,3.3377905890622728,35.0,1.2092828327793383,-1.3614545046891635e-08,-1.5211267800907535e-08,1.5967227540159001e-09,1.5967227540159001,15.967227540159001,3.3377905890622728,5.006685883593409,44.0,automatic
5.0,360.0,3.5682482323055424,40.0,1.1699258078548693,-1.3674266163832272e-08,-1.5502708450298996e-08,1.828442286466725e-09,1.828442286466725,18.28442286466725,3.5682482323055424,5.352372348458314,52.0,automatic
201.0,359.0,2.5231325220201604,20.0,1.347530211131618,-1.6229318333671472e-08,-1.6861883445074e-08,6.325651114025277e-10,0.6325651114025277,6.325651114025277,2.5231325220201604,3.7846987830302403,24.0,automatic
77.0,361.0,2.876813695875796,26.0,1.2022380906391716,-1.4655422653220285e-08,-1.628536061559771e-08,1.6299379623774257e-09,1.6299379623774257,16.299379623774257,2.876813695875796,4.315220543813694,36.0,automatic
175.0,364.0,2.0342144725641096,13.0,1.393228853936436,-1.5975411216118118e-08,-1.6687776493995443e-08,7.123652778773248e-10,0.7123652778773248,7.123652778773248,2.0342144725641096,3.0513217088461646,16.0,automatic
449.0,365.0,2.876813695875796,26.0,1.1537086777593573,-1.5970300637491164e-08,-1.658085935218878e-08,6.105587146976177e-10,0.6105587146976177,6.105587146976177,2.876813695875796,4.315220543813694,36.0,automatic
218.0,367.0,2.6462837142006137,22.0,1.3628608270970017,-1.5269744579882172e-08,-1.6589258855503886e-08,1.3195142756217138e-09,1.3195142756217138,13.195142756217138,2.6462837142006137,3.9694255713009206,24.0,automatic
277.0,369.0,3.2897623212397704,34.0,1.2503645434029416,-1.3394418907353156e-08,-1.5406574682685914e-08,2.012155775332758e-09,2.012155775332758,20.12155775332758,3.2897623212397704,4.934643481859656,32.0,automatic
392.0,369.0,3.1915382432114616,32.0,1.2083268721137757,-1.3595895076434772e-08,-1.594679233107854e-08,2.350897254643769e-09,2.350897254643769,23.50897254643769,3.1915382432114616,4.787307364817193,32.0,automatic
49.0,371.0,2.876813695875796,26.0,1.2022380906391716,-1.4588223073985773e-08,-1.610211342040202e-08,1.5138903464162468e-09,1.5138903464162468,15.138903464162468,2.876813695875796,4.315220543813694,36.0,automatic
96.0,371.0,3.3377905890622728,35.0,1.1106924012725319,-1.3382641661507932e-08,-1.5798329755511986e-08,2.4156880940040537e-09,2.4156880940040537,24.156880940040537,3.3377905890622728,5.006685883593409,44.0,automatic
355.0,371.0,3.385137501286538,36.0,1.1424264698803186,-1.3688845612591649e-08,-1.5550392973295857e-08,1.8615473607042077e-09,1.8615473607042077,18.615473607042077,3.385137501286538,5.077706251929807,44.0,automatic
71.0,371.0,1.2615662610100802,5.0,2.3173247538676778,-1.5482724435855744e-08,-1.6103496314201493e-08,6.207718783457494e-10,0.6207718783457494,6.207718783457494,1.2615662610100802,2.2615662610100804,16.0,automatic
429.0,372.0,2.9316150714175193,27.0,1.1642661024177179,-1.4215825849817065e-08,-1.6018580240029223e-08,1.8027543902121579e-09,1.8027543902121579,18.02754390212158,2.9316150714175193,4.397422607126279,36.0,automatic
312.0,373.0,3.431831258788849,37.0,1.1741605384881053,-1.3286660660583038e-08,-1.5701148825542077e-08,2.414488164959039e-09,2.414488164959039,24.14488164959039,3.431831258788849,5.147746888183273,52.0,automatic
106.0,373.0,3.2897623212397704,34.0,1.1057596701548214,-1.5069376857468342e-08,-1.567353447029518e-08,6.041576128268389e-10,0.6041576128268389,6.041576128268389,3.2897623212397704,4.934643481859656,32.0,automatic
236.0,375.0,3.523362819972964,39.0,1.2376286757036785,-1.341978972391189e-08,-1.5748391035685927e-08,2.3286013117740367e-09,2.3286013117740367,23.286013117740367,3.523362819972964,5.285044229959446,52.0,automatic
495.0,376.0,3.6996385101659595,43.0,1.126704741019566,-1.4355702404600379e-08,-1.6359017251943442e-08,2.003314847343063e-09,2.003314847343063,20.03314847343063,3.6996385101659595,5.549457765248939,52.0,automatic
19.0,375.0,2.876813695875796,26.0,1.2384256479434992,-1.4989369745421754e-08,-1.6959037729691318e-08,1.969667984269563e-09,1.969667984269563,19.69667984269563,2.876813695875796,4.315220543813694,36.0,automatic
66.0,376.0,3.385137501286538,36.0,1.1424264698803188,-1.4023023631182241e-08,-1.6362890598031754e-08,2.339866966849513e-09,2.339866966849513,23.39866966849513,3.385137501286538,5.077706251929807,44.0,automatic
255.0,378.0,4.068428945128219,52.0,0.6325046885249922,-1.327584620014477e-08,-1.50772603291216e-08,1.8014141289768304e-09,1.8014141289768304,18.014141289768304,4.068428945128219,6.102643417692329,72.0,automatic
140.0,383.0,3.826519928662906,46.0,1.1433285346948794,-1.2943008442789505e-08,-1.5652790175124665e-08,2.709781732335159e-09,2.709781732335159,27.09781732335159,3.826519928662906,5.739779892994359,56.0,automatic
451.0,381.0,2.5854414729132054,21.0,1.3009126076835016,-1.6419864579120258e-08,-1.741364208385221e-08,9.93777504731952e-10,0.9937775047319519,9.93777504731952,2.5854414729132054,3.8781622093698083,24.0,automatic
40.0,385.0,3.523362819972964,39.0,0.6454031969438604,-1.4946241577717956e-08,-1.6463539864730592e-08,1.5172982870126361e-09,1.5172982870126361,15.172982870126361,3.523362819972964,5.285044229959446,52.0,automatic
203.0,386.0,2.5854414729132054,21.0,1.2576948637228433,-1.5053423396693688e-08,-1.6339779307372737e-08,1.286355910679049e-09,1.286355910679049,12.86355910679049,2.5854414729132054,3.8781622093698083,24.0,automatic
11.0,387.0,2.9316150714175193,27.0,1.2484780172022165,-1.491939372044726e-08,-1.6136422864576616e-08,1.2170291441293557e-09,1.2170291441293557,12.170291441293557,2.9316150714175193,4.397422607126279,36.0,automatic
295.0,387.0,3.1915382432114616,32.0,1.105630018541109,-1.427033691214774e-08,-1.587938314173698e-08,1.6090462295892394e-09,1.6090462295892394,16.090462295892394,3.1915382432114616,4.787307364817193,32.0,automatic
328.0,388.0,3.656366395715726,42.0,1.1005023051819018,-1.3288715017267805e-08,-1.579840347432082e-08,2.5096884570530165e-09,2.5096884570530165,25.096884570530165,3.656366395715726,5.48454959357359,52.0,automatic
422.0,388.0,2.5854414729132054,21.0,1.1618260528144841,-1.4627818067936005e-08,-1.5811389530995257e-08,1.183571463059252e-09,1.183571463059252,11.83571463059252,2.5854414729132054,3.8781622093698083,24.0,automatic
399.0,389.0,3.2410224072142872,33.0,1.2460870868673313,-1.3424837241871046e-08,-1.5890571525289943e-08,2.4657342834188967e-09,2.4657342834188967,24.657342834188967,3.2410224072142872,4.86153361082143,32.0,automatic
60.0,392.0,3.0901936161855166,30.0,1.293629002686353,-1.4675913817541186e-08,-1.6516660927834437e-08,1.8407471102932504e-09,1.8407471102932504,18.407471102932504,3.0901936161855166,4.635290424278275,40.0,automatic
440.0,391.0,2.5231325220201604,20.0,1.347530211131618,-1.6330364616123916e-08,-1.7297675292127224e-08,9.673106760033079e-10,0.9673106760033079,9.673106760033079,2.5231325220201604,3.7846987830302403,24.0,automatic
375.0,392.0,2.7057581899030048,23.0,1.314460457011912,-1.48509791131346e-08,-1.5857915869332828e-08,1.006936756198229e-09,1.006936756198229,10.06936756198229,2.7057581899030048,4.058637284854507,28.0,automatic
472.0,394.0,3.3377905890622728,35.0,1.2092828327793383,-1.3596604730992112e-08,-1.608058308733007e-08,2.483978356337957e-09,2.483978356337957,24.83978356337957,3.3377905890622728,5.006685883593409,44.0,automatic
181.0,395.0,3.6125759969217834,41.0,1.2277497479199184,-1.3869757786721948e-08,-1.6169578564984022e-08,2.299820778262074e-09,2.299820778262074,22.99820778262074,3.6125759969217834,5.418863995382675,52.0,automatic
459.0,394.0,3.826519928662906,46.0,0.9613862008862505,-1.4162520045601923e-08,-1.60976130203494e-08,1.9350929747474765e-09,1.9350929747474765,19.350929747474765,3.826519928662906,5.739779892994359,56.0,automatic
355.0,395.0,3.385137501286538,36.0,1.1424264698803188,-1.3697292189362997e-08,-1.600087795594618e-08,2.3035857665831827e-09,2.3035857665831827,23.035857665831827,3.385137501286538,5.077706251929807,44.0,automatic
238.0,396.0,1.692568750643269,9.0,1.7671458676442586,-1.4669496728458853e-08,-1.5681184351024058e-08,1.011687622565205e-09,1.011687622565205,10.11687622565205,1.692568750643269,2.692568750643269,12.0,automatic
107.0,400.0,3.742410318509555,44.0,1.1529071768572303,-1.3333877113552717e-08,-1.5598476288403162e-08,2.2645991748504457e-09,2.2645991748504457,22.645991748504457,3.742410318509555,5.613615477764332,52.0,automatic
192.0,399.0,2.985410660720923,28.0,1.2073870691739297,-1.4616767352038096e-08,-1.6154710458238242e-08,1.5379431062001458e-09,1.5379431062001458,15.379431062001458,2.985410660720923,4.478115991081385,44.0,automatic
9.0,401.0,2.985410660720923,28.0,1.2073870691739297,-1.4745499044011012e-08,-1.6281770598425283e-08,1.5362715544142702e-09,1.5362715544142702,15.362715544142702,2.985410660720923,4.478115991081385,44.0,automatic
129.0,400.0,2.6462837142006137,22.0,1.3628608270970017,-1.4575131324079393e-08,-1.585877296150784e-08,1.2836416374284454e-09,1.2836416374284454,12.836416374284454,2.6462837142006137,3.9694255713009206,24.0,automatic
35.0,402.0,3.2410224072142872,33.0,1.1401809566205192,-1.3918336705387446e-08,-1.6294524840532176e-08,2.37618813514473e-09,2.37618813514473,23.7618813514473,3.2410224072142872,4.86153361082143,32.0,automatic
204.0,403.0,1.7841241161527712,10.0,1.5271898777066448,-1.540131400190603e-08,-1.602945598477845e-08,6.281419828724211e-10,0.6281419828724211,6.281419828724211,1.7841241161527712,2.7841241161527712,12.0,automatic
88.0,409.0,3.0382538898732494,29.0,1.0390314070548223,-1.5170218858884255e-08,-1.5813709453027514e-08,6.434905941432589e-10,0.6434905941432589,6.434905941432589,3.0382538898732494,4.557380834809874,40.0,automatic
100.0,409.0,2.1850968611841584,15.0,1.446802115179039,-1.4984307128429464e-08,-1.570920016291666e-08,7.248930344871951e-10,0.7248930344871951,7.248930344871951,2.1850968611841584,3.2776452917762375,24.0,automatic
77.0,413.0,3.656366395715726,42.0,1.0217383430019105,-1.4455962649151388e-08,-1.6199772190361728e-08,1.7438095412103394e-09,1.7438095412103394,17.438095412103394,3.656366395715726,5.48454959357359,52.0,automatic
274.0,412.0,3.477898169151024,38.0,1.137914400511144,-1.3451916913709283e-08,-1.5589675328442354e-08,2.137758414733071e-09,2.137758414733071,21.377584147330708,3.477898169151024,5.216847253726536,52.0,automatic
141.0,412.0,2.4592453796829674,19.0,1.1770161688565015,-1.48864023330475e-08,-1.587875697595109e-08,9.923546429035923e-10,0.9923546429035923,9.923546429035923,2.4592453796829674,3.6888680695244513,24.0,automatic
236.0,414.0,2.985410660720923,28.0,1.2947179437652612,-1.3278797617033433e-08,-1.531388438280601e-08,2.0350867657725757e-09,2.0350867657725757,20.350867657725757,2.985410660720923,4.478115991081385,44.0,automatic
183.0,413.0,2.5231325220201604,20.0,1.347530211131618,-1.5376247830545253e-08,-1.7006278163478328e-08,1.6300303329330745e-09,1.6300303329330745,16.300303329330745,2.5231325220201604,3.7846987830302403,24.0,automatic
48.0,415.0,2.8209479177387813,25.0,1.2815656405965272,-1.4876524012663594e-08,-1.6233042465785275e-08,1.35651845312168e-09,1.35651845312168,13.5651845312168,2.8209479177387813,4.231421876608172,36.0,automatic
85.0,418.0,2.326213245840639,17.0,1.1747318946999286,-1.506322355737666e-08,-1.582767250596362e-08,7.644489485869599e-10,0.7644489485869599,7.644489485869599,2.326213245840639,3.4893198687609583,16.0,automatic
395.0,420.0,3.477898169151024,38.0,1.137914400511144,-1.450230779909134e-08,-1.6362939447844838e-08,1.8606316487534968e-09,1.8606316487534968,18.60631648753497,3.477898169151024,5.216847253726536,52.0,automatic
432.0,419.0,3.477898169151024,38.0,1.1379144005111443,-1.3105412755010093e-08,-1.526743709234779e-08,2.162024337337698e-09,2.162024337337698,21.62024337337698,3.477898169151024,5.216847253726536,52.0,automatic
340.0,422.0,3.656366395715726,42.0,0.991570877510774,-1.3865466996776377e-08,-1.5966752364704462e-08,2.101285367928085e-09,2.101285367928085,21.012853679280852,3.656366395715726,5.48454959357359,52.0,automatic
94.0,422.0,3.3377905890622728,35.0,1.1106924012725319,-1.3310152091605687e-08,-1.5454371116163657e-08,2.1442190245579695e-09,2.1442190245579695,21.442190245579695,3.3377905890622728,5.006685883593409,44.0,automatic
256.0,423.0,3.431831258788849,37.0,0.9694901259935806,-1.4693417149658217e-08,-1.5496810945592188e-08,8.03393795933971e-10,0.803393795933971,8.03393795933971,3.431831258788849,5.147746888183273,52.0,automatic
39.0,424.0,2.326213245840639,17.0,1.2503645434029418,-1.5524829422020048e-08,-1.6275455649861215e-08,7.506262278411668e-10,0.7506262278411668,7.506262278411668,2.326213245840639,3.4893198687609583,16.0,automatic
502.0,423.0,2.985410660720923,28.0,1.2424554991254615,-1.517692993502351e-08,-1.646135405763971e-08,1.2844241226162012e-09,1.2844241226162012,12.844241226162012,2.985410660720923,4.478115991081385,44.0,automatic
462.0,426.0,3.0901936161855166,30.0,1.293629002686353,-1.4545223692152831e-08,-1.644426461666626e-08,1.8990409245134288e-09,1.8990409245134288,18.990409245134288,3.0901936161855166,4.635290424278275,40.0,automatic
486.0,424.0,2.393653682408596,18.0,1.3744708899359803,-1.6553718396039585e-08,-1.775866920183944e-08,1.2049508057998537e-09,1.2049508057998537,12.049508057998537,2.393653682408596,3.590480523612894,16.0,automatic
448.0,426.0,2.876813695875796,26.0,1.3328282662203883,-1.4443028995003715e-08,-1.6108550049409587e-08,1.6655210544058718e-09,1.6655210544058718,16.65521054405872,2.876813695875796,4.315220543813694,36.0,automatic
239.0,429.0,2.4592453796829674,19.0,1.3974662543915228,-1.4077592425110197e-08,-1.5197791469745425e-08,1.1201990446352283e-09,1.1201990446352283,11.201990446352283,2.4592453796829674,3.6888680695244513,24.0,automatic
407.0,430.0,3.523362819972964,39.0,1.2376286757036785,-1.342509392543434e-08,-1.5695610144916827e-08,2.270516219482488e-09,2.270516219482488,22.70516219482488,3.523362819972964,5.285044229959446,52.0,automatic
230.0,432.0,3.141274657157109,31.0,1.249524838656446,-1.3539515286709047e-08,-1.54455950251986e-08,1.9060797384895523e-09,1.9060797384895523,19.060797384895523,3.141274657157109,4.7119119857356635,40.0,automatic
275.0,431.0,3.385137501286538,36.0,1.2127771900184563,-1.3799797748959008e-08,-1.587953324388991e-08,2.079735494930901e-09,2.079735494930901,20.79735494930901,3.385137501286538,5.077706251929807,44.0,automatic
155.0,434.0,2.876813695875796,26.0,1.2022380906391716,-1.3871196635761862e-08,-1.5512520157301424e-08,1.6413235215395616e-09,1.6413235215395616,16.413235215395616,2.876813695875796,4.315220543813694,36.0,automatic
131.0,435.0,3.7846987830302403,45.0,1.1184735665493386,-1.3446754820733986e-08,-1.6044316097918454e-08,2.597561277184468e-09,2.597561277184468,25.97561277184468,3.7846987830302403,5.6770481745453605,56.0,automatic
252.0,434.0,2.7057581899030048,23.0,1.2324716784822323,-1.4178430873812431e-08,-1.5984664258894554e-08,1.8062333850821233e-09,1.8062333850821233,18.062333850821233,2.7057581899030048,4.058637284854507,28.0,automatic
368.0,434.0,1.9544100476116797,12.0,1.6170362533579417,-1.5458502033993682e-08,-1.6338666419812853e-08,8.80164385819171e-10,0.880164385819171,8.80164385819171,1.9544100476116797,2.9544100476116797,16.0,automatic
207.0,439.0,3.2410224072142872,33.0,1.1401809566205188,-1.3204281223977432e-08,-1.5431184330338965e-08,2.226903106361533e-09,2.226903106361533,22.26903106361533,3.2410224072142872,4.86153361082143,32.0,automatic
49.0,442.0,3.431831258788849,37.0,1.2033266998743644,-1.4664020220322982e-08,-1.6381319412062112e-08,1.71729919173913e-09,1.71729919173913,17.1729919173913,3.431831258788849,5.147746888183273,52.0,automatic
197.0,442.0,2.9316150714175193,27.0,1.2484780172022165,-1.3557356126625564e-08,-1.5501350425495275e-08,1.943994298869711e-09,1.9439942988697112,19.439942988697112,2.9316150714175193,4.397422607126279,36.0,automatic
301.0,444.0,3.6125759969217834,41.0,1.0742998693442378,-1.3297306367121564e-08,-1.609343058817103e-08,2.7961242210494675e-09,2.7961242210494675,27.961242210494675,3.6125759969217834,5.418863995382675,52.0,automatic
427.0,444.0,2.393653682408596,18.0,1.3744708899359803,-1.456190101833954e-08,-1.5613864867702887e-08,1.0519638493633465e-09,1.0519638493633465,10.519638493633465,2.393653682408596,3.590480523612894,16.0,automatic
174.0,447.0,2.9316150714175193,27.0,1.248478017202216,-1.362750179367822e-08,-1.566977569922301e-08,2.042273905544789e-09,2.042273905544789,20.42273905544789,2.9316150714175193,4.397422607126279,36.0,automatic
346.0,445.0,3.3377905890622728,35.0,1.209282832779338,-1.4168299422578912e-08,-1.6091371790594167e-08,1.923072368015255e-09,1.923072368015255,19.23072368015255,3.3377905890622728,5.006685883593409,44.0,automatic
375.0,446.0,3.6125759969217834,41.0,1.1604344978565644,-1.2735266174956905e-08,-1.5616986814848133e-08,2.8817206398912276e-09,2.8817206398912276,28.817206398912276,3.6125759969217834,5.418863995382675,52.0,automatic
22.0,446.0,3.2410224072142872,33.0,1.1401809566205188,-1.50648169494616e-08,-1.7366584614819658e-08,2.3017676653580565e-09,2.3017676653580565,23.017676653580565,3.2410224072142872,4.86153361082143,32.0,automatic
219.0,449.0,3.0382538898732494,29.0,1.137434267911678,-1.4513434898333344e-08,-1.596584375818111e-08,1.4524088598477647e-09,1.4524088598477647,14.524088598477647,3.0382538898732494,4.557380834809874,40.0,automatic
102.0,452.0,3.742410318509555,44.0,1.1788859533308307,-1.358900103554106e-08,-1.5772644523792678e-08,2.1836434882516187e-09,2.1836434882516187,21.836434882516187,3.742410318509555,5.613615477764332,52.0,automatic
0.0,451.0,2.111004122822376,14.0,1.3503486408337697,-1.5342161319154002e-08,-1.6596478857877628e-08,1.254317538723626e-09,1.254317538723626,12.54317538723626,2.111004122822376,3.1665061842335644,13.0,automatic
479.0,452.0,2.9316150714175193,27.0,1.248478017202216,-1.496006518664217e-08,-1.6453038043096058e-08,1.4929728564538891e-09,1.492972856453889,14.929728564538891,2.9316150714175193,4.397422607126279,36.0,automatic
69.0,453.0,2.985410660720923,28.0,1.2947179437652612,-1.4003663117989618e-08,-1.5413926135465772e-08,1.4102630174761543e-09,1.4102630174761543,14.102630174761543,2.985410660720923,4.478115991081385,44.0,automatic
247.0,451.0,1.7841241161527712,10.0,1.612290114395414,-1.5685930776498935e-08,-1.6462944785189393e-08,7.770140086904576e-10,0.7770140086904576,7.770140086904576,1.7841241161527712,2.7841241161527712,12.0,automatic
41.0,455.0,3.656366395715726,42.0,0.8236592974532845,-1.61310165225359e-08,-1.6878932029840144e-08,7.479155073042421e-10,0.747915507304242,7.4791550730424206,3.656366395715726,5.48454959357359,52.0,automatic
394.0,459.0,3.1915382432114616,32.0,1.0780241689052945,-1.4398168879381501e-08,-1.5911298056892065e-08,1.5131291775105637e-09,1.5131291775105637,15.131291775105637,3.1915382432114616,4.787307364817193,32.0,automatic
446.0,460.0,3.2410224072142872,33.0,1.2135891156557967,-1.4205390641564009e-08,-1.5686726584362987e-08,1.481335942798978e-09,1.481335942798978,14.81335942798978,3.2410224072142872,4.86153361082143,32.0,automatic
139.0,461.0,3.0382538898732494,29.0,1.2505080359301415,-1.385281223065249e-08,-1.55615218488947e-08,1.7087096182422101e-09,1.7087096182422101,17.0870961824221,3.0382538898732494,4.557380834809874,40.0,automatic
210.0,461.0,3.2410224072142872,33.0,1.1401809566205188,-1.3965011369521108e-08,-1.568185581390935e-08,1.7168444443882436e-09,1.7168444443882436,17.168444443882436,3.2410224072142872,4.86153361082143,32.0,automatic
322.0,463.0,3.2897623212397704,34.0,1.2052043694842207,-1.3722081249056828e-08,-1.6107422950994987e-08,2.3853417019381595e-09,2.3853417019381595,23.853417019381595,3.2897623212397704,4.934643481859656,32.0,automatic
351.0,463.0,3.3377905890622728,35.0,1.1106924012725319,-1.384919556812747e-08,-1.5811011166988465e-08,1.9618155988609942e-09,1.9618155988609942,19.618155988609942,3.3377905890622728,5.006685883593409,44.0,automatic
463.0,464.0,3.2897623212397704,34.0,1.1747318946999288,-1.3559301237364707e-08,-1.6361671129061506e-08,2.8023698916967987e-09,2.8023698916967987,28.023698916967987,3.2897623212397704,4.934643481859656,32.0,automatic
183.0,465.0,3.3377905890622728,35.0,1.1106924012725319,-1.3167520407364464e-08,-1.537495641912301e-08,2.2074360117585456e-09,2.2074360117585456,22.074360117585456,3.3377905890622728,5.006685883593409,44.0,automatic
87.0,465.0,2.5854414729132054,21.0,1.3009126076835016,-1.468839982976533e-08,-1.5590717161728662e-08,9.023173319633315e-10,0.9023173319633315,9.023173319633315,2.5854414729132054,3.8781622093698083,24.0,automatic
495.0,465.0,4.145929793656026,54.0,0.5571412830530422,-1.4920150448460845e-08,-1.6722639273325512e-08,1.8024888248646675e-09,1.8024888248646675,18.024888248646675,4.145929793656026,6.2188946904840385,64.0,automatic
28.0,466.0,2.9316150714175193,27.0,1.2860574036336336,-1.5690224230979766e-08,-1.6821700477009927e-08,1.1314762460301608e-09,1.1314762460301608,11.314762460301608,2.9316150714175193,4.397422607126279,36.0,automatic
131.0,466.0,2.4592453796829674,19.0,1.2801537005750372,-1.3979507329509033e-08,-1.5277159981508248e-08,1.2976526519992149e-09,1.2976526519992149,12.976526519992149,2.4592453796829674,3.6888680695244513,24.0,automatic
285.0,470.0,3.989422804014327,50.0,0.8795276071345476,-1.4184863950106319e-08,-1.641838132115936e-08,2.23351737105304e-09,2.23351737105304,22.3351737105304,3.989422804014327,5.984134206021491,64.0,automatic
489.0,474.0,2.7057581899030048,23.0,1.27247615308253,-1.5149364429589696e-08,-1.6504289490626434e-08,1.354925061036738e-09,1.354925061036738,13.54925061036738,2.7057581899030048,4.058637284854507,28.0,automatic
5.0,482.0,3.141274657157109,31.0,1.249524838656446,-1.5556061327970383e-08,-1.7121559281463306e-08,1.5654979534929225e-09,1.5654979534929225,15.654979534929225,3.141274657157109,4.7119119857356635,40.0,automatic
66.0,482.0,3.3377905890622728,35.0,1.1106924012725323,-1.402820970497487e-08,-1.559167195352984e-08,1.5634622485549698e-09,1.5634622485549698,15.634622485549698,3.3377905890622728,5.006685883593409,44.0,automatic
510.0,481.0,2.1850968611841584,15.0,1.3956938910021734,-1.533150140176076e-08,-1.6734233554416278e-08,1.402732152655517e-09,1.402732152655517,14.02732152655517,2.1850968611841584,3.2776452917762375,17.0,automatic
91.0,483.0,3.6125759969217834,41.0,0.997411239597103,-1.3616548777406479e-08,-1.5809138886879737e-08,2.192590109473258e-09,2.192590109473258,21.92590109473258,3.6125759969217834,5.418863995382675,52.0,automatic
214.0,484.0,3.2410224072142872,33.0,1.2135891156557967,-1.3806539911342952e-08,-1.5645316153722888e-08,1.8387762423799359e-09,1.8387762423799359,18.38776242379936,3.2410224072142872,4.86153361082143,32.0,automatic
460.0,481.0,1.4927053303604616,7.0,1.8865422955842652,-1.6774638567085276e-08,-1.7483911207705205e-08,7.09272640619929e-10,0.709272640619929,7.09272640619929,1.4927053303604616,2.4927053303604616,12.0,automatic
337.0,485.0,3.431831258788849,37.0,1.1079692847082196,-1.3565625067712972e-08,-1.5745207804229722e-08,2.1795827365167497e-09,2.1795827365167497,21.795827365167497,3.431831258788849,5.147746888183273,52.0,automatic
154.0,488.0,3.431831258788849,37.0,1.2033266998743648,-1.372764302232099e-08,-1.5751796311747057e-08,2.024153289426067e-09,2.024153289426067,20.241532894260672,3.431831258788849,5.147746888183273,52.0,automatic
302.0,488.0,2.763953195770684,24.0,1.3278012032165531,-1.4859547370349446e-08,-1.6169004801724896e-08,1.3094574313754492e-09,1.3094574313754492,13.094574313754492,2.763953195770684,4.145929793656026,36.0,automatic
128.0,490.0,2.4592453796829674,19.0,1.2801537005750367,-1.4468917619581134e-08,-1.5517131579656507e-08,1.0482139600753726e-09,1.0482139600753726,10.482139600753726,2.4592453796829674,3.6888680695244513,24.0,automatic
385.0,488.0,2.111004122822376,14.0,1.4353535174681107,-1.5362093819248912e-08,-1.6129671820408475e-08,7.675780011595634e-10,0.7675780011595634,7.675780011595634,2.111004122822376,3.1665061842335644,24.0,automatic
432.0,490.0,3.477898169151024,38.0,1.1379144005111443,-1.3259006337307255e-08,-1.590222176162115e-08,2.643215424313894e-09,2.643215424313894,26.43215424313894,3.477898169151024,5.216847253726536,52.0,automatic
43.0,490.0,3.385137501286538,36.0,1.1424264698803186,-1.4650842317109891e-08,-1.678105121527551e-08,2.1302088981656198e-09,2.1302088981656198,21.302088981656198,3.385137501286538,5.077706251929807,44.0,automatic
400.0,489.0,2.0342144725641096,13.0,1.332828266220388,-1.5368426531381374e-08,-1.598610133157763e-08,6.176748001962551e-10,0.6176748001962551,6.176748001962551,2.0342144725641096,3.0513217088461646,16.0,automatic
168.0,492.0,3.1915382432114616,32.0,1.2898320915163313,-1.4083943788989473e-08,-1.5875408543308822e-08,1.7914647543193496e-09,1.7914647543193496,17.914647543193496,3.1915382432114616,4.787307364817193,32.0,automatic
420.0,492.0,2.876813695875796,26.0,1.2022380906391712,-1.4117849111983105e-08,-1.5803492736665703e-08,1.6856436246825979e-09,1.6856436246825979,16.85643624682598,2.876813695875796,4.315220543813694,36.0,automatic
25.0,491.0,2.5231325220201604,20.0,1.3008937295939076,-1.5569140643378887e-08,-1.6739519992370333e-08,1.170379348991446e-09,1.170379348991446,11.70379348991446,2.5231325220201604,3.7846987830302403,24.0,automatic
373.0,494.0,2.985410660720923,28.0,1.2073870691739297,-1.47096379521372e-08,-1.6400531599458645e-08,1.6908936473214453e-09,1.6908936473214453,16.908936473214453,2.985410660720923,4.478115991081385,44.0,automatic
134.0,497.0,2.9316150714175193,27.0,1.1642661024177179,-1.446277142491681e-08,-1.5746968173857567e-08,1.284196748940758e-09,1.284196748940758,12.84196748940758,2.9316150714175193,4.397422607126279,36.0,automatic
193.0,498.0,2.876813695875796,26.0,1.1676138000715148,-1.465525834021264e-08,-1.6036879380010305e-08,1.3816210397976647e-09,1.3816210397976647,13.816210397976647,2.876813695875796,4.315220543813694,36.0,automatic
248.0,500.0,3.7846987830302403,45.0,1.0403983476685137,-1.3324465975017574e-08,-1.5752719129125126e-08,2.4282531541075514e-09,2.4282531541075514,24.282531541075514,3.7846987830302403,5.6770481745453605,56.0,automatic
491.0,499.0,2.876813695875796,26.0,1.3328282662203883,-1.4572871798179676e-08,-1.5773811590236164e-08,1.200939792056488e-09,1.200939792056488,12.00939792056488,2.876813695875796,4.315220543813694,36.0,automatic
408.0,502.0,3.2897623212397704,34.0,1.1454006794618754,-1.3690166333901743e-08,-1.5780097228912382e-08,2.0899308950106388e-09,2.089930895010639,20.899308950106388,3.2897623212397704,4.934643481859656,32.0,automatic
476.0,508.0,3.656366395715726,42.0,1.1618260528144841,-1.370131208489056e-08,-1.5428157418284627e-08,1.726845333394067e-09,1.726845333394067,17.26845333394067,3.656366395715726,5.48454959357359,40.0,automatic
276.0,507.0,2.8209479177387813,25.0,1.2815656405965272,-1.4548152904581002e-08,-1.5573266232138394e-08,1.025113327557392e-09,1.025113327557392,10.25113327557392,2.8209479177387813,4.231421876608172,36.0,automatic
330.0,507.0,2.876813695875796,26.0,1.2022380906391712,-1.4671035053481774e-08,-1.5867041014416827e-08,1.1960059609350537e-09,1.1960059609350537,11.960059609350537,2.876813695875796,4.315220543813694,36.0,automatic
345.0,506.0,1.5957691216057308,8.0,1.714743204844845,-1.6750652420682854e-08,-1.7705506394349868e-08,9.548539736670136e-10,0.9548539736670136,9.548539736670136,1.5957691216057308,2.5957691216057306,12.0,automatic
26.0,511.0,2.8209479177387813,25.0,1.1907938922533645,-1.4433227946142324e-08,-1.593059550941689e-08,1.4973675632745653e-09,1.4973675632745653,14.973675632745653,2.8209479177387813,4.231421876608172,20.0,automatic
53.0,511.0,2.1850968611841584,15.0,1.3956938910021734,-1.6223689058847413e-08,-1.6874327712912418e-08,6.506386540650055e-10,0.6506386540650055,6.506386540650055,2.1850968611841584,3.2776452917762375,13.0,automatic
9.0,430.0,3.0901936161855166,29.0,1.0,-1.5550844167933064e-08,-1.678514127689823e-08,1.2342971089651655e-09,1.2342971089651655,12.342971089651655,3.0901936161855166,4.635290424278275,40.0,false_negative
294.0,87.0,3.0901936161855166,29.0,1.0,-1.5709824552345708e-08,-1.6112552181368756e-08,4.027276290230475e-10,0.4027276290230475,4.027276290230475,3.0901936161855166,4.635290424278275,40.0,false_negative
273.0,97.0,3.0901936161855166,29.0,1.0,-1.5230845917812985e-08,-1.6130079494303118e-08,8.992335764901327e-10,0.8992335764901327,8.992335764901327,3.0901936161855166,4.635290424278275,40.0,false_negative
345.0,130.0,3.0901936161855166,29.0,1.0,-1.577713781841794e-08,-1.6764301058458386e-08,9.87163240040445e-10,0.9871632400404451,9.871632400404451,3.0901936161855166,4.635290424278275,40.0,false_negative
352.0,177.0,3.0901936161855166,29.0,1.0,-1.3986139357768934e-08,-1.5742861236844874e-08,1.7567218790759398e-09,1.7567218790759398,17.567218790759398,3.0901936161855166,4.635290424278275,40.0,false_negative
381.0,226.0,3.0901936161855166,29.0,1.0,-1.4266417380781604e-08,-1.583478059785648e-08,1.5683632170748751e-09,1.5683632170748751,15.683632170748751,3.0901936161855166,4.635290424278275,40.0,false_negative
424.0,254.0,3.0901936161855166,29.0,1.0,-1.4876223808357736e-08,-1.6127063240389816e-08,1.2508394320320804e-09,1.2508394320320804,12.508394320320804,3.0901936161855166,4.635290424278275,40.0,false_negative
428.0,269.0,3.0901936161855166,29.0,1.0,-1.588432851917787e-08,-1.6521902956867507e-08,6.375744376896364e-10,0.6375744376896364,6.375744376896364,3.0901936161855166,4.635290424278275,40.0,false_negative
399.0,263.0,3.0901936161855166,29.0,1.0,-1.5519486140647132e-08,-1.5746777215497332e-08,2.2729107485019995e-10,0.22729107485019995,2.2729107485019995,3.0901936161855166,4.635290424278275,40.0,false_negative
457.0,492.0,3.0901936161855166,29.0,1.0,-1.5179397294673436e-08,-1.664092863506994e-08,1.4615313403965047e-09,1.4615313403965047,14.615313403965047,3.0901936161855166,4.635290424278275,40.0,false_negative
497.0,444.0,3.0901936161855166,29.0,1.0,-1.4810889403804595e-08,-1.6060758056823943e-08,1.2498686530193481e-09,1.2498686530193481,12.498686530193481,3.0901936161855166,4.635290424278275,40.0,false_negative
499.0,413.0,3.0901936161855166,29.0,1.0,-1.5388446072961415e-08,-1.659040371748688e-08,1.2019576445254643e-09,1.2019576445254643,12.019576445254643,3.0901936161855166,4.635290424278275,40.0,false_negative
451.0,112.0,3.0901936161855166,29.0,1.0,-1.5230794403464643e-08,-1.592031306785202e-08,6.895186643873785e-10,0.6895186643873785,6.895186643873785,3.0901936161855166,4.635290424278275,40.0,false_negative
390.0,120.0,3.0901936161855166,29.0,1.0,-1.5028165378794256e-08,-1.5898703686900717e-08,8.70538308106461e-10,0.870538308106461,8.70538308106461,3.0901936161855166,4.635290424278275,40.0,false_negative
378.0,113.0,3.0901936161855166,29.0,1.0,-1.5730693192494982e-08,-1.6671690694636254e-08,9.40997502141272e-10,0.940997502141272,9.40997502141272,3.0901936161855166,4.635290424278275,40.0,false_negative
185.0,226.0,3.0901936161855166,29.0,1.0,-1.5454965307526436e-08,-1.659649928598128e-08,1.141533978454845e-09,1.141533978454845,11.41533978454845,3.0901936161855166,4.635290424278275,40.0,false_negative
158.0,201.0,3.0901936161855166,29.0,1.0,-1.4296884565112578e-08,-1.5799125563376037e-08,1.50224099826346e-09,1.50224099826346,15.0224099826346,3.0901936161855166,4.635290424278275,40.0,false_negative
145.0,205.0,3.0901936161855166,29.0,1.0,-1.469663768460805e-08,-1.59356545736955e-08,1.239016889087452e-09,1.239016889087452,12.39016889087452,3.0901936161855166,4.635290424278275,40.0,false_negative
164.0,367.0,3.0901936161855166,29.0,1.0,-1.6304090522112347e-08,-1.700716278918435e-08,7.030722670720024e-10,0.7030722670720024,7.030722670720024,3.0901936161855166,4.635290424278275,40.0,false_negative
163.0,415.0,3.0901936161855166,29.0,1.0,-1.5670796216227245e-08,-1.6477271103099156e-08,8.064748868719107e-10,0.8064748868719107,8.064748868719107,3.0901936161855166,4.635290424278275,40.0,false_negative
230.0,7.0,3.0901936161855166,29.0,1.0,-1.5287270116459695e-08,-1.6417824433290207e-08,1.1305543168305121e-09,1.130554316830512,11.305543168305121,3.0901936161855166,4.635290424278275,40.0,false_negative
230.0,7.0,3.0901936161855166,29.0,1.0,-1.5287270116459695e-08,-1.6417824433290207e-08,1.1305543168305121e-09,1.130554316830512,11.305543168305121,3.0901936161855166,4.635290424278275,40.0,false_negative
362.0,290.0,3.0901936161855166,29.0,1.0,-1.5418605059380752e-08,-1.6002115188484822e-08,5.835101291040701e-10,0.5835101291040701,5.835101291040701,3.0901936161855166,4.635290424278275,40.0,false_negative
369.0,302.0,3.0901936161855166,29.0,1.0,-1.5376475204220696e-08,-1.5804578090694577e-08,4.2810288647388006e-10,0.42810288647388006,4.281028864738801,3.0901936161855166,4.635290424278275,40.0,false_negative
349.0,302.0,3.0901936161855166,29.0,1.0,-1.4392390390582932e-08,-1.5837990474665276e-08,1.4456000840823435e-09,1.4456000840823435,14.456000840823435,3.0901936161855166,4.635290424278275,40.0,false_negative
292.0,274.0,3.0901936161855166,29.0,1.0,-1.603985744225156e-08,-1.666521232124296e-08,6.253548789914021e-10,0.6253548789914021,6.253548789914021,3.0901936161855166,4.635290424278275,40.0,false_negative
292.0,287.0,3.0901936161855166,29.0,1.0,-1.568319341060942e-08,-1.573354246886538e-08,5.03490582559607e-11,0.0503490582559607,0.503490582559607,3.0901936161855166,4.635290424278275,40.0,false_negative
318.0,262.0,3.0901936161855166,29.0,1.0,-1.5311828249764403e-08,-1.644796387978431e-08,1.1361356300199077e-09,1.1361356300199077,11.361356300199077,3.0901936161855166,4.635290424278275,40.0,false_negative
214.0,511.0,3.0901936161855166,18.0,1.0,-1.411096128833833e-08,-1.599166843391231e-08,1.8807071455739788e-09,1.8807071455739788,18.807071455739788,3.0901936161855166,4.635290424278275,21.0,false_negative
400.0,26.0,3.0901936161855166,29.0,1.0,-1.4098313627641801e-08,-1.5760535099218487e-08,1.6622214715766859e-09,1.6622214715766859,16.62221471576686,3.0901936161855166,4.635290424278275,40.0,false_negative
121.0,155.0,3.0901936161855166,29.0,1.0,-1.4944314230547207e-08,-1.6193967056210568e-08,1.249652825663361e-09,1.249652825663361,12.49652825663361,3.0901936161855166,4.635290424278275,40.0,false_negative
76.0,179.0,3.0901936161855166,29.0,1.0,-1.5297420219440028e-08,-1.6523738821661027e-08,1.2263186022209993e-09,1.2263186022209993,12.263186022209993,3.0901936161855166,4.635290424278275,40.0,false_negative
72.0,165.0,3.0901936161855166,29.0,1.0,-1.601538635043198e-08,-1.6851943840379136e-08,8.36557489947154e-10,0.836557489947154,8.36557489947154,3.0901936161855166,4.635290424278275,40.0,false_negative
96.0,438.0,3.0901936161855166,29.0,1.0,-1.578528774359711e-08,-1.625817080963543e-08,4.72883066038321e-10,0.472883066038321,4.72883066038321,3.0901936161855166,4.635290424278275,40.0,false_negative
81.0,509.0,3.0901936161855166,28.0,1.0,-1.528432669317681e-08,-1.6338001174176497e-08,1.053674480999689e-09,1.053674480999689,10.53674480999689,3.0901936161855166,4.635290424278275,29.0,false_negative
36.0,264.0,3.0901936161855166,29.0,1.0,-1.3610129911967306e-08,-1.5811716380653706e-08,2.2015864686864006e-09,2.2015864686864006,22.015864686864006,3.0901936161855166,4.635290424278275,40.0,false_negative
26.0,268.0,3.0901936161855166,29.0,1.0,-1.4567627992789767e-08,-1.5431214528405235e-08,8.635865356154682e-10,0.8635865356154682,8.635865356154682,3.0901936161855166,4.635290424278275,40.0,false_negative
26.0,287.0,3.0901936161855166,29.0,1.0,-1.5207806569605964e-08,-1.6149081183414182e-08,9.412746138082184e-10,0.9412746138082184,9.412746138082184,3.0901936161855166,4.635290424278275,40.0,false_negative
87.0,5.0,3.0901936161855166,29.0,1.0,-1.5062944669352873e-08,-1.5703204958583683e-08,6.402602892308096e-10,0.6402602892308096,6.402602892308096,3.0901936161855166,4.635290424278275,40.0,false_negative
