cx,cy,r,area,circularity,peak_value_m,local_background_m,local_height_m,local_height_nm,local_height_A,background_inner_radius_px,background_outer_radius_px,background_pixel_count,manual_status
101.0,2.0,3.0382538898732494,29.0,1.1689103329366752,-9.902780107040599e-08,-1.0020328033988335e-07,1.1754792694773641e-09,1.1754792694773641,11.754792694773641,3.0382538898732494,4.557380834809874,29.0,automatic
153.0,3.0,3.1915382432114616,32.0,1.1768136879086513,-9.770460707159145e-08,-9.974007042501398e-08,2.0354633534225286e-09,2.0354633534225286,20.354633534225286,3.1915382432114616,4.787307364817193,27.0,automatic
446.0,2.0,2.111004122822376,14.0,1.500400304239239,-9.874048600977403e-08,-9.99666411871658e-08,1.2261551773917745e-09,1.2261551773917745,12.261551773917745,2.111004122822376,3.1665061842335644,21.0,automatic
190.0,4.0,2.763953195770684,24.0,1.3278012032165531,-9.859245864163313e-08,-1.0011482487470857e-07,1.522366233075445e-09,1.522366233075445,15.22366233075445,2.763953195770684,4.145929793656026,36.0,automatic
5.0,6.0,3.0901936161855166,30.0,1.1032628324143605,-9.806590384187075e-08,-1.0003143202652609e-07,1.9655281846553407e-09,1.9655281846553407,19.655281846553407,3.0901936161855166,4.635290424278275,40.0,automatic
312.0,5.0,2.256758334191025,16.0,1.2898320915163313,-9.894269226151664e-08,-1.0039460107691411e-07,1.4519088153974735e-09,1.4519088153974735,14.519088153974735,2.256758334191025,3.385137501286538,16.0,automatic
282.0,5.0,2.5231325220201604,20.0,1.347530211131618,-9.847848048138985e-08,-1.0009005535493998e-07,1.6115748735501256e-09,1.6115748735501256,16.115748735501256,2.5231325220201604,3.7846987830302403,24.0,automatic
493.0,7.0,2.393653682408596,18.0,1.3239153988972323,-9.889143370855891e-08,-1.0059610389134832e-07,1.704670182789414e-09,1.704670182789414,17.04670182789414,2.393653682408596,3.590480523612894,16.0,automatic
77.0,9.0,3.2410224072142872,33.0,1.111712424183585,-9.785174626131266e-08,-1.0019982354947388e-07,2.348077288161221e-09,2.348077288161221,23.48077288161221,3.2410224072142872,4.86153361082143,32.0,automatic
353.0,8.0,2.111004122822376,14.0,1.500400304239239,-9.944984213916541e-08,-1.0061640765002267e-07,1.1665655108572537e-09,1.1665655108572537,11.665655108572537,2.111004122822376,3.1665061842335644,24.0,automatic
479.0,9.0,2.9316150714175193,27.0,1.1642661024177179,-9.82444063879484e-08,-1.0053543064714177e-07,2.291024259193364e-09,2.291024259193364,22.91024259193364,2.9316150714175193,4.397422607126279,36.0,automatic
166.0,10.0,3.0901936161855166,30.0,1.2092175857965604,-9.79417649205061e-08,-9.964478309143487e-08,1.7030181709287717e-09,1.7030181709287717,17.030181709287717,3.0901936161855166,4.635290424278275,40.0,automatic
210.0,11.0,3.0382538898732494,29.0,1.0664874046672153,-9.809583900732832e-08,-1.0005417649949777e-07,1.9583374921694485e-09,1.9583374921694485,19.583374921694485,3.0382538898732494,4.557380834809874,40.0,automatic
400.0,10.0,1.7841241161527712,10.0,1.612290114395414,-1.0089205204621976e-07,-1.0196703925657857e-07,1.0749872103588132e-09,1.0749872103588132,10.749872103588132,1.7841241161527712,2.7841241161527712,12.0,automatic
441.0,12.0,3.0901936161855166,30.0,1.1766561392189778,-9.88617046004947e-08,-1.0042782960795194e-07,1.5661250074572308e-09,1.5661250074572308,15.661250074572308,3.0901936161855166,4.635290424278275,40.0,automatic
288.0,13.0,2.5854414729132054,21.0,1.1618260528144841,-9.881213713924808e-08,-9.987727267457558e-08,1.0651355353274994e-09,1.0651355353274994,10.651355353274994,2.5854414729132054,3.8781622093698083,24.0,automatic
34.0,15.0,2.7057581899030048,23.0,1.2324716784822323,-1.0078709777872064e-07,-1.0246922244050438e-07,1.682124661783746e-09,1.682124661783746,16.82124661783746,2.7057581899030048,4.058637284854507,28.0,automatic
334.0,15.0,3.141274657157109,31.0,1.140038260161506,-9.783368426496963e-08,-9.960227131955435e-08,1.7685870545847138e-09,1.7685870545847138,17.685870545847138,3.141274657157109,4.7119119857356635,40.0,automatic
123.0,16.0,2.985410660720923,28.0,1.2947179437652612,-9.756119823123299e-08,-9.936284683931262e-08,1.8016486080796312e-09,1.8016486080796312,18.016486080796312,2.985410660720923,4.478115991081385,44.0,automatic
354.0,15.0,2.5854414729132054,21.0,1.2576948637228438,-9.880309193022185e-08,-1.0025836161275947e-07,1.4552696825376188e-09,1.4552696825376188,14.552696825376188,2.5854414729132054,3.8781622093698083,24.0,automatic
264.0,17.0,2.7057581899030048,23.0,1.1790403893488048,-9.795278543833774e-08,-9.96858204871387e-08,1.7330350488009572e-09,1.7330350488009572,17.33035048800957,2.7057581899030048,4.058637284854507,28.0,automatic
474.0,15.0,1.9544100476116797,12.0,1.5079644737231006,-9.897251374013649e-08,-1.0033060959813156e-07,1.3580958579950675e-09,1.3580958579950675,13.580958579950675,1.9544100476116797,2.9544100476116797,16.0,automatic
505.0,18.0,2.8209479177387813,25.0,1.1907938922533645,-9.950745294418084e-08,-1.006238932177439e-07,1.1164402735630574e-09,1.1164402735630574,11.164402735630574,2.8209479177387813,4.231421876608172,36.0,automatic
62.0,20.0,3.1915382432114616,32.0,1.255099881833576,-9.765751229906527e-08,-9.991051186375444e-08,2.252999564689162e-09,2.252999564689162,22.52999564689162,3.1915382432114616,4.787307364817193,32.0,automatic
401.0,20.0,2.9316150714175193,27.0,1.1642661024177179,-9.819492419183007e-08,-9.999111938441274e-08,1.7961951925826725e-09,1.7961951925826725,17.961951925826725,2.9316150714175193,4.397422607126279,36.0,automatic
109.0,21.0,3.0382538898732494,29.0,1.1374342679116787,-9.772679732122924e-08,-9.974163717174633e-08,2.0148398505170917e-09,2.0148398505170917,20.148398505170917,3.0382538898732494,4.557380834809874,40.0,automatic
229.0,20.0,2.326213245840639,17.0,1.4253075265915784,-9.808564982449752e-08,-9.996223226949041e-08,1.8765824449928914e-09,1.8765824449928914,18.765824449928914,2.326213245840639,3.4893198687609583,16.0,automatic
419.0,24.0,2.111004122822376,14.0,1.500400304239239,-9.888241692124211e-08,-1.002001717154144e-07,1.3177547941722878e-09,1.3177547941722878,13.177547941722878,2.111004122822376,3.1665061842335644,24.0,automatic
374.0,26.0,3.2897623212397704,34.0,1.1454006794618754,-9.775085629826208e-08,-1.0009262396692975e-07,2.3417676686676714e-09,2.3417676686676714,23.417676686676714,3.2897623212397704,4.934643481859656,32.0,automatic
191.0,27.0,2.393653682408596,18.0,1.3744708899359803,-1.00553457116348e-07,-1.0214980150635711e-07,1.5963443900091079e-09,1.5963443900091079,15.963443900091079,2.393653682408596,3.590480523612894,16.0,automatic
234.0,27.0,1.7841241161527712,10.0,1.612290114395414,-1.0036008291081089e-07,-1.015412856020248e-07,1.1812026912139117e-09,1.1812026912139117,11.812026912139117,1.7841241161527712,2.7841241161527712,12.0,automatic
144.0,29.0,2.4592453796829674,19.0,1.2801537005750372,-9.83825643174896e-08,-1.00073275888235e-07,1.6907115707454068e-09,1.6907115707454068,16.907115707454068,2.4592453796829674,3.6888680695244513,24.0,automatic
41.0,31.0,3.431831258788849,37.0,1.1079692847082192,-9.716852389374253e-08,-9.950703017125306e-08,2.3385062775105325e-09,2.3385062775105325,23.385062775105325,3.431831258788849,5.147746888183273,52.0,automatic
237.0,34.0,1.7841241161527712,10.0,1.5271898777066448,-1.0037580722155326e-07,-1.0177654630183497e-07,1.40073908028171e-09,1.40073908028171,14.007390802817099,1.7841241161527712,2.7841241161527712,12.0,automatic
264.0,34.0,1.9544100476116797,12.0,1.4373655585403924,-1.0043906684131798e-07,-1.0154589702437988e-07,1.106830183061902e-09,1.106830183061902,11.06830183061902,1.9544100476116797,2.9544100476116797,16.0,automatic
472.0,36.0,2.8209479177387813,25.0,1.1907938922533645,-9.804406886360084e-08,-9.980719894997492e-08,1.7631300863740762e-09,1.7631300863740762,17.631300863740762,2.8209479177387813,4.231421876608172,36.0,automatic
284.0,36.0,2.763953195770684,24.0,1.230303014972666,-9.808133683009146e-08,-9.969043190949378e-08,1.6090950794023229e-09,1.6090950794023229,16.09095079402323,2.763953195770684,4.145929793656026,36.0,automatic
340.0,36.0,2.9316150714175193,27.0,1.248478017202216,-9.798132083460587e-08,-9.983086712850309e-08,1.8495462938972196e-09,1.8495462938972196,18.495462938972196,2.9316150714175193,4.397422607126279,36.0,automatic
310.0,37.0,2.7057581899030048,23.0,1.27247615308253,-9.803621026094334e-08,-9.970234771117248e-08,1.6661374502291437e-09,1.6661374502291437,16.661374502291437,2.7057581899030048,4.058637284854507,28.0,automatic
159.0,38.0,2.111004122822376,14.0,1.500400304239239,-1.0083648049885596e-07,-1.0207241984971915e-07,1.235939350863191e-09,1.235939350863191,12.35939350863191,2.111004122822376,3.1665061842335644,24.0,automatic
444.0,39.0,3.477898169151024,38.0,1.2058946070958918,-9.711492054975679e-08,-9.968145064931377e-08,2.566530099556985e-09,2.566530099556985,25.66530099556985,3.477898169151024,5.216847253726536,52.0,automatic
203.0,40.0,2.5854414729132054,21.0,1.2576948637228433,-1.0052561805196092e-07,-1.0219647705866919e-07,1.6708590067082696e-09,1.6708590067082696,16.708590067082696,2.5854414729132054,3.8781622093698083,24.0,automatic
295.0,41.0,2.8209479177387813,25.0,1.2427484072770432,-9.788801946797321e-08,-9.950722201779172e-08,1.6192025498185103e-09,1.6192025498185103,16.192025498185103,2.8209479177387813,4.231421876608172,36.0,automatic
8.0,42.0,2.6462837142006137,22.0,1.3628608270970017,-9.820526258863538e-08,-9.972910319788753e-08,1.5238406092521473e-09,1.5238406092521473,15.238406092521473,2.6462837142006137,3.9694255713009206,24.0,automatic
69.0,41.0,2.393653682408596,18.0,1.3744708899359803,-9.803337519542765e-08,-9.996182015470367e-08,1.928444959276021e-09,1.928444959276021,19.28444959276021,2.393653682408596,3.590480523612894,16.0,automatic
134.0,41.0,2.8209479177387813,25.0,1.2815656405965272,-9.81804220145932e-08,-9.987994786797572e-08,1.6995258533825108e-09,1.6995258533825108,16.99525853382511,2.8209479177387813,4.231421876608172,36.0,automatic
48.0,42.0,2.6462837142006137,22.0,1.3628608270970017,-9.817011203949733e-08,-9.96489006865886e-08,1.4787886470912781e-09,1.478788647091278,14.787886470912781,2.6462837142006137,3.9694255713009206,24.0,automatic
176.0,44.0,2.876813695875796,26.0,1.2022380906391716,-1.0043129350378877e-07,-1.0200315969655094e-07,1.5718661927621724e-09,1.5718661927621724,15.718661927621724,2.876813695875796,4.315220543813694,36.0,automatic
498.0,43.0,2.111004122822376,14.0,1.500400304239239,-9.890155894254349e-08,-1.0031716612957098e-07,1.41560718702749e-09,1.41560718702749,14.1560718702749,2.111004122822376,3.1665061842335644,24.0,automatic
90.0,47.0,3.2410224072142872,33.0,1.1401809566205188,-9.786816690393607e-08,-9.963615354990907e-08,1.7679866459729965e-09,1.7679866459729965,17.679866459729965,3.2410224072142872,4.86153361082143,32.0,automatic
375.0,47.0,3.0382538898732494,29.0,1.0240993270417398,-9.800832145856475e-08,-9.965069835971008e-08,1.642376901145326e-09,1.642376901145326,16.42376901145326,3.0382538898732494,4.557380834809874,40.0,automatic
486.0,46.0,2.6462837142006137,22.0,1.3628608270970017,-9.836450942657393e-08,-1.0042160880630036e-07,2.0570993797264236e-09,2.0570993797264236,20.570993797264236,2.6462837142006137,3.9694255713009206,24.0,automatic
207.0,47.0,1.8712051592547776,11.0,1.5596762428619324,-1.0132554706387964e-07,-1.0227053692801746e-07,9.44989864137824e-10,0.944989864137824,9.44989864137824,1.8712051592547776,2.8712051592547776,16.0,automatic
250.0,50.0,2.985410660720923,28.0,1.2947179437652612,-9.97975817540464e-08,-1.0193380717282707e-07,2.1362254187806684e-09,2.1362254187806684,21.362254187806684,2.985410660720923,4.478115991081385,44.0,automatic
130.0,50.0,2.326213245840639,17.0,1.4253075265915784,-9.864186978347789e-08,-1.0004135830854466e-07,1.3994885250667721e-09,1.3994885250667721,13.994885250667721,2.326213245840639,3.4893198687609583,16.0,automatic
418.0,50.0,3.2410224072142872,33.0,0.9881888214965198,-9.816397295026036e-08,-9.995709149279719e-08,1.7931185425368312e-09,1.7931185425368312,17.931185425368312,3.2410224072142872,4.86153361082143,32.0,automatic
47.0,53.0,2.326213245840639,17.0,1.250364543402942,-9.840952941431169e-08,-9.96127198504837e-08,1.203190436172008e-09,1.203190436172008,12.03190436172008,2.326213245840639,3.4893198687609583,16.0,automatic
105.0,53.0,2.763953195770684,24.0,1.3278012032165531,-9.806718992422248e-08,-9.979774517887563e-08,1.7305552546531544e-09,1.7305552546531544,17.305552546531544,2.763953195770684,4.145929793656026,36.0,automatic
402.0,52.0,2.256758334191025,16.0,1.341465907380309,-9.991511262796848e-08,-1.0174671416507408e-07,1.8316015371055983e-09,1.8316015371055983,18.316015371055983,2.256758334191025,3.385137501286538,16.0,automatic
228.0,53.0,2.256758334191025,16.0,1.1768136879086513,-9.91890658497141e-08,-9.992095328925643e-08,7.318874395423336e-10,0.7318874395423336,7.318874395423336,2.256758334191025,3.385137501286538,16.0,automatic
296.0,54.0,2.6462837142006137,22.0,1.25731000235922,-9.760543662196142e-08,-9.938092659922404e-08,1.7754899772626231e-09,1.7754899772626231,17.75489977262623,2.6462837142006137,3.9694255713009206,24.0,automatic
352.0,59.0,3.0901936161855166,30.0,1.1032628324143605,-9.787594734689264e-08,-9.958540658772108e-08,1.709459240828437e-09,1.709459240828437,17.09459240828437,3.0901936161855166,4.635290424278275,40.0,automatic
374.0,57.0,2.985410660720923,28.0,1.2947179437652612,-9.794025856990629e-08,-9.973271275498519e-08,1.7924541850788955e-09,1.7924541850788955,17.924541850788955,2.985410660720923,4.478115991081385,44.0,automatic
167.0,59.0,3.1915382432114616,32.0,1.1768136879086508,-9.853567917161854e-08,-1.0008445983089587e-07,1.5487806592773268e-09,1.5487806592773268,15.487806592773268,3.1915382432114616,4.787307364817193,32.0,automatic
194.0,59.0,2.763953195770684,24.0,1.230303014972666,-1.0082673185252133e-07,-1.0244432857575703e-07,1.6175967232356925e-09,1.6175967232356925,16.175967232356925,2.763953195770684,4.145929793656026,36.0,automatic
330.0,60.0,3.0901936161855166,30.0,1.293629002686353,-9.735465056337489e-08,-9.967510905539712e-08,2.320458492022226e-09,2.320458492022226,23.20458492022226,3.0901936161855166,4.635290424278275,40.0,automatic
223.0,65.0,3.431831258788849,37.0,0.749946896536949,-9.924834643015856e-08,-1.0036146136371826e-07,1.1131149335597001e-09,1.1131149335597001,11.131149335597001,3.431831258788849,5.147746888183273,52.0,automatic
412.0,61.0,2.5854414729132054,21.0,1.3009126076835016,-9.838418435492713e-08,-9.998790417853343e-08,1.6037198236062977e-09,1.6037198236062977,16.037198236062977,2.5854414729132054,3.8781622093698083,24.0,automatic
238.0,62.0,2.4592453796829674,19.0,1.2801537005750372,-9.911213538771335e-08,-1.0042555231848382e-07,1.3134169307704724e-09,1.3134169307704724,13.134169307704724,2.4592453796829674,3.6888680695244513,24.0,automatic
436.0,65.0,2.256758334191025,16.0,1.3962634015954636,-9.910475995411616e-08,-1.0029947716816423e-07,1.1947172140480689e-09,1.1947172140480689,11.947172140480689,2.256758334191025,3.385137501286538,16.0,automatic
146.0,66.0,2.5854414729132054,21.0,1.414906721688199,-9.87969173138481e-08,-1.0034498032496231e-07,1.548063011114209e-09,1.548063011114209,15.48063011114209,2.5854414729132054,3.8781622093698083,24.0,automatic
301.0,66.0,3.0382538898732494,29.0,1.2505080359301415,-9.810823797806734e-08,-9.958525737374657e-08,1.4770193956792355e-09,1.4770193956792355,14.770193956792355,3.0382538898732494,4.557380834809874,40.0,automatic
175.0,67.0,2.6462837142006137,22.0,1.3628608270970017,-9.881150475621325e-08,-1.0016367468779208e-07,1.3521699315788283e-09,1.3521699315788283,13.521699315788283,2.6462837142006137,3.9694255713009206,24.0,automatic
59.0,70.0,2.4592453796829674,19.0,1.2801537005750372,-9.851505211599942e-08,-1.000756562063998e-07,1.5606040904003748e-09,1.5606040904003748,15.606040904003748,2.4592453796829674,3.6888680695244513,24.0,automatic
468.0,68.0,2.4592453796829674,19.0,1.2801537005750372,-9.929418354204245e-08,-1.0056117005774468e-07,1.2669865157022286e-09,1.2669865157022286,12.669865157022286,2.4592453796829674,3.6888680695244513,24.0,automatic
256.0,71.0,3.141274657157109,31.0,1.2158780105262765,-9.82927375048348e-08,-1.000553950802896e-07,1.7626575754547957e-09,1.7626575754547957,17.626575754547957,3.141274657157109,4.7119119857356635,40.0,automatic
413.0,71.0,2.5854414729132054,21.0,1.3009126076835016,-9.829435043684498e-08,-9.996060157391184e-08,1.6662511370668653e-09,1.6662511370668653,16.662511370668653,2.5854414729132054,3.8781622093698083,24.0,automatic
400.0,71.0,2.763953195770684,24.0,1.3278012032165531,-9.839372694386839e-08,-1.0027726560224437e-07,1.8835386583759828e-09,1.8835386583759828,18.835386583759828,2.763953195770684,4.145929793656026,36.0,automatic
125.0,73.0,2.763953195770684,24.0,1.1930384709859612,-9.8498531997393e-08,-1.0016306006832565e-07,1.664528070932647e-09,1.664528070932647,16.64528070932647,2.763953195770684,4.145929793656026,36.0,automatic
26.0,73.0,3.141274657157109,31.0,1.249524838656446,-9.798136346717001e-08,-9.981830828564853e-08,1.8369448184785142e-09,1.8369448184785142,18.369448184785142,3.141274657157109,4.7119119857356635,40.0,automatic
282.0,74.0,2.763953195770684,24.0,1.2303030149726657,-9.863723704484073e-08,-1.002175338271627e-07,1.580296782321966e-09,1.580296782321966,15.80296782321966,2.763953195770684,4.145929793656026,36.0,automatic
243.0,74.0,1.4927053303604616,7.0,1.8865422955842652,-9.964021074893026e-08,-1.0073735623450375e-07,1.0971454855734919e-09,1.097145485573492,10.971454855734919,1.4927053303604616,2.4927053303604616,12.0,automatic
451.0,74.0,3.0901936161855166,30.0,1.10326283241436,-9.86415997772383e-08,-1.0033415165366932e-07,1.6925518764310254e-09,1.6925518764310254,16.925518764310254,3.0901936161855166,4.635290424278275,40.0,automatic
5.0,76.0,1.8712051592547776,11.0,1.4822832322447796,-1.0037521747108258e-07,-1.0154173679666201e-07,1.1665193255794293e-09,1.1665193255794293,11.665193255794293,1.8712051592547776,2.8712051592547776,16.0,automatic
203.0,78.0,2.876813695875796,26.0,1.3328282662203883,-9.913745202538848e-08,-1.0041546971706339e-07,1.2780176916749042e-09,1.2780176916749042,12.780176916749042,2.876813695875796,4.315220543813694,36.0,automatic
220.0,77.0,2.5854414729132054,21.0,1.2576948637228433,-9.906914044677251e-08,-1.0042298015378037e-07,1.3538397070078645e-09,1.3538397070078645,13.538397070078645,2.5854414729132054,3.8781622093698083,24.0,automatic
497.0,77.0,2.9316150714175193,27.0,1.2484780172022165,-9.867788719475357e-08,-1.0038789000077486e-07,1.7100028060212935e-09,1.7100028060212935,17.100028060212935,2.9316150714175193,4.397422607126279,36.0,automatic
48.0,78.0,3.385137501286538,36.0,1.1150679494430014,-9.772069375912906e-08,-9.96805908926035e-08,1.959897133474442e-09,1.959897133474442,19.59897133474442,3.385137501286538,5.077706251929807,44.0,automatic
365.0,78.0,3.141274657157109,31.0,1.140038260161506,-9.804689682368917e-08,-9.989888027917004e-08,1.8519834554808767e-09,1.8519834554808767,18.519834554808767,3.141274657157109,4.7119119857356635,40.0,automatic
258.0,78.0,2.5231325220201604,20.0,1.1978046321169937,-9.867154204812323e-08,-1.000206388823699e-07,1.3490968342466658e-09,1.3490968342466658,13.490968342466658,2.5231325220201604,3.7846987830302403,24.0,automatic
326.0,79.0,3.141274657157109,31.0,0.718908660476283,-9.955285662499591e-08,-1.0054667853864885e-07,9.93821913652937e-10,0.9938219136529369,9.93821913652937,3.141274657157109,4.7119119857356635,40.0,automatic
391.0,82.0,2.5231325220201604,20.0,1.347530211131618,-9.830392144749567e-08,-9.978044701597355e-08,1.4765255684778822e-09,1.4765255684778822,14.765255684778822,2.5231325220201604,3.7846987830302403,24.0,automatic
102.0,83.0,2.9316150714175193,27.0,1.2484780172022165,-9.85147536880504e-08,-1.002924605586486e-07,1.7777068705981947e-09,1.7777068705981947,17.777068705981947,2.9316150714175193,4.397422607126279,36.0,automatic
239.0,84.0,1.4927053303604616,7.0,1.8865422955842652,-9.991855876023692e-08,-1.0078280965331032e-07,8.642508930734039e-10,0.8642508930734039,8.642508930734039,1.4927053303604616,2.4927053303604616,12.0,automatic
163.0,88.0,3.385137501286538,36.0,1.1424264698803188,-9.823603619452115e-08,-1.0021624774481097e-07,1.9802115502898232e-09,1.9802115502898232,19.802115502898232,3.385137501286538,5.077706251929807,44.0,automatic
175.0,87.0,2.5854414729132054,21.0,1.2576948637228433,-9.841880199701336e-08,-1.0030538533101208e-07,1.886583333998715e-09,1.8865833339987148,18.865833339987148,2.5854414729132054,3.8781622093698083,24.0,automatic
332.0,86.0,2.7057581899030048,23.0,1.27247615308253,-9.978359116757929e-08,-1.0152731988455344e-07,1.7437287169741467e-09,1.7437287169741467,17.437287169741467,2.7057581899030048,4.058637284854507,28.0,automatic
396.0,87.0,2.5854414729132054,21.0,1.414906721688199,-9.785944143914094e-08,-9.959891400512788e-08,1.7394725659869437e-09,1.7394725659869437,17.394725659869437,2.5854414729132054,3.8781622093698083,24.0,automatic
130.0,90.0,1.4927053303604616,7.0,2.1380658287893026,-9.939024181448985e-08,-1.003810794486526e-07,9.908376341627445e-10,0.9908376341627445,9.908376341627445,1.4927053303604616,2.4927053303604616,12.0,automatic
198.0,90.0,2.763953195770684,24.0,1.230303014972666,-9.908952591786147e-08,-1.0089283009051542e-07,1.8033041726539523e-09,1.8033041726539523,18.033041726539523,2.763953195770684,4.145929793656026,36.0,automatic
463.0,90.0,2.763953195770684,24.0,1.230303014972666,-9.796487177027302e-08,-9.960172064893413e-08,1.6368488786611124e-09,1.6368488786611124,16.368488786611124,2.763953195770684,4.145929793656026,36.0,automatic
39.0,92.0,3.0382538898732494,29.0,1.1374342679116787,-9.767511244263005e-08,-9.95800917280576e-08,1.904979285427544e-09,1.9049792854275438,19.049792854275438,3.0382538898732494,4.557380834809874,40.0,automatic
418.0,92.0,3.3377905890622728,35.0,0.7357481058740073,-9.859265048817178e-08,-9.946188939125022e-08,8.692389030784398e-10,0.8692389030784398,8.692389030784398,3.3377905890622728,5.006685883593409,44.0,automatic
221.0,93.0,2.763953195770684,24.0,1.1097582375130814,-9.843701320733089e-08,-1.0043676113014044e-07,1.999747922809547e-09,1.9997479228095472,19.99747922809547,2.763953195770684,4.145929793656026,36.0,automatic
135.0,95.0,2.876813695875796,26.0,1.3328282662203883,-9.80505276970689e-08,-1.00086062104765e-07,2.0355344076961046e-09,2.0355344076961046,20.355344076961046,2.876813695875796,4.315220543813694,36.0,automatic
312.0,94.0,2.5231325220201604,20.0,1.2389643882700014,-1.0037967967946315e-07,-1.016508690554474e-07,1.2711893759842496e-09,1.2711893759842496,12.711893759842496,2.5231325220201604,3.7846987830302403,24.0,automatic
282.0,94.0,2.111004122822376,14.0,1.500400304239239,-1.0041181752740158e-07,-1.0188700372282256e-07,1.4751861954209744e-09,1.4751861954209744,14.751861954209744,2.111004122822376,3.1665061842335644,24.0,automatic
255.0,96.0,2.256758334191025,16.0,1.4796776500174416,-9.836946190944218e-08,-1.00002321090642e-07,1.6328591811998194e-09,1.6328591811998194,16.328591811998194,2.256758334191025,3.385137501286538,16.0,automatic
437.0,96.0,1.692568750643269,9.0,1.7671458676442586,-1.0018641916076376e-07,-1.0139826045474365e-07,1.2118412939798873e-09,1.2118412939798873,12.118412939798873,1.692568750643269,2.692568750643269,12.0,automatic
299.0,98.0,2.8209479177387813,25.0,1.2815656405965272,-1.000121088168271e-07,-1.0173712894356868e-07,1.7250201267415832e-09,1.7250201267415832,17.250201267415832,2.8209479177387813,4.231421876608172,36.0,automatic
482.0,101.0,3.0382538898732494,29.0,1.2505080359301415,-9.952312041150435e-08,-1.0147459050813268e-07,1.951470096628327e-09,1.9514700966283272,19.51470096628327,3.0382538898732494,4.557380834809874,40.0,automatic
232.0,101.0,2.1850968611841584,15.0,1.2576242881690396,-1.0057247123995694e-07,-1.0223371660345038e-07,1.6612453634934354e-09,1.6612453634934354,16.612453634934354,2.1850968611841584,3.2776452917762375,24.0,automatic
95.0,103.0,3.0901936161855166,30.0,1.1766561392189778,-9.747900264756026e-08,-9.973308578992146e-08,2.2540831423611962e-09,2.2540831423611962,22.540831423611962,3.0901936161855166,4.635290424278275,40.0,automatic
111.0,108.0,2.256758334191025,16.0,1.3414659073803088,-9.851113702552539e-08,-9.977751602718854e-08,1.2663790016631538e-09,1.2663790016631538,12.663790016631538,2.256758334191025,3.385137501286538,16.0,automatic
263.0,108.0,2.256758334191025,16.0,1.4796776500174416,-1.0047335763374576e-07,-1.0206488454400642e-07,1.5915269102606544e-09,1.5915269102606544,15.915269102606544,2.256758334191025,3.385137501286538,16.0,automatic
61.0,108.0,2.1850968611841584,15.0,1.446802115179039,-1.0024560026522522e-07,-1.018454014456438e-07,1.5998011804185808e-09,1.5998011804185808,15.998011804185808,2.1850968611841584,3.2776452917762375,24.0,automatic
428.0,110.0,2.6462837142006137,22.0,1.3628608270970017,-9.943502732312481e-08,-1.0122345983631931e-07,1.7884325131944934e-09,1.7884325131944934,17.884325131944934,2.6462837142006137,3.9694255713009206,24.0,automatic
161.0,111.0,2.5231325220201604,20.0,1.347530211131618,-9.967096303853396e-08,-1.0117202720039131e-07,1.5010641618573572e-09,1.5010641618573572,15.010641618573572,2.5231325220201604,3.7846987830302403,24.0,automatic
38.0,114.0,2.7057581899030048,23.0,1.27247615308253,-9.753128438205749e-08,-9.924725219434549e-08,1.7159678122879995e-09,1.7159678122879995,17.159678122879995,2.7057581899030048,4.058637284854507,28.0,automatic
238.0,113.0,2.326213245840639,17.0,1.4253075265915784,-1.0057122779016936e-07,-1.0202109379520152e-07,1.4498660050321632e-09,1.4498660050321632,14.498660050321632,2.326213245840639,3.4893198687609583,16.0,automatic
183.0,116.0,2.763953195770684,24.0,1.3278012032165531,-9.811284229499506e-08,-9.982534265873255e-08,1.7125003637374903e-09,1.7125003637374903,17.125003637374903,2.763953195770684,4.145929793656026,36.0,automatic
196.0,116.0,1.692568750643269,9.0,1.6646373562696222,-9.897431141325796e-08,-9.995541105922712e-08,9.810996459691523e-10,0.9810996459691523,9.810996459691523,1.692568750643269,2.692568750643269,12.0,automatic
435.0,119.0,1.7841241161527712,10.0,1.612290114395414,-1.0023416052717948e-07,-1.0126910510166454e-07,1.0349445744850527e-09,1.0349445744850527,10.349445744850527,1.7841241161527712,2.7841241161527712,12.0,automatic
68.0,120.0,2.326213245840639,17.0,1.4253075265915784,-1.0036497855026028e-07,-1.0164480102048401e-07,1.2798224702237349e-09,1.2798224702237349,12.798224702237349,2.326213245840639,3.4893198687609583,16.0,automatic
83.0,122.0,3.0382538898732494,29.0,1.2505080359301415,-9.769306075213535e-08,-9.970487724331178e-08,2.0118164911764325e-09,2.0118164911764325,20.118164911764325,3.0382538898732494,4.557380834809874,40.0,automatic
214.0,121.0,2.5854414729132054,21.0,1.2576948637228433,-1.0047573795191056e-07,-1.021493005737284e-07,1.6735626218178368e-09,1.6735626218178368,16.735626218178368,2.5854414729132054,3.8781622093698083,24.0,automatic
301.0,125.0,2.7057581899030048,23.0,1.1790403893488048,-9.831902048063057e-08,-1.0021506113844225e-07,1.8960406578116817e-09,1.8960406578116817,18.960406578116817,2.7057581899030048,4.058637284854507,28.0,automatic
322.0,127.0,3.1915382432114616,32.0,1.255099881833576,-9.724157479240603e-08,-1.000818059537778e-07,2.8402311613717757e-09,2.8402311613717757,28.402311613717757,3.1915382432114616,4.787307364817193,32.0,automatic
274.0,126.0,2.1850968611841584,15.0,1.3871977968913514,-9.908313103323962e-08,-1.0052136190097372e-07,1.4382308677340916e-09,1.4382308677340916,14.382308677340916,2.1850968611841584,3.2776452917762375,24.0,automatic
369.0,127.0,2.876813695875796,26.0,1.2022380906391712,-9.765755493162942e-08,-9.940933054508605e-08,1.7517756134566298e-09,1.7517756134566298,17.517756134566298,2.876813695875796,4.315220543813694,36.0,automatic
440.0,127.0,1.692568750643269,9.0,1.6646373562696222,-1.0043451226238176e-07,-1.0133827643699078e-07,9.03764174609023e-10,0.903764174609023,9.03764174609023,1.692568750643269,2.692568750643269,12.0,automatic
114.0,128.0,1.5957691216057308,8.0,1.8288145488861385,-9.903802578037357e-08,-1.0015940432595016e-07,1.1213785455765901e-09,1.1213785455765901,11.213785455765901,1.5957691216057308,2.5957691216057306,12.0,automatic
260.0,128.0,2.8209479177387813,25.0,1.2815656405965272,-9.835535053070998e-08,-1.0026060692780447e-07,1.9052563970944902e-09,1.9052563970944902,19.052563970944902,2.8209479177387813,4.231421876608172,36.0,automatic
345.0,129.0,3.141274657157109,31.0,1.249524838656446,-9.763028430143095e-08,-9.961218694343188e-08,1.9819026420009322e-09,1.9819026420009322,19.819026420009322,3.141274657157109,4.7119119857356635,40.0,automatic
154.0,129.0,2.0342144725641096,13.0,1.3932288539364366,-1.0038162656655913e-07,-1.0146582596348708e-07,1.0841993969279429e-09,1.0841993969279429,10.841993969279429,2.0342144725641096,3.0513217088461646,16.0,automatic
247.0,129.0,1.8712051592547776,11.0,1.5596762428619324,-9.943672552026328e-08,-1.0044794152008762e-07,1.0112159998243442e-09,1.0112159998243442,10.112159998243442,1.8712051592547776,2.8712051592547776,16.0,automatic
488.0,131.0,2.0342144725641096,13.0,1.5571460217520925,-9.85753203508466e-08,-9.989242144570198e-08,1.3171010948553885e-09,1.3171010948553885,13.171010948553885,2.0342144725641096,3.0513217088461646,16.0,automatic
67.0,132.0,2.763953195770684,24.0,1.230303014972666,-9.823287427934702e-08,-9.996379546350909e-08,1.7309211841620709e-09,1.7309211841620709,17.30921184162071,2.763953195770684,4.145929793656026,36.0,automatic
94.0,136.0,2.9316150714175193,27.0,1.2860574036336336,-9.790800703513014e-08,-1.0004633566040866e-07,2.1383286252785183e-09,2.1383286252785183,21.383286252785183,2.9316150714175193,4.397422607126279,36.0,automatic
205.0,134.0,1.8712051592547776,11.0,1.4822832322447796,-1.0128915306495401e-07,-1.0241586423376248e-07,1.1267111688084697e-09,1.1267111688084697,11.267111688084697,1.8712051592547776,2.8712051592547776,16.0,automatic
399.0,135.0,2.8209479177387813,25.0,1.2815656405965272,-9.741749806835287e-08,-9.943387979660656e-08,2.016381728253691e-09,2.016381728253691,20.16381728253691,2.8209479177387813,4.231421876608172,36.0,automatic
111.0,136.0,2.876813695875796,26.0,1.3328282662203883,-9.845724235901798e-08,-1.0020074014960301e-07,1.7434977905850246e-09,1.7434977905850246,17.434977905850246,2.876813695875796,4.315220543813694,36.0,automatic
485.0,136.0,1.8712051592547776,11.0,1.4822832322447796,-9.879020268499517e-08,-9.976903214692356e-08,9.788294619283988e-10,0.9788294619283988,9.788294619283988,1.8712051592547776,2.8712051592547776,16.0,automatic
28.0,140.0,3.656366395715726,42.0,1.0439086621127163,-9.68977786897085e-08,-9.933035727272e-08,2.432578583011491e-09,2.432578583011491,24.32578583011491,3.656366395715726,5.48454959357359,52.0,automatic
449.0,141.0,2.876813695875796,26.0,1.0899410497465012,-9.789320642994426e-08,-9.963257596723452e-08,1.7393695372902584e-09,1.7393695372902584,17.393695372902584,2.876813695875796,4.315220543813694,36.0,automatic
193.0,142.0,2.256758334191025,16.0,1.4796776500174416,-1.0114587922771534e-07,-1.0282711926379307e-07,1.6812400360777247e-09,1.6812400360777247,16.812400360777247,2.256758334191025,3.385137501286538,16.0,automatic
222.0,143.0,2.985410660720923,28.0,1.0982123966043789,-1.0078731804696872e-07,-1.025438791657507e-07,1.756561118781974e-09,1.756561118781974,17.56561118781974,2.985410660720923,4.478115991081385,44.0,automatic
496.0,143.0,3.0382538898732494,29.0,1.2505080359301415,-9.803110856410058e-08,-9.984984572497524e-08,1.8187371608746616e-09,1.8187371608746616,18.187371608746616,3.0382538898732494,4.557380834809874,40.0,automatic
153.0,143.0,3.141274657157109,31.0,1.140038260161506,-9.839644832254635e-08,-9.999943273442113e-08,1.602984411874786e-09,1.602984411874786,16.02984411874786,3.141274657157109,4.7119119857356635,40.0,automatic
261.0,143.0,2.1850968611841584,15.0,1.446802115179039,-9.937301115314767e-08,-1.0051030230329161e-07,1.1372911501439376e-09,1.1372911501439376,11.372911501439376,2.1850968611841584,3.2776452917762375,24.0,automatic
245.0,144.0,2.256758334191025,16.0,1.3414659073803088,-9.898807462604964e-08,-1.004433372031599e-07,1.4552625771102612e-09,1.4552625771102612,14.552625771102612,2.256758334191025,3.385137501286538,16.0,automatic
288.0,146.0,3.0901936161855166,30.0,1.293629002686353,-9.874222683947664e-08,-1.0037298636689229e-07,1.6307595274156483e-09,1.6307595274156483,16.307595274156483,3.0901936161855166,4.635290424278275,40.0,automatic
386.0,144.0,1.5957691216057308,8.0,1.8288145488861385,-9.867849115607896e-08,-9.942703727006119e-08,7.485461139822291e-10,0.7485461139822291,7.485461139822291,1.5957691216057308,2.5957691216057306,12.0,automatic
397.0,145.0,2.5854414729132054,21.0,1.414906721688199,-9.787400045979666e-08,-9.950116819368304e-08,1.627167733886381e-09,1.627167733886381,16.27167733886381,2.5854414729132054,3.8781622093698083,24.0,automatic
61.0,147.0,2.4592453796829674,19.0,1.3974662543915228,-9.821967950074395e-08,-9.97073392738912e-08,1.487659773147243e-09,1.487659773147243,14.87659773147243,2.4592453796829674,3.6888680695244513,24.0,automatic
373.0,149.0,2.763953195770684,24.0,1.3278012032165531,-9.77948602098877e-08,-9.967763148210906e-08,1.882771272221362e-09,1.8827712722213619,18.82771272221362,2.763953195770684,4.145929793656026,36.0,automatic
434.0,151.0,2.876813695875796,26.0,1.2022380906391716,-9.786354127072627e-08,-9.969745917715045e-08,1.8339179064241762e-09,1.8339179064241762,18.339179064241762,2.876813695875796,4.315220543813694,36.0,automatic
321.0,152.0,2.6462837142006137,22.0,1.1277777637249438,-1.0065721056662369e-07,-1.024265365856536e-07,1.7693260190299043e-09,1.7693260190299043,17.693260190299043,2.6462837142006137,3.9694255713009206,24.0,automatic
417.0,153.0,3.0382538898732494,29.0,1.2505080359301415,-9.776835696584385e-08,-9.958647950725208e-08,1.8181225414082292e-09,1.8181225414082292,18.18122541408229,3.0382538898732494,4.557380834809874,40.0,automatic
129.0,155.0,3.1915382432114616,32.0,1.1768136879086513,-9.825366475979536e-08,-9.978980131108983e-08,1.5361365512944758e-09,1.5361365512944758,15.361365512944758,3.1915382432114616,4.787307364817193,32.0,automatic
216.0,153.0,2.393653682408596,18.0,1.2127771900184563,-1.0064012911925602e-07,-1.0248667337009465e-07,1.8465442508386332e-09,1.8465442508386332,18.46544250838633,2.393653682408596,3.590480523612894,16.0,automatic
476.0,157.0,3.2410224072142872,33.0,1.2135891156557967,-9.776344001011239e-08,-9.998582939374501e-08,2.222389383632617e-09,2.222389383632617,22.22389383632617,3.2410224072142872,4.86153361082143,32.0,automatic
76.0,158.0,2.5231325220201604,20.0,1.2389643882700017,-9.794172939336931e-08,-9.953856050515242e-08,1.5968311117831036e-09,1.5968311117831036,15.968311117831036,2.5231325220201604,3.7846987830302403,24.0,automatic
345.0,157.0,2.6462837142006137,22.0,1.217151102948507,-9.865747330195518e-08,-1.0029418007206914e-07,1.6367067701139604e-09,1.6367067701139604,16.367067701139604,2.6462837142006137,3.9694255713009206,24.0,automatic
510.0,158.0,2.393653682408596,18.0,1.2570482174865227,-9.774531406492315e-08,-9.990829852313254e-08,2.1629844582093938e-09,2.162984458209394,21.629844582093938,2.393653682408596,3.590480523612894,11.0,automatic
372.0,159.0,2.5854414729132054,21.0,1.200159547706528,-9.829003033701156e-08,-1.0020579921388162e-07,1.915768876870061e-09,1.915768876870061,19.15768876870061,2.5854414729132054,3.8781622093698083,24.0,automatic
296.0,160.0,1.7841241161527712,10.0,1.612290114395414,-1.005374699047934e-07,-1.0129339855780017e-07,7.559286530067766e-10,0.7559286530067766,7.559286530067766,1.7841241161527712,2.7841241161527712,12.0,automatic
305.0,160.0,1.2615662610100802,5.0,2.3173247538676778,-1.016320823055139e-07,-1.022385731630493e-07,6.064908575353911e-10,0.6064908575353911,6.064908575353911,1.2615662610100802,2.2615662610100804,16.0,automatic
20.0,162.0,2.1850968611841584,15.0,1.446802115179039,-1.0003876838027281e-07,-1.0118110793655433e-07,1.142339556281513e-09,1.142339556281513,11.42339556281513,2.1850968611841584,3.2776452917762375,24.0,automatic
255.0,164.0,2.985410660720923,28.0,1.2947179437652612,-9.834784719942036e-08,-1.0012463746988942e-07,1.7767902704690641e-09,1.7767902704690641,17.76790270469064,2.985410660720923,4.478115991081385,44.0,automatic
433.0,163.0,2.763953195770684,24.0,1.3278012032165531,-9.783184395928401e-08,-9.972358938625803e-08,1.891745426974012e-09,1.891745426974012,18.91745426974012,2.763953195770684,4.145929793656026,36.0,automatic
61.0,164.0,2.763953195770684,24.0,1.230303014972666,-9.798122135862286e-08,-9.947281753852621e-08,1.491596179903354e-09,1.491596179903354,14.91596179903354,2.763953195770684,4.145929793656026,36.0,automatic
172.0,165.0,2.876813695875796,26.0,1.2022380906391716,-9.856815097464278e-08,-9.981294368799354e-08,1.244792713350762e-09,1.244792713350762,12.44792713350762,2.876813695875796,4.315220543813694,36.0,automatic
448.0,164.0,2.7057581899030048,23.0,1.314460457011912,-9.816108104132582e-08,-9.978501580576449e-08,1.6239347644386726e-09,1.6239347644386726,16.239347644386726,2.7057581899030048,4.058637284854507,28.0,automatic
10.0,166.0,3.1915382432114616,32.0,1.255099881833576,-9.873317452502306e-08,-1.0115283188838475e-07,2.4196573633616936e-09,2.4196573633616936,24.196573633616936,3.1915382432114616,4.787307364817193,32.0,automatic
416.0,166.0,1.4927053303604616,7.0,1.8865422955842652,-9.907594034075373e-08,-9.976035997283361e-08,6.844196320798801e-10,0.6844196320798801,6.844196320798801,1.4927053303604616,2.4927053303604616,12.0,automatic
228.0,167.0,2.763953195770684,24.0,1.3278012032165531,-9.812077195192614e-08,-9.996038485837744e-08,1.8396129064512934e-09,1.8396129064512934,18.396129064512934,2.763953195770684,4.145929793656026,36.0,automatic
211.0,169.0,2.985410660720923,28.0,1.2073870691739297,-9.817450319360432e-08,-1.0021469520893334e-07,2.040192015329012e-09,2.040192015329012,20.40192015329012,2.985410660720923,4.478115991081385,44.0,automatic
353.0,168.0,2.4592453796829674,19.0,1.3974662543915228,-9.89301298659484e-08,-1.0035783404305221e-07,1.4277041771038057e-09,1.4277041771038057,14.277041771038057,2.4592453796829674,3.6888680695244513,24.0,automatic
88.0,168.0,2.393653682408596,18.0,1.3239153988972323,-9.824742619457538e-08,-9.975481063406733e-08,1.5073844394919433e-09,1.5073844394919433,15.073844394919433,2.393653682408596,3.590480523612894,16.0,automatic
118.0,169.0,2.5231325220201604,20.0,1.2389643882700017,-1.0021764751400042e-07,-1.0200702504903347e-07,1.7893775350330543e-09,1.7893775350330543,17.893775350330543,2.5231325220201604,3.7846987830302403,24.0,automatic
499.0,169.0,2.6462837142006137,22.0,1.3628608270970017,-9.896643859974574e-08,-1.0056635346700205e-07,1.5999148672563024e-09,1.5999148672563024,15.999148672563024,2.6462837142006137,3.9694255713009206,24.0,automatic
238.0,173.0,2.9316150714175193,27.0,0.6965093294188187,-9.898361241766906e-08,-1.0026147023722842e-07,1.2778578195593582e-09,1.2778578195593582,12.778578195593582,2.9316150714175193,4.397422607126279,36.0,automatic
45.0,175.0,2.763953195770684,24.0,1.230303014972666,-9.73950022853387e-08,-9.930601052587917e-08,1.9110082405404683e-09,1.9110082405404683,19.110082405404683,2.763953195770684,4.145929793656026,36.0,automatic
125.0,173.0,1.7841241161527712,10.0,1.612290114395414,-1.0073684109102032e-07,-1.0184180609940086e-07,1.1049650083805318e-09,1.1049650083805318,11.049650083805318,1.7841241161527712,2.7841241161527712,12.0,automatic
290.0,174.0,2.876813695875796,26.0,1.3328282662203883,-9.838849734933319e-08,-1.0010317197384211e-07,1.7146746245089162e-09,1.7146746245089162,17.14674624508916,2.876813695875796,4.315220543813694,36.0,automatic
75.0,175.0,2.5854414729132054,21.0,1.2576948637228433,-9.779559917433289e-08,-9.92341462335844e-08,1.4385470592515048e-09,1.4385470592515048,14.385470592515048,2.5854414729132054,3.8781622093698083,24.0,automatic
274.0,175.0,3.0901936161855166,30.0,1.293629002686353,-9.841261316978489e-08,-1.0031066466353877e-07,1.898051493753883e-09,1.8980514937538828,18.98051493753883,3.0901936161855166,4.635290424278275,40.0,automatic
321.0,176.0,2.6462837142006137,22.0,1.3175850953286932,-9.87210171388142e-08,-1.0023760310673424e-07,1.5165859679200366e-09,1.5165859679200366,15.165859679200366,2.6462837142006137,3.9694255713009206,24.0,automatic
371.0,177.0,3.3377905890622728,35.0,1.0480790531023694,-9.852323756831538e-08,-1.002126239768586e-07,1.6893864085432142e-09,1.6893864085432142,16.893864085432142,3.3377905890622728,5.006685883593409,44.0,automatic
173.0,180.0,1.381976597885342,6.0,2.0943951023931953,-1.0119548932152611e-07,-1.0207805800632741e-07,8.825686848012992e-10,0.8825686848012992,8.825686848012992,1.381976597885342,2.381976597885342,16.0,automatic
450.0,183.0,2.876813695875796,26.0,1.3328282662203883,-9.819112989362111e-08,-9.94241702301224e-08,1.2330403365012899e-09,1.2330403365012899,12.330403365012899,2.876813695875796,4.315220543813694,36.0,automatic
72.0,185.0,2.8209479177387813,25.0,1.2815656405965272,-9.752915275385021e-08,-9.932712430327229e-08,1.7979715494220727e-09,1.7979715494220727,17.979715494220727,2.8209479177387813,4.231421876608172,36.0,automatic
99.0,187.0,2.763953195770684,24.0,1.230303014972666,-9.84980133011959e-08,-9.991591198854621e-08,1.4178986873503163e-09,1.4178986873503163,14.178986873503163,2.763953195770684,4.145929793656026,36.0,automatic
418.0,188.0,2.763953195770684,24.0,1.3278012032165531,-9.786636212538724e-08,-9.973960501952206e-08,1.873242894134819e-09,1.873242894134819,18.73242894134819,2.763953195770684,4.145929793656026,36.0,automatic
440.0,186.0,2.5231325220201604,20.0,1.347530211131618,-9.778019460782161e-08,-9.980153592437091e-08,2.0213413165492966e-09,2.0213413165492966,20.213413165492966,2.5231325220201604,3.7846987830302403,24.0,automatic
397.0,189.0,3.1915382432114616,32.0,1.105630018541109,-9.779849108326744e-08,-9.981392068425521e-08,2.0154296009877726e-09,2.0154296009877726,20.154296009877726,3.1915382432114616,4.787307364817193,32.0,automatic
496.0,191.0,3.0901936161855166,30.0,1.1766561392189772,-9.803238754102495e-08,-9.984840332322165e-08,1.8160157821967005e-09,1.8160157821967005,18.160157821967005,3.0901936161855166,4.635290424278275,40.0,automatic
1.0,192.0,2.0342144725641096,13.0,1.3932288539364366,-9.827866875866675e-08,-9.987134319544566e-08,1.592674436778907e-09,1.592674436778907,15.92674436778907,2.0342144725641096,3.0513217088461646,11.0,automatic
134.0,191.0,2.0342144725641096,13.0,1.3932288539364366,-1.0102935732447804e-07,-1.0199982369840654e-07,9.704663739285024e-10,0.9704663739285024,9.704663739285024,2.0342144725641096,3.0513217088461646,16.0,automatic
346.0,193.0,2.9316150714175193,27.0,1.2860574036336336,-1.0033433284206694e-07,-1.0224832180938392e-07,1.913988967316982e-09,1.9139889673169819,19.13988967316982,2.9316150714175193,4.397422607126279,36.0,automatic
206.0,193.0,2.763953195770684,24.0,1.3278012032165531,-9.847757098668808e-08,-1.0039779141379768e-07,1.920220427109598e-09,1.920220427109598,19.20220427109598,2.763953195770684,4.145929793656026,36.0,automatic
34.0,193.0,2.111004122822376,14.0,1.500400304239239,-9.867606109992266e-08,-9.960412583609468e-08,9.280647361720185e-10,0.9280647361720185,9.280647361720185,2.111004122822376,3.1665061842335644,24.0,automatic
52.0,195.0,1.692568750643269,9.0,1.6646373562696222,-9.892324470683889e-08,-9.974422710001818e-08,8.209823931792926e-10,0.8209823931792926,8.209823931792926,1.692568750643269,2.692568750643269,12.0,automatic
249.0,196.0,2.8209479177387813,25.0,1.2815656405965272,-9.919030219407432e-08,-1.008380152711652e-07,1.6477130770908843e-09,1.6477130770908843,16.477130770908843,2.8209479177387813,4.231421876608172,36.0,automatic
223.0,196.0,2.876813695875796,26.0,1.2384256479434992,-9.82574945851411e-08,-1.0048571041920695e-07,2.2282158340658498e-09,2.2282158340658498,22.282158340658498,2.876813695875796,4.315220543813694,36.0,automatic
117.0,199.0,2.5854414729132054,21.0,1.3009126076835016,-9.851606819211156e-08,-1.0007790507415848e-07,1.5618368820469186e-09,1.5618368820469186,15.618368820469186,2.5854414729132054,3.8781622093698083,24.0,automatic
181.0,199.0,3.0382538898732494,29.0,1.2505080359301415,-9.844519865964685e-08,-1.0050207777112519e-07,2.056879111478338e-09,2.056879111478338,20.56879111478338,3.0382538898732494,4.557380834809874,40.0,automatic
469.0,200.0,3.1915382432114616,32.0,1.1465174146811832,-9.764055164396268e-08,-9.959487456967508e-08,1.954322925712404e-09,1.954322925712404,19.54322925712404,3.1915382432114616,4.787307364817193,32.0,automatic
360.0,200.0,2.763953195770684,24.0,1.230303014972666,-1.0047976672922232e-07,-1.0234315439561215e-07,1.8633876663898263e-09,1.8633876663898263,18.633876663898263,2.763953195770684,4.145929793656026,36.0,automatic
312.0,202.0,3.431831258788849,37.0,1.082181372265754,-9.851422078099858e-08,-1.0025419427961424e-07,1.7399734986156545e-09,1.7399734986156545,17.399734986156545,3.431831258788849,5.147746888183273,52.0,automatic
406.0,202.0,2.6462837142006137,22.0,1.3628608270970017,-9.812677603804332e-08,-9.951264701157925e-08,1.3858709735359298e-09,1.3858709735359298,13.858709735359298,2.6462837142006137,3.9694255713009206,24.0,automatic
172.0,205.0,2.763953195770684,24.0,1.1930384709859612,-9.867457606560492e-08,-1.0048146847907446e-07,1.8068924134695408e-09,1.8068924134695408,18.068924134695408,2.763953195770684,4.145929793656026,36.0,automatic
21.0,206.0,2.985410660720923,28.0,1.2947179437652612,-9.785506449588866e-08,-9.968147196559585e-08,1.826407469707192e-09,1.826407469707192,18.26407469707192,2.985410660720923,4.478115991081385,44.0,automatic
276.0,206.0,2.6462837142006137,22.0,1.1788859533308307,-9.868595185480444e-08,-1.0041250675385527e-07,1.726554899050825e-09,1.726554899050825,17.26554899050825,2.6462837142006137,3.9694255713009206,24.0,automatic
237.0,206.0,2.111004122822376,14.0,1.500400304239239,-9.948126233894072e-08,-1.0061485866685871e-07,1.133596327917985e-09,1.133596327917985,11.33596327917985,2.111004122822376,3.1665061842335644,24.0,automatic
374.0,209.0,4.853342309955121,74.0,0.8258328870684924,-9.869803818673972e-08,-1.0052961840756325e-07,1.8315802208235255e-09,1.8315802208235255,18.315802208235255,4.853342309955121,7.280013464932681,100.0,automatic
101.0,208.0,2.6462837142006137,22.0,1.217151102948507,-9.861027194801864e-08,-1.001676608325397e-07,1.5573888845210604e-09,1.5573888845210604,15.573888845210604,2.6462837142006137,3.9694255713009206,24.0,automatic
426.0,209.0,2.4592453796829674,19.0,1.2801537005750372,-9.849233606473717e-08,-9.993975780275832e-08,1.4474217380211485e-09,1.4474217380211485,14.474217380211485,2.4592453796829674,3.6888680695244513,24.0,automatic
288.0,211.0,2.876813695875796,26.0,1.1211451356615063,-9.836175962618654e-08,-1.0054327503894456e-07,2.181515412758017e-09,2.181515412758017,21.815154127580172,2.876813695875796,4.315220543813694,36.0,automatic
337.0,210.0,1.8712051592547776,11.0,1.4822832322447796,-9.947915202701552e-08,-1.0045052789564579e-07,9.713758686302754e-10,0.9713758686302754,9.713758686302754,1.8712051592547776,2.8712051592547776,16.0,automatic
124.0,211.0,2.326213245840639,17.0,1.4253075265915784,-9.880788809368823e-08,-1.0014554163717548e-07,1.3376535434872494e-09,1.3376535434872494,13.376535434872494,2.326213245840639,3.4893198687609583,16.0,automatic
439.0,212.0,2.763953195770684,24.0,1.3278012032165531,-9.827461155964556e-08,-9.995774874482777e-08,1.6831371851822041e-09,1.6831371851822041,16.83137185182204,2.763953195770684,4.145929793656026,36.0,automatic
485.0,213.0,2.876813695875796,26.0,1.2022380906391716,-9.749621199262037e-08,-9.955847701803577e-08,2.0622650254153996e-09,2.0622650254153996,20.622650254153996,2.876813695875796,4.315220543813694,36.0,automatic
63.0,213.0,2.5231325220201604,20.0,1.347530211131618,-9.858636929038767e-08,-1.0001905792478283e-07,1.4326886343951628e-09,1.4326886343951628,14.326886343951628,2.5231325220201604,3.7846987830302403,24.0,automatic
238.0,213.0,2.393653682408596,18.0,1.3744708899359803,-9.920234589344545e-08,-1.0053945587173985e-07,1.337109978294393e-09,1.337109978294393,13.37109978294393,2.393653682408596,3.590480523612894,16.0,automatic
3.0,215.0,2.8209479177387813,25.0,1.1907938922533645,-9.829429359342612e-08,-9.959858005004207e-08,1.304286456615955e-09,1.304286456615955,13.042864566159551,2.8209479177387813,4.231421876608172,33.0,automatic
118.0,216.0,2.256758334191025,16.0,1.3414659073803088,-9.89720092547941e-08,-1.0021079432931401e-07,1.2387850745199103e-09,1.2387850745199103,12.387850745199103,2.256758334191025,3.385137501286538,16.0,automatic
506.0,219.0,3.2897623212397704,34.0,1.1747318946999283,-9.775766329767066e-08,-9.968948688765522e-08,1.9318235899845604e-09,1.9318235899845604,19.318235899845604,3.2897623212397704,4.934643481859656,32.0,automatic
55.0,218.0,2.876813695875796,26.0,1.3328282662203883,-9.837859948902405e-08,-9.995519079097903e-08,1.576591301954977e-09,1.576591301954977,15.765913019549771,2.876813695875796,4.315220543813694,36.0,automatic
79.0,218.0,2.8209479177387813,25.0,1.2815656405965272,-9.837000902734871e-08,-1.0007032358316792e-07,1.7003145558192045e-09,1.7003145558192045,17.003145558192045,2.8209479177387813,4.231421876608172,36.0,automatic
31.0,222.0,3.0382538898732494,29.0,1.2505080359301415,-9.81001164745976e-08,-9.986947091533693e-08,1.7693544407393347e-09,1.7693544407393347,17.693544407393347,3.0382538898732494,4.557380834809874,40.0,automatic
144.0,222.0,2.985410660720923,28.0,1.2073870691739297,-9.806957024238727e-08,-1.0035362052462915e-07,2.2840502822418784e-09,2.2840502822418784,22.840502822418784,2.985410660720923,4.478115991081385,44.0,automatic
195.0,221.0,2.876813695875796,26.0,1.2022380906391712,-9.89089983249869e-08,-1.0070177580701056e-07,1.7927774820236664e-09,1.7927774820236664,17.927774820236664,2.876813695875796,4.315220543813694,36.0,automatic
261.0,222.0,2.6462837142006137,22.0,1.217151102948507,-9.90721247262627e-08,-1.0057738109026104e-07,1.5052563639983418e-09,1.5052563639983418,15.052563639983418,2.6462837142006137,3.9694255713009206,24.0,automatic
307.0,222.0,3.141274657157109,31.0,1.249524838656446,-9.838407066808941e-08,-1.002241702963147e-07,1.840099628225289e-09,1.840099628225289,18.40099628225289,3.141274657157109,4.7119119857356635,40.0,automatic
463.0,223.0,2.876813695875796,26.0,1.2022380906391712,-9.766872466343557e-08,-9.965184943894201e-08,1.9831247755064396e-09,1.9831247755064396,19.831247755064396,2.876813695875796,4.315220543813694,36.0,automatic
162.0,224.0,2.6462837142006137,22.0,1.3628608270970017,-1.0095011759858608e-07,-1.0271299899500264e-07,1.7628813964165602e-09,1.7628813964165602,17.6288139641656,2.6462837142006137,3.9694255713009206,24.0,automatic
384.0,223.0,2.6462837142006137,22.0,1.217151102948507,-9.85730395086648e-08,-1.0022894159078533e-07,1.6559020821205195e-09,1.6559020821205195,16.559020821205195,2.6462837142006137,3.9694255713009206,24.0,automatic
420.0,225.0,2.5231325220201604,20.0,1.2389643882700014,-1.0056321286810999e-07,-1.0201787503660853e-07,1.454662168498544e-09,1.454662168498544,14.546621684985439,2.5231325220201604,3.7846987830302403,24.0,automatic
433.0,224.0,2.393653682408596,18.0,1.3744708899359803,-1.0040297127034137e-07,-1.019396016488372e-07,1.536630378495829e-09,1.536630378495829,15.36630378495829,2.393653682408596,3.590480523612894,16.0,automatic
136.0,227.0,2.111004122822376,14.0,1.4353535174681107,-9.925786059739039e-08,-1.0023454777297047e-07,9.766871755800821e-10,0.9766871755800821,9.766871755800821,2.111004122822376,3.1665061842335644,24.0,automatic
275.0,228.0,3.3377905890622728,35.0,1.1106924012725323,-9.851597582155591e-08,-1.0022645824392384e-07,1.7104824223679316e-09,1.7104824223679316,17.104824223679316,3.3377905890622728,5.006685883593409,44.0,automatic
440.0,231.0,2.326213245840639,17.0,1.250364543402942,-1.0057806321128737e-07,-1.0188158583446238e-07,1.303522623175013e-09,1.303522623175013,13.03522623175013,2.326213245840639,3.4893198687609583,16.0,automatic
77.0,230.0,2.9316150714175193,27.0,1.248478017202216,-9.842531056847292e-08,-1.0006572992438123e-07,1.640419355908307e-09,1.640419355908307,16.40419355908307,2.9316150714175193,4.397422607126279,36.0,automatic
303.0,230.0,2.0342144725641096,13.0,1.393228853936436,-9.919379806433426e-08,-1.0011563134071366e-07,9.218332763794024e-10,0.9218332763794024,9.218332763794024,2.0342144725641096,3.0513217088461646,16.0,automatic
336.0,231.0,2.8209479177387813,25.0,1.2815656405965272,-9.769436104534179e-08,-9.988863425292038e-08,2.1942732075785898e-09,2.19427320757859,21.942732075785898,2.8209479177387813,4.231421876608172,36.0,automatic
96.0,233.0,2.393653682408596,18.0,1.3744708899359803,-9.899657271716933e-08,-1.0018256446642226e-07,1.1859917492529348e-09,1.1859917492529348,11.859917492529348,2.393653682408596,3.590480523612894,16.0,automatic
174.0,233.0,2.9316150714175193,27.0,1.248478017202216,-9.884680451932581e-08,-1.003462877235961e-07,1.499483204270291e-09,1.499483204270291,14.99483204270291,2.9316150714175193,4.397422607126279,36.0,automatic
410.0,231.0,1.4927053303604616,7.0,1.8865422955842652,-1.0087954649407038e-07,-1.0180335863196888e-07,9.238121378984943e-10,0.9238121378984943,9.238121378984943,1.4927053303604616,2.4927053303604616,12.0,automatic
219.0,234.0,3.431831258788849,37.0,1.1741605384881053,-9.808129419752731e-08,-1.002015466156081e-07,2.1202524180807814e-09,2.1202524180807814,21.202524180807814,3.431831258788849,5.147746888183273,52.0,automatic
22.0,234.0,3.0901936161855166,30.0,1.293629002686353,-9.805238221360923e-08,-1.0029401309452624e-07,2.2416308809170005e-09,2.2416308809170005,22.416308809170005,3.0901936161855166,4.635290424278275,40.0,automatic
372.0,234.0,3.2897623212397704,34.0,1.1747318946999283,-9.772595177537369e-08,-1.0002345973703086e-07,2.2975079616571747e-09,2.2975079616571747,22.975079616571747,3.2897623212397704,4.934643481859656,32.0,automatic
441.0,239.0,2.9316150714175193,27.0,1.2484780172022165,-1.0013180684609324e-07,-1.0192288257826476e-07,1.791075732171521e-09,1.791075732171521,17.91075732171521,2.9316150714175193,4.397422607126279,36.0,automatic
347.0,238.0,3.0901936161855166,30.0,1.2092175857965604,-9.775338583040138e-08,-9.991848770596334e-08,2.165101875561959e-09,2.165101875561959,21.65101875561959,3.0901936161855166,4.635290424278275,40.0,automatic
250.0,241.0,3.385137501286538,36.0,1.2438337708587477,-9.785988197563711e-08,-1.0008247031123574e-07,2.2225883355986298e-09,2.22258833559863,22.225883355986298,3.385137501286538,5.077706251929807,44.0,automatic
64.0,242.0,3.141274657157109,31.0,1.2158780105262765,-9.871915551684651e-08,-1.0023796903624316e-07,1.5188135193966446e-09,1.5188135193966446,15.188135193966446,3.141274657157109,4.7119119857356635,40.0,automatic
197.0,243.0,3.141274657157109,31.0,1.249524838656446,-9.825119917650227e-08,-1.0045777543155054e-07,2.206576255048276e-09,2.206576255048276,22.06576255048276,3.141274657157109,4.7119119857356635,40.0,automatic
116.0,243.0,2.256758334191025,16.0,1.4796776500174416,-9.897631514377281e-08,-1.0019637031177808e-07,1.220055168005274e-09,1.220055168005274,12.20055168005274,2.256758334191025,3.385137501286538,16.0,automatic
475.0,243.0,3.523362819972964,39.0,1.1678595163140688,-9.718694116145343e-08,-9.929238586892097e-08,2.105444707467541e-09,2.105444707467541,21.05444707467541,3.523362819972964,5.285044229959446,52.0,automatic
40.0,247.0,2.5231325220201604,20.0,1.197804632116994,-9.891994778854496e-08,-1.002345761946799e-07,1.3146284061349434e-09,1.3146284061349434,13.146284061349434,2.5231325220201604,3.7846987830302403,24.0,automatic
135.0,250.0,2.8209479177387813,25.0,1.1907938922533645,-9.868047357031173e-08,-1.0014955975634621e-07,1.469086186034474e-09,1.469086186034474,14.69086186034474,2.8209479177387813,4.231421876608172,36.0,automatic
391.0,249.0,2.9316150714175193,27.0,1.0882958272169045,-9.827251545857507e-08,-9.982938209418535e-08,1.5568666356102767e-09,1.5568666356102767,15.568666356102767,2.9316150714175193,4.397422607126279,36.0,automatic
495.0,250.0,2.763953195770684,24.0,1.230303014972666,-9.822856839036831e-08,-9.958569435752906e-08,1.357125967160755e-09,1.357125967160755,13.57125967160755,2.763953195770684,4.145929793656026,36.0,automatic
105.0,252.0,2.985410660720923,28.0,1.2073870691739297,-9.872625383877676e-08,-1.0008090001178971e-07,1.3546461730129522e-09,1.3546461730129522,13.546461730129522,2.985410660720923,4.478115991081385,44.0,automatic
157.0,255.0,3.385137501286538,36.0,1.0780241689052943,-9.791700961159222e-08,-9.983624238429911e-08,1.9192327727068914e-09,1.9192327727068914,19.192327727068914,3.385137501286538,5.077706251929807,44.0,automatic
245.0,254.0,3.3377905890622728,35.0,1.2092828327793383,-9.852205096194666e-08,-1.0029648933596036e-07,1.7744383740136982e-09,1.7744383740136982,17.744383740136982,3.3377905890622728,5.006685883593409,44.0,automatic
315.0,258.0,3.2410224072142872,33.0,1.111712424183585,-9.838786496629837e-08,-1.0019789442594629e-07,1.8100294596479216e-09,1.8100294596479216,18.100294596479216,3.2410224072142872,4.86153361082143,32.0,automatic
339.0,258.0,3.1915382432114616,32.0,1.1768136879086508,-9.815522616918315e-08,-1.0008983863940557e-07,1.9346124702224188e-09,1.9346124702224188,19.346124702224188,3.1915382432114616,4.787307364817193,32.0,automatic
57.0,259.0,2.5231325220201604,20.0,1.2389643882700017,-9.851721927134349e-08,-9.991699556621825e-08,1.399776294874755e-09,1.399776294874755,13.99776294874755,2.5231325220201604,3.7846987830302403,24.0,automatic
8.0,261.0,3.0901936161855166,30.0,1.10326283241436,-9.798477407230166e-08,-9.990504068468908e-08,1.9202666123874224e-09,1.9202666123874224,19.202666123874224,3.0901936161855166,4.635290424278275,40.0,automatic
294.0,263.0,3.0901936161855166,30.0,1.1766561392189778,-9.868006145552499e-08,-1.0044674780829155e-07,1.7666863527665555e-09,1.7666863527665555,17.666863527665555,3.0901936161855166,4.635290424278275,40.0,automatic
401.0,263.0,2.393653682408596,18.0,1.3239153988972323,-9.792859145818511e-08,-9.987935456479136e-08,1.950763106606246e-09,1.9507631066062459,19.50763106606246,2.393653682408596,3.590480523612894,16.0,automatic
429.0,263.0,2.8209479177387813,25.0,1.2815656405965272,-9.865104289019655e-08,-1.0019434171226749e-07,1.5432988220709376e-09,1.5432988220709376,15.432988220709376,2.8209479177387813,4.231421876608172,36.0,automatic
452.0,264.0,3.0382538898732494,29.0,1.2505080359301415,-9.848321980143737e-08,-1.0008898954083634e-07,1.6057697393989656e-09,1.6057697393989656,16.057697393989656,3.0382538898732494,4.557380834809874,40.0,automatic
242.0,270.0,3.6125759969217834,41.0,1.1604344978565644,-9.837582126692723e-08,-1.0014412055170396e-07,1.768299284776731e-09,1.768299284776731,17.68299284776731,3.6125759969217834,5.418863995382675,52.0,automatic
116.0,269.0,3.2897623212397704,34.0,1.2503645434029416,-9.790522170760596e-08,-9.96472095948775e-08,1.7419878872715344e-09,1.7419878872715344,17.419878872715344,3.2897623212397704,4.934643481859656,32.0,automatic
73.0,269.0,1.4927053303604616,7.0,1.8865422955842652,-1.0107724079944091e-07,-1.0217579315963121e-07,1.0985523601902969e-09,1.098552360190297,10.985523601902969,1.4927053303604616,2.4927053303604616,12.0,automatic
398.0,270.0,3.0901936161855166,30.0,1.10326283241436,-9.828374913922744e-08,-9.97133540181494e-08,1.429604878921964e-09,1.429604878921964,14.29604878921964,3.0901936161855166,4.635290424278275,40.0,automatic
420.0,270.0,2.393653682408596,18.0,1.3239153988972323,-9.826771218968133e-08,-1.0008697515218046e-07,1.8192629624991241e-09,1.8192629624991241,18.19262962499124,2.393653682408596,3.590480523612894,16.0,automatic
87.0,273.0,3.2410224072142872,33.0,1.213589115655796,-9.982547055642499e-08,-1.0215332579832648e-07,2.3278552419014886e-09,2.3278552419014886,23.278552419014886,3.2410224072142872,4.86153361082143,32.0,automatic
209.0,269.0,1.381976597885342,6.0,2.0943951023931953,-9.977782156056492e-08,-1.0043156706274203e-07,6.537455021771166e-10,0.6537455021771166,6.537455021771166,1.381976597885342,2.381976597885342,16.0,automatic
179.0,272.0,2.5231325220201604,20.0,1.3008937295939076,-1.0086821333743501e-07,-1.0239417136403972e-07,1.5259580266047124e-09,1.5259580266047124,15.259580266047124,2.5231325220201604,3.7846987830302403,24.0,automatic
266.0,271.0,2.256758334191025,16.0,1.3414659073803088,-1.0141533124397029e-07,-1.0273000583538305e-07,1.3146745914127678e-09,1.3146745914127678,13.146745914127678,2.256758334191025,3.385137501286538,16.0,automatic
62.0,272.0,2.4592453796829674,19.0,1.2801537005750372,-9.880728413236284e-08,-1.0003087425047852e-07,1.2235901181156805e-09,1.2235901181156805,12.235901181156805,2.4592453796829674,3.6888680695244513,24.0,automatic
158.0,274.0,2.985410660720923,28.0,1.2947179437652612,-9.799228450901865e-08,-9.97322082696428e-08,1.7399237606241513e-09,1.7399237606241513,17.399237606241513,2.985410660720923,4.478115991081385,44.0,automatic
363.0,274.0,2.5854414729132054,21.0,1.414906721688199,-9.862831262807958e-08,-1.0002979777823384e-07,1.401485150154258e-09,1.401485150154258,14.01485150154258,2.5854414729132054,3.8781622093698083,24.0,automatic
347.0,276.0,2.985410660720923,28.0,1.2073870691739297,-9.851447657638346e-08,-1.0008552919771319e-07,1.5710526213297271e-09,1.5710526213297271,15.710526213297271,2.985410660720923,4.478115991081385,44.0,automatic
14.0,275.0,2.7057581899030048,23.0,1.27247615308253,-9.822311852758503e-08,-9.961812708070283e-08,1.3950085531178047e-09,1.3950085531178047,13.950085531178047,2.7057581899030048,4.058637284854507,28.0,automatic
198.0,277.0,3.1915382432114616,32.0,1.1768136879086508,-9.794937483320609e-08,-9.998864314297862e-08,2.039268309772524e-09,2.039268309772524,20.39268309772524,3.1915382432114616,4.787307364817193,32.0,automatic
453.0,278.0,2.6462837142006137,22.0,1.25731000235922,-9.855206428710517e-08,-9.984236726268136e-08,1.2903029755761963e-09,1.2903029755761963,12.903029755761963,2.6462837142006137,3.9694255713009206,24.0,automatic
507.0,280.0,2.256758334191025,16.0,1.176813687908651,-1.0015693874265708e-07,-1.0137027928180942e-07,1.213340539152341e-09,1.213340539152341,12.13340539152341,2.256758334191025,3.385137501286538,16.0,automatic
31.0,279.0,3.2410224072142872,33.0,1.111712424183585,-9.773722098316284e-08,-9.968161052142932e-08,1.9443895382664778e-09,1.9443895382664778,19.443895382664778,3.2410224072142872,4.86153361082143,32.0,automatic
393.0,283.0,2.6462837142006137,22.0,1.25731000235922,-9.828141145362679e-08,-9.990773008894394e-08,1.6263186353171477e-09,1.6263186353171477,16.263186353171477,2.6462837142006137,3.9694255713009206,24.0,automatic
64.0,284.0,2.763953195770684,24.0,1.2303030149726657,-9.895960317862773e-08,-1.0016346507768503e-07,1.2038618990573013e-09,1.2038618990573013,12.038618990573013,2.763953195770684,4.145929793656026,36.0,automatic
297.0,286.0,3.523362819972964,39.0,1.1678595163140688,-9.764148245494653e-08,-1.0032838559936863e-07,2.6869031444221037e-09,2.6869031444221037,26.869031444221037,3.523362819972964,5.285044229959446,52.0,automatic
329.0,285.0,2.763953195770684,24.0,1.1930384709859612,-9.889001972851474e-08,-1.0026062469137287e-07,1.370604962858124e-09,1.370604962858124,13.70604962858124,2.763953195770684,4.145929793656026,36.0,automatic
443.0,286.0,2.7057581899030048,23.0,1.27247615308253,-9.834960934540504e-08,-9.983385140799328e-08,1.4842420625882369e-09,1.4842420625882369,14.842420625882369,2.7057581899030048,4.058637284854507,28.0,automatic
145.0,287.0,2.6462837142006137,22.0,1.217151102948507,-9.84042998197765e-08,-9.964392688743828e-08,1.239627067661786e-09,1.239627067661786,12.39627067661786,2.6462837142006137,3.9694255713009206,24.0,automatic
91.0,290.0,2.8209479177387813,25.0,1.242748407277043,-9.835930114832081e-08,-1.0009257067622457e-07,1.733269527903758e-09,1.733269527903758,17.33269527903758,2.8209479177387813,4.231421876608172,36.0,automatic
483.0,290.0,3.2410224072142872,33.0,1.0472242640569587,-9.780278986681878e-08,-9.960368885231219e-08,1.8008989854934043e-09,1.8008989854934043,18.008989854934043,3.2410224072142872,4.86153361082143,32.0,automatic
410.0,290.0,2.8209479177387813,25.0,1.2815656405965272,-9.80804415462444e-08,-9.980010418075835e-08,1.719662634513952e-09,1.719662634513952,17.19662634513952,2.8209479177387813,4.231421876608172,36.0,automatic
470.0,291.0,2.9316150714175193,27.0,1.1642661024177179,-9.776414344742079e-08,-9.970971959205599e-08,1.945576144635197e-09,1.9455761446351971,19.45576144635197,2.9316150714175193,4.397422607126279,36.0,automatic
226.0,294.0,2.985410660720923,28.0,0.93012209589217,-9.930546696068632e-08,-1.0003973471839345e-07,7.342677577071299e-10,0.7342677577071299,7.342677577071299,2.985410660720923,4.478115991081385,44.0,automatic
383.0,294.0,2.1850968611841584,15.0,1.446802115179039,-1.0090415969443711e-07,-1.0194479216352192e-07,1.0406324690848123e-09,1.0406324690848123,10.406324690848123,2.1850968611841584,3.2776452917762375,24.0,automatic
239.0,298.0,3.742410318509555,44.0,0.9042474527884363,-9.804109879496536e-08,-9.95854883001357e-08,1.5443895051703294e-09,1.5443895051703294,15.443895051703294,3.742410318509555,5.613615477764332,52.0,automatic
7.0,297.0,2.256758334191025,16.0,1.4796776500174416,-1.0096972857809305e-07,-1.0208267298139617e-07,1.1129444033031177e-09,1.1129444033031177,11.129444033031177,2.256758334191025,3.385137501286538,16.0,automatic
29.0,295.0,1.4927053303604616,7.0,1.6935030795523165,-1.000366083303561e-07,-1.0100831815407219e-07,9.717098237160826e-10,0.9717098237160826,9.717098237160826,1.4927053303604616,2.4927053303604616,12.0,automatic
195.0,299.0,3.523362819972964,39.0,1.1678595163140688,-9.780887921806425e-08,-9.973870263024764e-08,1.9298234121833957e-09,1.9298234121833957,19.298234121833957,3.523362819972964,5.285044229959446,52.0,automatic
361.0,296.0,2.256758334191025,16.0,1.341465907380309,-1.0118250060031642e-07,-1.0217498314091245e-07,9.924825405960291e-10,0.9924825405960291,9.924825405960291,2.256758334191025,3.385137501286538,16.0,automatic
338.0,297.0,2.256758334191025,16.0,1.4796776500174416,-1.0120815119307736e-07,-1.0232156455458608e-07,1.1134133615087194e-09,1.1134133615087194,11.134133615087194,2.256758334191025,3.385137501286538,16.0,automatic
265.0,300.0,3.2410224072142872,33.0,1.1401809566205188,-1.0016913165600272e-07,-1.0223488899896438e-07,2.0657573429616605e-09,2.0657573429616605,20.657573429616605,3.2410224072142872,4.86153361082143,32.0,automatic
430.0,301.0,2.763953195770684,24.0,1.230303014972666,-9.813895474053425e-08,-9.982741033809361e-08,1.6884555975593685e-09,1.6884555975593685,16.884555975593685,2.763953195770684,4.145929793656026,36.0,automatic
124.0,305.0,3.5682482323055424,40.0,1.1978046321169937,-9.709222581477661e-08,-9.953951263241834e-08,2.447286817641725e-09,2.447286817641725,24.47286817641725,3.5682482323055424,5.352372348458314,52.0,automatic
350.0,304.0,2.5231325220201604,20.0,1.3008937295939076,-1.007211594128421e-07,-1.0209322809373589e-07,1.3720686808937899e-09,1.3720686808937899,13.720686808937899,2.5231325220201604,3.7846987830302403,24.0,automatic
460.0,304.0,2.393653682408596,18.0,1.3744708899359803,-1.0039345710310954e-07,-1.0164585972916029e-07,1.2524026260507526e-09,1.2524026260507526,12.524026260507526,2.393653682408596,3.590480523612894,16.0,automatic
358.0,306.0,2.9316150714175193,27.0,1.1642661024177179,-1.0014684903580928e-07,-1.0204846034866932e-07,1.901611312860041e-09,1.901611312860041,19.01611312860041,2.9316150714175193,4.397422607126279,36.0,automatic
34.0,307.0,2.1850968611841584,15.0,1.3871977968913514,-1.0112744774914972e-07,-1.0224171020922768e-07,1.1142624600779527e-09,1.1142624600779527,11.142624600779527,2.1850968611841584,3.2776452917762375,24.0,automatic
309.0,307.0,3.742410318509555,44.0,1.1529071768572303,-9.706118930807861e-08,-9.965449621063271e-08,2.5933069025541045e-09,2.5933069025541045,25.933069025541045,3.742410318509555,5.613615477764332,52.0,automatic
504.0,309.0,2.876813695875796,26.0,1.2384256479434992,-9.740917761291712e-08,-9.920648835759494e-08,1.7973107446778158e-09,1.7973107446778158,17.973107446778158,2.876813695875796,4.315220543813694,36.0,automatic
16.0,311.0,3.0382538898732494,29.0,1.2505080359301415,-9.96451632317985e-08,-1.0113295090263819e-07,1.4877876708396798e-09,1.4877876708396798,14.877876708396798,3.0382538898732494,4.557380834809874,40.0,automatic
94.0,311.0,3.8678889139475245,47.0,1.1433738600259475,-9.683391510861838e-08,-9.971190095825477e-08,2.8779858496363886e-09,2.8779858496363886,28.779858496363886,3.8678889139475245,5.801833370921287,56.0,automatic
232.0,312.0,2.5854414729132054,21.0,1.3009126076835016,-9.830984737391191e-08,-9.975831360975462e-08,1.4484662358427158e-09,1.4484662358427158,14.484662358427158,2.5854414729132054,3.8781622093698083,24.0,automatic
464.0,311.0,2.8209479177387813,25.0,1.1559981640761265,-9.990166205398054e-08,-1.0164243491317393e-07,1.7407728591933846e-09,1.7407728591933846,17.407728591933846,2.8209479177387813,4.231421876608172,36.0,automatic
407.0,312.0,3.141274657157109,31.0,1.249524838656446,-9.794305810828519e-08,-9.938709055745676e-08,1.4440324491715728e-09,1.4440324491715728,14.440324491715728,3.141274657157109,4.7119119857356635,40.0,automatic
373.0,314.0,2.985410660720923,28.0,1.2073870691739297,-1.0009434703306397e-07,-1.0192368549155617e-07,1.8293384584922023e-09,1.8293384584922023,18.293384584922023,2.985410660720923,4.478115991081385,44.0,automatic
56.0,317.0,3.141274657157109,31.0,1.249524838656446,-9.775450848792389e-08,-9.989446780878097e-08,2.1399593208570877e-09,2.1399593208570877,21.399593208570877,3.141274657157109,4.7119119857356635,40.0,automatic
158.0,318.0,2.763953195770684,24.0,1.230303014972666,-9.904692177542529e-08,-1.0062633748475491e-07,1.5794157093296235e-09,1.5794157093296235,15.794157093296235,2.763953195770684,4.145929793656026,36.0,automatic
390.0,318.0,2.9316150714175193,27.0,1.1642661024177179,-9.860445970844012e-08,-1.0038518993837897e-07,1.7807302299388539e-09,1.7807302299388539,17.80730229938854,2.9316150714175193,4.397422607126279,36.0,automatic
473.0,321.0,3.431831258788849,37.0,1.082181372265754,-9.820267621307721e-08,-1.002843497133199e-07,2.0816735002426867e-09,2.0816735002426867,20.816735002426867,3.431831258788849,5.147746888183273,52.0,automatic
243.0,323.0,2.9316150714175193,27.0,1.0195257983459982,-9.961874525288295e-08,-1.002783491799164e-07,6.596039270334586e-10,0.6596039270334586,6.596039270334586,2.9316150714175193,4.397422607126279,36.0,automatic
2.0,323.0,3.0901936161855166,30.0,1.1032628324143605,-9.870714023918481e-08,-1.000279112872704e-07,1.3207710480855894e-09,1.3207710480855894,13.207710480855894,3.0901936161855166,4.635290424278275,29.0,automatic
141.0,322.0,3.477898169151024,38.0,1.0755246565499865,-9.743355633418105e-08,-9.959518720847882e-08,2.1616308742977708e-09,2.161630874297771,21.616308742977708,3.477898169151024,5.216847253726536,52.0,automatic
499.0,322.0,2.4592453796829674,19.0,1.2801537005750372,-9.849832593999963e-08,-9.968703906793053e-08,1.188713127930896e-09,1.188713127930896,11.88713127930896,2.4592453796829674,3.6888680695244513,24.0,automatic
193.0,325.0,3.2410224072142872,33.0,1.1117124241835845,-9.819439128477825e-08,-9.996902505804428e-08,1.7746337732660322e-09,1.7746337732660322,17.746337732660322,3.2410224072142872,4.86153361082143,32.0,automatic
48.0,324.0,2.763953195770684,24.0,1.3278012032165531,-9.825205182778518e-08,-1.0023738639119983e-07,1.9853345634146535e-09,1.9853345634146535,19.853345634146535,2.763953195770684,4.145929793656026,36.0,automatic
214.0,327.0,2.985410660720923,28.0,1.1737826689577704,-9.795076749696818e-08,-9.992774963052398e-08,1.9769821335557936e-09,1.9769821335557936,19.769821335557936,2.985410660720923,4.478115991081385,44.0,automatic
263.0,327.0,2.8209479177387813,25.0,1.1907938922533645,-1.0030321817566801e-07,-1.0257802784963133e-07,2.2748096739633183e-09,2.2748096739633183,22.748096739633183,2.8209479177387813,4.231421876608172,36.0,automatic
442.0,329.0,2.326213245840639,17.0,1.4253075265915784,-9.837523862188391e-08,-9.996653460575544e-08,1.5912959838715324e-09,1.5912959838715324,15.912959838715324,2.326213245840639,3.4893198687609583,16.0,automatic
294.0,331.0,3.0901936161855166,30.0,1.2092175857965604,-9.735617112482942e-08,-9.993700444965725e-08,2.580833324827836e-09,2.580833324827836,25.80833324827836,3.0901936161855166,4.635290424278275,40.0,automatic
306.0,330.0,2.5854414729132054,21.0,1.414906721688199,-9.83273622523484e-08,-9.997876304623787e-08,1.6514007938894792e-09,1.6514007938894792,16.514007938894792,2.5854414729132054,3.8781622093698083,24.0,automatic
385.0,330.0,3.0901936161855166,30.0,1.293629002686353,-9.830772995655934e-08,-1.0003594397289817e-07,1.7282140163388249e-09,1.7282140163388249,17.28214016338825,3.0901936161855166,4.635290424278275,40.0,automatic
243.0,333.0,3.0382538898732494,29.0,0.9769594030704232,-9.962069213997893e-08,-1.003007064070971e-07,6.800142671181675e-10,0.6800142671181675,6.800142671181675,3.0382538898732494,4.557380834809874,40.0,automatic
250.0,331.0,2.1850968611841584,15.0,1.3871977968913514,-1.0057185306777683e-07,-1.0185246779315094e-07,1.2806147253741074e-09,1.2806147253741074,12.806147253741074,2.1850968611841584,3.2776452917762375,24.0,automatic
501.0,330.0,1.8712051592547776,11.0,1.4822832322447796,-9.867038386346394e-08,-1.0001182104701911e-07,1.341437183555172e-09,1.341437183555172,13.41437183555172,1.8712051592547776,2.8712051592547776,16.0,automatic
221.0,333.0,2.111004122822376,14.0,1.500400304239239,-9.882602114430483e-08,-9.997127037308928e-08,1.1452492287844507e-09,1.1452492287844507,11.452492287844507,2.111004122822376,3.1665061842335644,24.0,automatic
426.0,335.0,3.477898169151024,38.0,0.9244299293826812,-9.834575820377722e-08,-9.982306181655076e-08,1.4773036127735395e-09,1.4773036127735395,14.773036127735395,3.477898169151024,5.216847253726536,52.0,automatic
41.0,336.0,2.876813695875796,26.0,1.3328282662203883,-9.786218413410097e-08,-1.0009375017716593e-07,2.2315660430649586e-09,2.2315660430649586,22.315660430649586,2.876813695875796,4.315220543813694,36.0,automatic
438.0,337.0,2.876813695875796,26.0,1.1211451356615063,-9.796732314271139e-08,-9.971527958896331e-08,1.7479564462519193e-09,1.7479564462519193,17.479564462519193,2.876813695875796,4.315220543813694,36.0,automatic
85.0,338.0,2.985410660720923,28.0,1.2073870691739297,-9.784410792690323e-08,-9.990875682319711e-08,2.0646488962938747e-09,2.0646488962938747,20.646488962938747,2.985410660720923,4.478115991081385,44.0,automatic
172.0,339.0,1.5957691216057308,8.0,1.8288145488861385,-1.014410528910048e-07,-1.0250538551304089e-07,1.0643326220360905e-09,1.0643326220360905,10.643326220360905,1.5957691216057308,2.5957691216057306,12.0,automatic
190.0,339.0,1.381976597885342,6.0,2.0943951023931953,-9.894331753912411e-08,-9.978884207839656e-08,8.455245392724464e-10,0.8455245392724464,8.455245392724464,1.381976597885342,2.381976597885342,16.0,automatic
483.0,341.0,2.9316150714175193,27.0,1.2484780172022165,-1.0015318707701226e-07,-1.0184028909066001e-07,1.6871020136477455e-09,1.6871020136477455,16.871020136477455,2.9316150714175193,4.397422607126279,36.0,automatic
3.0,341.0,2.5854414729132054,21.0,1.1618260528144837,-9.838002057449557e-08,-9.996728067562799e-08,1.587260101132415e-09,1.587260101132415,15.87260101132415,2.5854414729132054,3.8781622093698083,24.0,automatic
312.0,342.0,3.431831258788849,37.0,1.1741605384881053,-9.754887031476756e-08,-1.0008101725134111e-07,2.532146936573554e-09,2.532146936573554,25.32146936573554,3.431831258788849,5.147746888183273,52.0,automatic
116.0,345.0,2.8209479177387813,25.0,1.190793892253364,-9.827584790400579e-08,-9.996467653650143e-08,1.6888286324956425e-09,1.6888286324956425,16.888286324956425,2.8209479177387813,4.231421876608172,36.0,automatic
337.0,344.0,3.141274657157109,31.0,1.2158780105262772,-9.849838988884585e-08,-9.995023120268343e-08,1.4518413138375763e-09,1.4518413138375763,14.518413138375763,3.141274657157109,4.7119119857356635,40.0,automatic
286.0,344.0,1.692568750643269,9.0,1.6646373562696222,-9.911781262417207e-08,-9.993613758751962e-08,8.183249633475498e-10,0.8183249633475498,8.183249633475498,1.692568750643269,2.692568750643269,12.0,automatic
509.0,345.0,2.393653682408596,18.0,1.3744708899359803,-9.781096110828003e-08,-9.962861469148265e-08,1.8176535832026275e-09,1.8176535832026275,18.176535832026275,2.393653682408596,3.590480523612894,13.0,automatic
63.0,346.0,2.7057581899030048,23.0,1.314460457011912,-9.807340717316038e-08,-9.994970540105896e-08,1.8762982278985874e-09,1.8762982278985874,18.762982278985874,2.7057581899030048,4.058637284854507,28.0,automatic
450.0,346.0,2.763953195770684,24.0,1.3278012032165531,-9.816859858347016e-08,-9.990055716002644e-08,1.7319585765562806e-09,1.7319585765562806,17.319585765562806,2.763953195770684,4.145929793656026,36.0,automatic
233.0,349.0,3.0382538898732494,29.0,1.1374342679116787,-9.80179493126343e-08,-9.989071259042248e-08,1.872763277788181e-09,1.8727632777881809,18.72763277788181,3.0382538898732494,4.557380834809874,40.0,automatic
362.0,348.0,2.876813695875796,26.0,1.3328282662203883,-9.78123395611874e-08,-9.975030934583629e-08,1.9379697846488853e-09,1.9379697846488853,19.379697846488853,2.876813695875796,4.315220543813694,36.0,automatic
258.0,351.0,3.0901936161855166,30.0,1.293629002686353,-9.809538425997744e-08,-1.0018412766044094e-07,2.0887434004634997e-09,2.0887434004634997,20.887434004634997,3.0901936161855166,4.635290424278275,40.0,automatic
390.0,350.0,2.876813695875796,26.0,1.3328282662203883,-9.813800971869568e-08,-1.000758231839427e-07,1.937813465247018e-09,1.937813465247018,19.37813465247018,2.876813695875796,4.315220543813694,36.0,automatic
406.0,350.0,2.985410660720923,28.0,1.2073870691739297,-9.837124537170894e-08,-1.0024734464764151e-07,1.8760992759325745e-09,1.8760992759325745,18.760992759325745,2.985410660720923,4.478115991081385,44.0,automatic
28.0,353.0,3.5682482323055424,40.0,1.0480974335065736,-9.79461560746131e-08,-9.979894244338539e-08,1.8527863687722856e-09,1.8527863687722856,18.527863687722856,3.5682482323055424,5.352372348458314,52.0,automatic
125.0,353.0,3.0901936161855166,30.0,1.293629002686353,-1.0015779139393999e-07,-1.0232419000999471e-07,2.166398616054721e-09,2.166398616054721,21.66398616054721,3.0901936161855166,4.635290424278275,40.0,automatic
323.0,353.0,2.393653682408596,18.0,1.3744708899359803,-9.864849914720253e-08,-1.001500642416886e-07,1.5015650944860681e-09,1.5015650944860681,15.015650944860681,2.393653682408596,3.590480523612894,16.0,automatic
425.0,353.0,1.8712051592547776,11.0,1.4822832322447796,-9.90639463793741e-08,-1.0001578942819833e-07,9.518430488242302e-10,0.9518430488242302,9.518430488242302,1.8712051592547776,2.8712051592547776,16.0,automatic
271.0,355.0,2.5854414729132054,21.0,1.3009126076835016,-9.869076222912554e-08,-9.998226602192517e-08,1.291503792799631e-09,1.291503792799631,12.915037927996309,2.5854414729132054,3.8781622093698083,24.0,automatic
369.0,356.0,2.7057581899030048,23.0,1.27247615308253,-9.846646520372815e-08,-9.987417115553399e-08,1.4077059518058377e-09,1.4077059518058377,14.077059518058377,2.7057581899030048,4.058637284854507,28.0,automatic
507.0,364.0,2.876813695875796,26.0,1.2022380906391712,-9.832986336277827e-08,-1.0012137963144596e-07,1.7915162686676922e-09,1.7915162686676922,17.915162686676922,2.876813695875796,4.315220543813694,36.0,automatic
105.0,366.0,2.985410660720923,28.0,1.2073870691739297,-9.844467996344974e-08,-1.0012889006816295e-07,1.6842101047132019e-09,1.6842101047132019,16.84210104713202,2.985410660720923,4.478115991081385,44.0,automatic
352.0,367.0,3.0382538898732494,29.0,1.0664874046672148,-9.841572534696752e-08,-1.0019854457254951e-07,1.7828192255819886e-09,1.7828192255819886,17.828192255819886,3.0382538898732494,4.557380834809874,40.0,automatic
467.0,367.0,2.7057581899030048,23.0,1.27247615308253,-9.870635153674812e-08,-1.002479663725353e-07,1.5416148357871862e-09,1.5416148357871862,15.416148357871862,2.7057581899030048,4.058637284854507,28.0,automatic
48.0,368.0,2.876813695875796,26.0,1.2384256479434992,-9.844204384990007e-08,-1.0014292328719421e-07,1.7008794372941338e-09,1.7008794372941338,17.00879437294134,2.876813695875796,4.315220543813694,36.0,automatic
216.0,369.0,2.9316150714175193,27.0,1.1980820884424093,-9.819891033657768e-08,-9.984379190086656e-08,1.6448815642888803e-09,1.6448815642888803,16.448815642888803,2.9316150714175193,4.397422607126279,36.0,automatic
456.0,369.0,2.8209479177387813,25.0,1.1559981640761265,-9.835371628241774e-08,-1.0011810758214779e-07,1.7643912997300504e-09,1.7643912997300504,17.643912997300504,2.8209479177387813,4.231421876608172,36.0,automatic
381.0,371.0,2.876813695875796,26.0,1.3328282662203883,-9.802615608123233e-08,-1.001021843194394e-07,2.0760282382070727e-09,2.0760282382070727,20.760282382070727,2.876813695875796,4.315220543813694,36.0,automatic
69.0,372.0,3.742410318509555,44.0,0.8628811687605836,-9.835978431738113e-08,-1.0003827100035778e-07,1.6784866829766543e-09,1.6784866829766543,16.784866829766543,3.742410318509555,5.613615477764332,52.0,automatic
16.0,374.0,3.0901936161855166,30.0,1.2092175857965604,-9.788406885036238e-08,-1.0006704798115607e-07,2.182979130793683e-09,2.182979130793683,21.82979130793683,3.0901936161855166,4.635290424278275,40.0,automatic
473.0,374.0,2.1850968611841584,15.0,1.20921758579656,-9.845543758046915e-08,-9.998902683605593e-08,1.5335892555867758e-09,1.5335892555867758,15.335892555867758,2.1850968611841584,3.2776452917762375,24.0,automatic
207.0,375.0,2.5854414729132054,21.0,1.2576948637228433,-9.859787297727962e-08,-1.0004910677707812e-07,1.4512337997985014e-09,1.4512337997985014,14.512337997985014,2.5854414729132054,3.8781622093698083,24.0,automatic
441.0,375.0,2.876813695875796,26.0,1.1211451356615063,-9.796761446523305e-08,-9.996660566002902e-08,1.9989911947959627e-09,1.9989911947959627,19.989911947959627,2.876813695875796,4.315220543813694,36.0,automatic
236.0,378.0,3.385137501286538,36.0,1.1708043566345168,-9.736105965885145e-08,-9.968814040917096e-08,2.32708075031951e-09,2.32708075031951,23.2708075031951,3.385137501286538,5.077706251929807,44.0,automatic
369.0,378.0,2.5231325220201604,20.0,1.347530211131618,-9.872217532347349e-08,-1.001537164313504e-07,1.4315411078769102e-09,1.4315411078769102,14.315411078769102,2.5231325220201604,3.7846987830302403,24.0,automatic
422.0,378.0,3.0382538898732494,29.0,1.2505080359301415,-1.0003059003338421e-07,-1.0216579227062539e-07,2.135202237241174e-09,2.135202237241174,21.35202237241174,3.0382538898732494,4.557380834809874,40.0,automatic
138.0,382.0,3.0901936161855166,30.0,1.293629002686353,-9.838526437988548e-08,-9.978505488561495e-08,1.3997905057294702e-09,1.3997905057294702,13.997905057294702,3.0901936161855166,4.635290424278275,40.0,automatic
281.0,381.0,2.5854414729132054,21.0,1.414906721688199,-9.848535853507201e-08,-9.986351656721126e-08,1.378158032139254e-09,1.378158032139254,13.78158032139254,2.5854414729132054,3.8781622093698083,24.0,automatic
301.0,385.0,3.477898169151024,38.0,1.137914400511144,-9.773487619213483e-08,-9.959277846860459e-08,1.8579022764697584e-09,1.8579022764697584,18.579022764697584,3.477898169151024,5.216847253726536,52.0,automatic
103.0,385.0,1.4927053303604616,7.0,1.8865422955842652,-1.0078534273816331e-07,-1.0221382851227645e-07,1.4284857741131418e-09,1.4284857741131418,14.284857741131418,1.4927053303604616,2.4927053303604616,12.0,automatic
272.0,386.0,3.477898169151024,38.0,0.9956925618312445,-9.785209442725318e-08,-9.954456459126959e-08,1.692470164016413e-09,1.692470164016413,16.92470164016413,3.477898169151024,5.216847253726536,52.0,automatic
339.0,387.0,2.985410660720923,28.0,1.2073870691739297,-9.785208732182582e-08,-9.967455127934954e-08,1.8224639575237234e-09,1.8224639575237234,18.224639575237234,2.985410660720923,4.478115991081385,44.0,automatic
85.0,388.0,2.5854414729132054,21.0,1.414906721688199,-9.826339208984791e-08,-9.959019209304643e-08,1.3268000031985139e-09,1.3268000031985139,13.268000031985139,2.5854414729132054,3.8781622093698083,24.0,automatic
405.0,385.0,2.1850968611841584,15.0,1.2576242881690394,-9.981057758068346e-08,-1.0055539334530295e-07,7.448157646194886e-10,0.7448157646194886,7.448157646194886,2.1850968611841584,3.2776452917762375,24.0,automatic
360.0,388.0,2.985410660720923,28.0,1.2947179437652612,-9.812794132812996e-08,-9.981537019143616e-08,1.6874288633061951e-09,1.6874288633061951,16.87428863306195,2.985410660720923,4.478115991081385,44.0,automatic
484.0,388.0,2.876813695875796,26.0,1.2022380906391712,-1.003090019935371e-07,-1.0207426015540477e-07,1.7652581618676777e-09,1.7652581618676777,17.652581618676777,2.876813695875796,4.315220543813694,36.0,automatic
14.0,392.0,3.7846987830302403,45.0,0.8658142929932737,-9.798193900678598e-08,-9.977819104278751e-08,1.7962520360015333e-09,1.7962520360015333,17.962520360015333,3.7846987830302403,5.6770481745453605,56.0,automatic
168.0,390.0,2.9316150714175193,27.0,1.1642661024177179,-9.99229357034892e-08,-1.0210596101956071e-07,2.1830253160715074e-09,2.1830253160715074,21.830253160715074,2.9316150714175193,4.397422607126279,36.0,automatic
220.0,391.0,2.5854414729132054,21.0,1.414906721688199,-9.884976037710658e-08,-1.0017278029295085e-07,1.3230199158442701e-09,1.3230199158442701,13.230199158442701,2.5854414729132054,3.8781622093698083,24.0,automatic
30.0,391.0,2.0342144725641096,13.0,1.3328282662203885,-1.008296024451738e-07,-1.0205298295318244e-07,1.2233805080086313e-09,1.2233805080086313,12.233805080086313,2.0342144725641096,3.0513217088461646,16.0,automatic
391.0,394.0,3.0382538898732494,29.0,0.8684083582848208,-9.848443482951552e-08,-1.0006266393247643e-07,1.5782291029609041e-09,1.5782291029609041,15.782291029609041,3.0382538898732494,4.557380834809874,40.0,automatic
403.0,395.0,4.259537945889915,57.0,0.9432815955333341,-9.864403693882196e-08,-1.0044572462675205e-07,1.801687687930098e-09,1.801687687930098,18.01687687930098,4.259537945889915,6.389306918834873,68.0,automatic
196.0,394.0,3.1915382432114616,32.0,1.105630018541109,-1.000015501517737e-07,-1.0221335600135717e-07,2.2118058495834703e-09,2.2118058495834703,22.118058495834703,3.1915382432114616,4.787307364817193,32.0,automatic
149.0,394.0,2.0342144725641096,13.0,1.5571460217520925,-9.908620768328547e-08,-1.0023391894264932e-07,1.1477112593638594e-09,1.1477112593638594,11.477112593638594,2.0342144725641096,3.0513217088461646,16.0,automatic
255.0,397.0,2.5854414729132054,21.0,1.3009126076835016,-9.834066361236182e-08,-9.959405389281528e-08,1.2533902804534591e-09,1.2533902804534591,12.533902804534591,2.5854414729132054,3.8781622093698083,24.0,automatic
447.0,399.0,3.0382538898732494,29.0,1.1689103329366752,-9.795646604970898e-08,-9.993343041969638e-08,1.9769643699873996e-09,1.9769643699873996,19.769643699873996,3.0382538898732494,4.557380834809874,40.0,automatic
114.0,402.0,2.985410660720923,28.0,1.2947179437652612,-9.760226760135993e-08,-9.982014503862047e-08,2.2178774372605403e-09,2.2178774372605403,22.178774372605403,2.985410660720923,4.478115991081385,44.0,automatic
354.0,401.0,2.876813695875796,26.0,1.1211451356615063,-9.841434689406015e-08,-9.988915650183117e-08,1.4748096077710215e-09,1.4748096077710215,14.748096077710215,2.876813695875796,4.315220543813694,36.0,automatic
65.0,403.0,3.2410224072142872,33.0,1.2135891156557967,-9.754516128168689e-08,-9.961906144440036e-08,2.0739001627134712e-09,2.073900162713471,20.739001627134712,3.2410224072142872,4.86153361082143,32.0,automatic
309.0,402.0,2.4592453796829674,19.0,1.3974662543915228,-9.854271354470256e-08,-9.984182725020219e-08,1.2991137054996216e-09,1.2991137054996216,12.991137054996216,2.4592453796829674,3.6888680695244513,24.0,automatic
380.0,404.0,2.4592453796829674,19.0,1.2801537005750372,-9.849607351952727e-08,-1.0013629392346957e-07,1.640220403942294e-09,1.640220403942294,16.40220403942294,2.4592453796829674,3.6888680695244513,24.0,automatic
229.0,408.0,2.4592453796829674,19.0,1.3974662543915228,-9.892331576111246e-08,-1.0020027474411108e-07,1.2769589829986217e-09,1.2769589829986217,12.769589829986217,2.4592453796829674,3.6888680695244513,24.0,automatic
330.0,411.0,3.0901936161855166,30.0,1.2092175857965604,-9.743010309648525e-08,-9.992233529487748e-08,2.49223219839223e-09,2.49223219839223,24.922321983922302,3.0901936161855166,4.635290424278275,40.0,automatic
155.0,412.0,3.2897623212397704,34.0,1.2503645434029416,-9.778437259910788e-08,-1.000510714277425e-07,2.266698828634617e-09,2.266698828634617,22.666988286346168,3.2897623212397704,4.934643481859656,32.0,automatic
303.0,412.0,3.0382538898732494,29.0,1.1689103329366752,-9.848211135476959e-08,-1.0020049501235917e-07,1.7183836575895839e-09,1.718383657589584,17.18383657589584,3.0382538898732494,4.557380834809874,40.0,automatic
27.0,413.0,1.7841241161527712,10.0,1.612290114395414,-1.0111440218452117e-07,-1.0223328672509524e-07,1.1188845405740722e-09,1.1188845405740722,11.188845405740722,1.7841241161527712,2.7841241161527712,12.0,automatic
256.0,414.0,3.6125759969217834,41.0,1.019053693967175,-9.822829127870136e-08,-1.001776155362677e-07,1.9493242575663317e-09,1.9493242575663317,19.493242575663317,3.6125759969217834,5.418863995382675,52.0,automatic
379.0,412.0,2.256758334191025,16.0,1.4796776500174416,-9.880415063889814e-08,-1.0028113806015426e-07,1.4769874212561263e-09,1.4769874212561263,14.769874212561263,2.256758334191025,3.385137501286538,16.0,automatic
431.0,415.0,2.985410660720923,28.0,1.0982123966043795,-9.861155803037036e-08,-9.997886607493456e-08,1.3673080445641972e-09,1.3673080445641972,13.673080445641972,2.985410660720923,4.478115991081385,44.0,automatic
450.0,415.0,2.256758334191025,16.0,1.3414659073803088,-9.884275442573198e-08,-1.0016638185561533e-07,1.323627429883345e-09,1.323627429883345,13.23627429883345,2.256758334191025,3.385137501286538,16.0,automatic
181.0,417.0,2.5854414729132054,21.0,1.2576948637228433,-9.8550550831078e-08,-1.0019754270729209e-07,1.6469918762140878e-09,1.6469918762140878,16.46991876214088,2.5854414729132054,3.8781622093698083,24.0,automatic
190.0,416.0,2.256758334191025,16.0,1.3414659073803088,-9.868559658343656e-08,-1.0022914409546502e-07,1.5435475120284536e-09,1.5435475120284536,15.435475120284536,2.256758334191025,3.385137501286538,16.0,automatic
210.0,416.0,2.5854414729132054,21.0,1.200159547706528,-9.88582371519442e-08,-9.999120109682735e-08,1.1329639448831585e-09,1.1329639448831585,11.329639448831585,2.5854414729132054,3.8781622093698083,24.0,automatic
480.0,416.0,2.5854414729132054,21.0,1.3009126076835016,-9.840876913358443e-08,-9.977981463293872e-08,1.3710454993542953e-09,1.3710454993542953,13.710454993542953,2.5854414729132054,3.8781622093698083,24.0,automatic
488.0,423.0,2.8209479177387813,25.0,1.1559981640761265,-9.835268599545088e-08,-9.995101990512012e-08,1.5983339096692362e-09,1.5983339096692362,15.983339096692362,2.8209479177387813,4.231421876608172,36.0,automatic
274.0,422.0,2.393653682408596,18.0,1.3239153988972323,-1.0091225988162478e-07,-1.0261083005502769e-07,1.6985701734029135e-09,1.6985701734029135,16.985701734029135,2.393653682408596,3.590480523612894,16.0,automatic
361.0,426.0,3.2410224072142872,33.0,1.1117124241835845,-9.816984203325774e-08,-1.0014711548933519e-07,1.977273456077455e-09,1.9772734560774552,19.772734560774552,3.2410224072142872,4.86153361082143,32.0,automatic
42.0,425.0,3.1915382432114616,32.0,1.1343099948086781,-9.809490819634448e-08,-9.992068683573052e-08,1.8257786393860442e-09,1.8257786393860442,18.257786393860442,3.1915382432114616,4.787307364817193,32.0,automatic
391.0,428.0,3.141274657157109,31.0,1.140038260161506,-9.814202428515273e-08,-1.0016610829666206e-07,2.0240840115093306e-09,2.0240840115093306,20.240840115093306,3.141274657157109,4.7119119857356635,40.0,automatic
408.0,429.0,2.6462837142006137,22.0,1.217151102948507,-9.878306883592813e-08,-1.0033227582084692e-07,1.5492069849187828e-09,1.5492069849187828,15.492069849187828,2.6462837142006137,3.9694255713009206,24.0,automatic
10.0,432.0,3.989422804014327,50.0,0.8795276071345475,-9.817163970637921e-08,-9.986856852606252e-08,1.6969288196833077e-09,1.6969288196833077,16.969288196833077,3.989422804014327,5.984134206021491,64.0,automatic
448.0,432.0,2.256758334191025,16.0,1.3414659073803088,-9.85924302199237e-08,-1.0032329456066691e-07,1.73086434074321e-09,1.73086434074321,17.3086434074321,2.256758334191025,3.385137501286538,16.0,automatic
211.0,434.0,3.6125759969217834,41.0,1.0742998693442378,-9.77946754687764e-08,-9.988062998900205e-08,2.0859545202256413e-09,2.0859545202256413,20.859545202256413,3.6125759969217834,5.418863995382675,52.0,automatic
27.0,436.0,3.431831258788849,37.0,1.1079692847082196,-9.790219479555162e-08,-9.973339487601152e-08,1.8312000804598938e-09,1.8312000804598938,18.312000804598938,3.431831258788849,5.147746888183273,52.0,automatic
310.0,434.0,3.385137501286538,36.0,1.1708043566345168,-9.747427753836746e-08,-9.985129878486987e-08,2.3770212465024088e-09,2.3770212465024088,23.770212465024088,3.385137501286538,5.077706251929807,44.0,automatic
342.0,435.0,3.5682482323055424,40.0,1.1065010026804611,-9.785397026007558e-08,-9.987731175442605e-08,2.0233414943504613e-09,2.0233414943504613,20.233414943504613,3.5682482323055424,5.352372348458314,52.0,automatic
508.0,433.0,2.256758334191025,16.0,1.341465907380309,-9.874923279085124e-08,-1.0016458418249385e-07,1.4153513916426164e-09,1.4153513916426164,14.153513916426164,2.256758334191025,3.385137501286538,16.0,automatic
433.0,436.0,2.9316150714175193,27.0,1.1642661024177179,-9.875209627807635e-08,-1.0047460108353334e-07,1.7225048054569925e-09,1.7225048054569925,17.225048054569925,2.9316150714175193,4.397422607126279,36.0,automatic
145.0,435.0,2.6462837142006137,22.0,1.3628608270970017,-9.819768820307218e-08,-9.959615354659945e-08,1.3984653435272776e-09,1.3984653435272776,13.984653435272776,2.6462837142006137,3.9694255713009206,24.0,automatic
497.0,438.0,2.7057581899030048,23.0,1.27247615308253,-9.830895919549221e-08,-1.001647618181778e-07,1.8558026226855873e-09,1.8558026226855873,18.558026226855873,2.7057581899030048,4.058637284854507,28.0,automatic
48.0,445.0,4.029119531035698,51.0,0.5314010935582331,-9.891679297879818e-08,-1.0027707375570571e-07,1.3602807769075298e-09,1.3602807769075298,13.602807769075298,4.029119531035698,6.043679296553547,64.0,automatic
112.0,440.0,3.0382538898732494,29.0,1.1374342679116787,-1.0044905707218277e-07,-1.0226620972275668e-07,1.8171526505739166e-09,1.8171526505739166,18.171526505739166,3.0382538898732494,4.557380834809874,40.0,automatic
285.0,440.0,2.5854414729132054,21.0,1.414906721688199,-1.0076809786596641e-07,-1.0231573810415284e-07,1.5476402381864318e-09,1.5476402381864318,15.476402381864318,2.5854414729132054,3.8781622093698083,24.0,automatic
468.0,441.0,3.0901936161855166,30.0,1.293629002686353,-9.822198876463517e-08,-9.994723271233852e-08,1.7252439477033477e-09,1.7252439477033477,17.252439477033477,3.0901936161855166,4.635290424278275,40.0,automatic
223.0,443.0,2.5854414729132054,21.0,1.3009126076835016,-9.841026837875688e-08,-9.990087690425753e-08,1.4906085255006474e-09,1.4906085255006474,14.906085255006474,2.5854414729132054,3.8781622093698083,24.0,automatic
172.0,443.0,2.9316150714175193,27.0,1.2860574036336336,-9.810493395434605e-08,-9.969921421770778e-08,1.5942802633617248e-09,1.5942802633617248,15.942802633617248,2.9316150714175193,4.397422607126279,36.0,automatic
70.0,446.0,3.2410224072142872,33.0,1.213589115655796,-9.778740661658958e-08,-9.951122592610773e-08,1.7238193095181487e-09,1.7238193095181487,17.238193095181487,3.2410224072142872,4.86153361082143,32.0,automatic
254.0,446.0,2.4592453796829674,19.0,1.3974662543915228,-9.867012096265171e-08,-9.971126502250627e-08,1.0411440598545596e-09,1.0411440598545596,10.411440598545596,2.4592453796829674,3.6888680695244513,24.0,automatic
306.0,446.0,2.763953195770684,24.0,1.230303014972666,-9.895795471948077e-08,-1.0068674072272188e-07,1.7287860032411118e-09,1.7287860032411118,17.287860032411118,2.763953195770684,4.145929793656026,36.0,automatic
144.0,447.0,2.763953195770684,24.0,1.3278012032165531,-9.800739775300826e-08,-9.974720072136734e-08,1.7398029683590721e-09,1.739802968359072,17.39802968359072,2.763953195770684,4.145929793656026,36.0,automatic
410.0,447.0,2.256758334191025,16.0,1.4796776500174416,-9.854502280859379e-08,-9.991741833914602e-08,1.3723955305522395e-09,1.3723955305522395,13.723955305522395,2.256758334191025,3.385137501286538,16.0,automatic
97.0,449.0,2.1850968611841584,15.0,1.446802115179039,-1.008723700124392e-07,-1.0201325295611241e-07,1.1408829436732049e-09,1.1408829436732049,11.408829436732049,2.1850968611841584,3.2776452917762375,24.0,automatic
5.0,453.0,2.9316150714175193,27.0,1.2860574036336336,-9.762690922343609e-08,-9.960921332208272e-08,1.9823040986466367e-09,1.9823040986466367,19.823040986466367,2.9316150714175193,4.397422607126279,36.0,automatic
421.0,451.0,2.4592453796829674,19.0,1.2801537005750367,-9.855545357595474e-08,-9.984923821093616e-08,1.2937846349814208e-09,1.2937846349814208,12.937846349814208,2.4592453796829674,3.6888680695244513,24.0,automatic
456.0,451.0,2.7057581899030048,23.0,1.27247615308253,-1.0019837048957925e-07,-1.0189295451823455e-07,1.6945840286552993e-09,1.6945840286552993,16.945840286552993,2.7057581899030048,4.058637284854507,28.0,automatic
491.0,454.0,2.876813695875796,26.0,1.0899410497465012,-9.813550860826581e-08,-1.0008368178660021e-07,1.9481731783344003e-09,1.9481731783344003,19.481731783344003,2.876813695875796,4.315220543813694,36.0,automatic
321.0,453.0,1.692568750643269,9.0,1.3341541561850128,-1.0109305037531158e-07,-1.0191859445285445e-07,8.255440775428724e-10,0.8255440775428724,8.255440775428724,1.692568750643269,2.692568750643269,12.0,automatic
175.0,458.0,3.2897623212397704,34.0,0.9944369366766393,-9.796069377898675e-08,-9.988681881623052e-08,1.9261250372437644e-09,1.9261250372437644,19.261250372437644,3.2897623212397704,4.934643481859656,32.0,automatic
233.0,457.0,2.985410660720923,28.0,1.2424554991254615,-9.776273657280399e-08,-1.0009357254148199e-07,2.3308359686780022e-09,2.3308359686780022,23.308359686780022,2.985410660720923,4.478115991081385,44.0,automatic
399.0,457.0,3.141274657157109,31.0,1.249524838656446,-9.78785195115961e-08,-9.963386204958624e-08,1.7553425379901455e-09,1.7553425379901455,17.553425379901455,3.141274657157109,4.7119119857356635,40.0,automatic
499.0,457.0,1.7841241161527712,10.0,1.5271898777066448,-9.902571918019021e-08,-1.0006058204226065e-07,1.0348628620704403e-09,1.0348628620704403,10.348628620704403,1.7841241161527712,2.7841241161527712,12.0,automatic
201.0,463.0,2.876813695875796,26.0,1.3328282662203883,-9.849394899674735e-08,-1.001739455830375e-07,1.6799965862901445e-09,1.6799965862901445,16.799965862901445,2.876813695875796,4.315220543813694,36.0,automatic
439.0,462.0,2.763953195770684,24.0,1.230303014972666,-9.810318601921608e-08,-9.986073479240076e-08,1.7575487731846806e-09,1.7575487731846806,17.575487731846806,2.763953195770684,4.145929793656026,36.0,automatic
134.0,466.0,3.6125759969217834,41.0,1.1604344978565644,-9.808571377334374e-08,-1.002022500529165e-07,2.116536279572756e-09,2.116536279572756,21.16536279572756,3.6125759969217834,5.418863995382675,52.0,automatic
378.0,464.0,2.6462837142006137,22.0,1.3628608270970017,-9.83785071184684e-08,-9.991909166728874e-08,1.540584548820334e-09,1.540584548820334,15.40584548820334,2.6462837142006137,3.9694255713009206,24.0,automatic
429.0,464.0,1.8712051592547776,11.0,1.5596762428619324,-9.878953477482355e-08,-9.970669623271533e-08,9.171614578917797e-10,0.9171614578917797,9.171614578917797,1.8712051592547776,2.8712051592547776,16.0,automatic
54.0,467.0,2.763953195770684,24.0,1.230303014972666,-9.837032877157981e-08,-1.0031939723376126e-07,1.949068462181458e-09,1.949068462181458,19.49068462181458,2.763953195770684,4.145929793656026,36.0,automatic
287.0,468.0,3.141274657157109,31.0,1.2158780105262765,-9.857340188546004e-08,-1.0027061492223766e-07,1.6972130367776117e-09,1.6972130367776117,16.972130367776117,3.141274657157109,4.7119119857356635,40.0,automatic
214.0,468.0,2.6462837142006137,22.0,1.3628608270970017,-9.822996815955776e-08,-1.0010265683035868e-07,1.872688670800926e-09,1.872688670800926,18.72688670800926,2.6462837142006137,3.9694255713009206,24.0,automatic
33.0,470.0,3.0901936161855166,30.0,1.2092175857965604,-9.787559918095212e-08,-1.002380294323757e-07,2.362430251423575e-09,2.362430251423575,23.62430251423575,3.0901936161855166,4.635290424278275,40.0,automatic
262.0,471.0,2.763953195770684,24.0,1.3278012032165531,-9.875006412585208e-08,-1.0054024457417654e-07,1.7901804483244632e-09,1.7901804483244632,17.901804483244632,2.763953195770684,4.145929793656026,36.0,automatic
12.0,472.0,3.0382538898732494,29.0,1.1689103329366746,-9.819134305644184e-08,-1.0002402106579211e-07,1.8326780093502748e-09,1.8326780093502748,18.326780093502748,3.0382538898732494,4.557380834809874,40.0,automatic
439.0,471.0,2.5854414729132054,21.0,1.2576948637228433,-9.835893166609821e-08,-9.988855964593313e-08,1.5296279798349133e-09,1.5296279798349133,15.296279798349133,2.5854414729132054,3.8781622093698083,24.0,automatic
476.0,472.0,2.6462837142006137,22.0,1.3175850953286932,-9.842165127338376e-08,-1.0000700001455698e-07,1.5853487411732203e-09,1.5853487411732203,15.853487411732203,2.6462837142006137,3.9694255713009206,24.0,automatic
100.0,474.0,3.385137501286538,36.0,1.2438337708587477,-9.807924783444832e-08,-1.0019433105412645e-07,2.1150832196781266e-09,2.1150832196781266,21.150832196781266,3.385137501286538,5.077706251929807,44.0,automatic
243.0,476.0,3.385137501286538,36.0,1.1424264698803188,-9.796501387882017e-08,-1.0037858544365008e-07,2.4135715648299083e-09,2.4135715648299083,24.135715648299083,3.385137501286538,5.077706251929807,44.0,automatic
361.0,477.0,2.7057581899030048,23.0,1.1790403893488048,-9.830765890228577e-08,-1.0012852058594035e-07,1.8208616836545843e-09,1.8208616836545843,18.208616836545843,2.7057581899030048,4.058637284854507,28.0,automatic
300.0,477.0,2.8209479177387813,25.0,1.242748407277043,-9.867534345175955e-08,-1.0038105813237053e-07,1.7057146806109813e-09,1.7057146806109813,17.057146806109813,2.8209479177387813,4.231421876608172,36.0,automatic
394.0,479.0,3.0901936161855166,30.0,1.2576242881690396,-9.77814025304724e-08,-1.0002917250062637e-07,2.2477699701539677e-09,2.2477699701539677,22.477699701539677,3.0901936161855166,4.635290424278275,40.0,automatic
490.0,481.0,2.876813695875796,26.0,1.2924583435681247,-9.821301460988252e-08,-1.002263481097998e-07,2.0133334999172803e-09,2.0133334999172803,20.133334999172803,2.876813695875796,4.315220543813694,36.0,automatic
172.0,481.0,2.256758334191025,16.0,1.4796776500174416,-1.0119951809883787e-07,-1.0260887250979067e-07,1.4093544109528011e-09,1.4093544109528011,14.093544109528011,2.256758334191025,3.385137501286538,16.0,automatic
37.0,484.0,2.876813695875796,26.0,1.2384256479434992,-9.799339295568643e-08,-9.993759775284161e-08,1.94420479715518e-09,1.9442047971551801,19.4420479715518,2.876813695875796,4.315220543813694,36.0,automatic
461.0,485.0,2.763953195770684,24.0,1.230303014972666,-9.831692437956008e-08,-9.991883231919019e-08,1.6019079396301095e-09,1.6019079396301095,16.019079396301095,2.763953195770684,4.145929793656026,36.0,automatic
306.0,488.0,3.2897623212397704,34.0,1.1454006794618754,-9.831381220237745e-08,-1.0023547147852696e-07,1.921659276149512e-09,1.9216592761495122,19.21659276149512,3.2897623212397704,4.934643481859656,32.0,automatic
82.0,490.0,2.985410660720923,28.0,1.2073870691739297,-9.782302612393323e-08,-9.988566063157123e-08,2.062634507637995e-09,2.062634507637995,20.62634507637995,2.985410660720923,4.478115991081385,44.0,automatic
414.0,490.0,2.0342144725641096,13.0,1.5571460217520925,-9.892137597944384e-08,-9.976099590858212e-08,8.3961992913828e-10,0.83961992913828,8.3961992913828,2.0342144725641096,3.0513217088461646,16.0,automatic
51.0,491.0,1.5957691216057308,8.0,1.8288145488861385,-9.940531953134268e-08,-1.0016058027417785e-07,7.552607428351621e-10,0.7552607428351621,7.552607428351621,1.5957691216057308,2.5957691216057306,12.0,automatic
504.0,492.0,2.393653682408596,18.0,1.3239153988972323,-9.887487095738834e-08,-1.0013063089786556e-07,1.255759940477219e-09,1.255759940477219,12.55759940477219,2.393653682408596,3.590480523612894,16.0,automatic
398.0,495.0,2.763953195770684,24.0,1.230303014972666,-9.815686752290276e-08,-9.969160075229411e-08,1.5347332293913496e-09,1.5347332293913496,15.347332293913496,2.763953195770684,4.145929793656026,36.0,automatic
453.0,495.0,2.0342144725641096,13.0,1.2762720155208533,-9.871462935961972e-08,-9.96832234534395e-08,9.685940938197746e-10,0.9685940938197746,9.685940938197746,2.0342144725641096,3.0513217088461646,16.0,automatic
207.0,495.0,2.256758334191025,16.0,1.4796776500174416,-1.013147610251508e-07,-1.0250327875382936e-07,1.188517728678562e-09,1.188517728678562,11.88517728678562,2.256758334191025,3.385137501286538,16.0,automatic
299.0,496.0,2.5854414729132054,21.0,1.414906721688199,-9.900162467602058e-08,-1.0046965925880613e-07,1.468034582785549e-09,1.468034582785549,14.68034582785549,2.5854414729132054,3.8781622093698083,24.0,automatic
374.0,496.0,2.256758334191025,16.0,1.4796776500174416,-9.861423677648418e-08,-1.000799301209554e-07,1.4656933444712195e-09,1.4656933444712195,14.656933444712195,2.256758334191025,3.385137501286538,16.0,automatic
248.0,498.0,3.2410224072142872,33.0,1.1401809566205188,-9.784825749648007e-08,-1.0056287891302418e-07,2.714621416544105e-09,2.714621416544105,27.14621416544105,3.2410224072142872,4.86153361082143,32.0,automatic
161.0,499.0,3.141274657157109,31.0,1.2158780105262765,-9.850216287077274e-08,-9.994419158942947e-08,1.4420287186567293e-09,1.4420287186567293,14.420287186567293,3.141274657157109,4.7119119857356635,40.0,automatic
318.0,498.0,2.111004122822376,14.0,1.500400304239239,-9.930556643666932e-08,-1.0055958199473025e-07,1.254015558060928e-09,1.254015558060928,12.54015558060928,2.111004122822376,3.1665061842335644,24.0,automatic
423.0,498.0,3.0382538898732494,29.0,1.2505080359301415,-9.786447918713748e-08,-9.941380696432134e-08,1.549327777183862e-09,1.549327777183862,15.49327777183862,3.0382538898732494,4.557380834809874,40.0,automatic
39.0,500.0,2.9316150714175193,27.0,1.2484780172022165,-9.782557697235461e-08,-1.0014059625973459e-07,2.3150192873799824e-09,2.3150192873799824,23.150192873799824,2.9316150714175193,4.397422607126279,36.0,automatic
10.0,500.0,2.763953195770684,24.0,1.3278012032165531,-9.827612501567273e-08,-9.979152082451037e-08,1.5153958088376385e-09,1.5153958088376385,15.153958088376385,2.763953195770684,4.145929793656026,36.0,automatic
62.0,502.0,3.1915382432114616,32.0,1.1768136879086513,-9.768604058990604e-08,-9.98015217135162e-08,2.1154811236101523e-09,2.1154811236101523,21.154811236101523,3.1915382432114616,4.787307364817193,32.0,automatic
332.0,501.0,2.9316150714175193,27.0,1.1642661024177179,-1.0080554346814097e-07,-1.0318148468968502e-07,2.3759412215440534e-09,2.3759412215440534,23.759412215440534,2.9316150714175193,4.397422607126279,36.0,automatic
231.0,501.0,2.326213245840639,17.0,1.4253075265915784,-9.923355293040004e-08,-1.0046045417766436e-07,1.2269012472643226e-09,1.2269012472643226,12.269012472643226,2.326213245840639,3.4893198687609583,16.0,automatic
189.0,504.0,3.523362819972964,39.0,1.1678595163140688,-9.752774587923341e-08,-1.0002493411320756e-07,2.497188233974157e-09,2.497188233974157,24.97188233974157,3.523362819972964,5.285044229959446,52.0,automatic
389.0,506.0,1.9544100476116797,12.0,1.4373655585403928,-1.000342280121913e-07,-1.0146686335588129e-07,1.4326353436899808e-09,1.4326353436899808,14.326353436899808,1.9544100476116797,2.9544100476116797,16.0,automatic
14.0,507.0,2.4592453796829674,19.0,1.1770161688565015,-9.859863325800688e-08,-9.99975284798893e-08,1.3988952218824124e-09,1.3988952218824124,13.988952218824124,2.4592453796829674,3.6888680695244513,24.0,automatic
121.0,511.0,2.8209479177387813,25.0,1.0076813214971339,-9.76236904648431e-08,-9.888964669357847e-08,1.2659562287353765e-09,1.2659562287353765,12.659562287353765,2.8209479177387813,4.231421876608172,20.0,automatic
185.0,166.0,2.763953195770684,21.0,1.0,-9.856658067519675e-08,-1.0000681882615936e-07,1.4402381509626139e-09,1.4402381509626139,14.402381509626139,2.763953195770684,4.145929793656026,36.0,false_negative
177.0,129.0,2.763953195770684,21.0,1.0,-9.867836325838653e-08,-1.0007692807789681e-07,1.398564819510284e-09,1.398564819510284,13.98564819510284,2.763953195770684,4.145929793656026,36.0,false_negative
131.0,117.0,2.763953195770684,21.0,1.0,-9.783624221881837e-08,-9.975491366276401e-08,1.918671443945641e-09,1.918671443945641,19.18671443945641,2.763953195770684,4.145929793656026,36.0,false_negative
142.0,81.0,2.763953195770684,21.0,1.0,-9.992572813644074e-08,-1.0102823111424186e-07,1.102502977801123e-09,1.102502977801123,11.02502977801123,2.763953195770684,4.145929793656026,36.0,false_negative
470.0,403.0,2.763953195770684,21.0,1.0,-9.910439757732092e-08,-1.0002511530160518e-07,9.20717724284259e-10,0.920717724284259,9.20717724284259,2.763953195770684,4.145929793656026,36.0,false_negative
193.0,489.0,2.763953195770684,21.0,1.0,-9.953276247642862e-08,-1.0046674603358952e-07,9.339835571609e-10,0.9339835571609001,9.339835571609001,2.763953195770684,4.145929793656026,36.0,false_negative
508.0,3.0,2.763953195770684,21.0,1.0,-9.95308369056147e-08,-1.0010643336499925e-07,5.75596459384542e-10,0.575596459384542,5.75596459384542,2.763953195770684,4.145929793656026,30.0,false_negative
24.0,54.0,2.763953195770684,21.0,1.0,-1.0023364183098238e-07,-1.0133438976822617e-07,1.1007479372437956e-09,1.1007479372437956,11.007479372437956,2.763953195770684,4.145929793656026,36.0,false_negative
151.0,358.0,2.763953195770684,21.0,1.0,-9.868762873566084e-08,-1.0030002783878444e-07,1.6123991031236073e-09,1.6123991031236073,16.123991031236073,2.763953195770684,4.145929793656026,36.0,false_negative
173.0,366.0,2.763953195770684,21.0,1.0,-9.877585682716017e-08,-1.0038256093025666e-07,1.6067041030964901e-09,1.6067041030964901,16.0670410309649,2.763953195770684,4.145929793656026,36.0,false_negative
182.0,375.0,2.763953195770684,21.0,1.0,-1.0079121182116069e-07,-1.0185273424667685e-07,1.0615224255161593e-09,1.0615224255161593,10.615224255161593,2.763953195770684,4.145929793656026,36.0,false_negative
206.0,354.0,2.763953195770684,21.0,1.0,-9.875913775658773e-08,-9.99532687728788e-08,1.1941310162910668e-09,1.1941310162910668,11.941310162910668,2.763953195770684,4.145929793656026,36.0,false_negative
397.0,227.0,2.763953195770684,21.0,1.0,-9.931056155210172e-08,-1.0026420227404742e-07,9.536407219457033e-10,0.9536407219457033,9.536407219457033,2.763953195770684,4.145929793656026,36.0,false_negative
346.0,483.0,2.763953195770684,21.0,1.0,-9.856398719421122e-08,-1.0029692987245653e-07,1.7329426782453083e-09,1.7329426782453083,17.329426782453083,2.763953195770684,4.145929793656026,36.0,false_negative
329.0,223.0,2.763953195770684,21.0,1.0,-9.87579369393643e-08,-1.0024249519346995e-07,1.4845582541056501e-09,1.4845582541056501,14.845582541056501,2.763953195770684,4.145929793656026,36.0,false_negative
409.0,109.0,2.763953195770684,21.0,1.0,-9.86961978810541e-08,-9.889529906104144e-08,1.9910117998733767e-10,0.19910117998733767,1.9910117998733767,2.763953195770684,4.145929793656026,36.0,false_negative
362.0,105.0,2.763953195770684,21.0,1.0,-9.790103661089233e-08,-9.895846631025051e-08,1.057429699358181e-09,1.057429699358181,10.574296993581811,2.763953195770684,4.145929793656026,36.0,false_negative
338.0,97.0,2.763953195770684,21.0,1.0,-9.798208822076049e-08,-9.915702747775867e-08,1.1749392569981865e-09,1.1749392569981865,11.749392569981865,2.763953195770684,4.145929793656026,36.0,false_negative
149.0,186.0,2.763953195770684,21.0,1.0,-9.714153748063836e-08,-1.0015124018991628e-07,3.009702709277917e-09,3.009702709277917,30.09702709277917,2.763953195770684,4.145929793656026,36.0,false_negative
150.0,179.0,2.763953195770684,21.0,1.0,-9.887953922316228e-08,-1.0012979956286472e-07,1.2502603397024359e-09,1.2502603397024359,12.502603397024359,2.763953195770684,4.145929793656026,36.0,false_negative
50.0,230.0,2.763953195770684,21.0,1.0,-9.972517744927245e-08,-1.0037476272373169e-07,6.495852744592412e-10,0.6495852744592412,6.495852744592412,2.763953195770684,4.145929793656026,36.0,false_negative
