cx,cy,r,area,circularity,peak_value_m,local_background_m,local_height_m,local_height_nm,local_height_A,background_inner_radius_px,background_outer_radius_px,background_pixel_count,manual_status
197.0,2.0,3.0901936161855166,30.0,1.2092175857965604,-3.504476708826587e-08,-3.729083886128137e-08,2.246071773015501e-09,2.246071773015501,22.46071773015501,3.0901936161855166,4.635290424278275,29.0,automatic
148.0,4.0,2.6462837142006137,22.0,1.217151102948507,-3.6454025575949345e-08,-3.790404257131286e-08,1.4500169953635123e-09,1.4500169953635123,14.500169953635123,2.6462837142006137,3.9694255713009206,24.0,automatic
58.0,5.0,2.8209479177387813,25.0,1.2815656405965272,-3.695144812354556e-08,-3.840799145393703e-08,1.4565433303914688e-09,1.4565433303914688,14.565433303914688,2.8209479177387813,4.231421876608172,36.0,automatic
266.0,6.0,2.8209479177387813,25.0,1.2815656405965272,-3.651608437849063e-08,-3.800980152846023e-08,1.4937171499695978e-09,1.4937171499695978,14.937171499695978,2.8209479177387813,4.231421876608172,36.0,automatic
310.0,6.0,1.4927053303604616,7.0,1.8865422955842652,-3.713094542945328e-08,-3.7829739341077584e-08,6.987939116243069e-10,0.6987939116243069,6.987939116243069,1.4927053303604616,2.4927053303604616,12.0,automatic
169.0,11.0,3.6125759969217834,41.0,1.0742998693442374,-3.4414149752137746e-08,-3.7696953114618736e-08,3.2828033624809905e-09,3.2828033624809905,32.828033624809905,3.6125759969217834,5.418863995382675,52.0,automatic
506.0,13.0,3.5682482323055424,40.0,1.0480974335065731,-3.660521841197806e-08,-3.822326455349412e-08,1.6180461415160607e-09,1.6180461415160607,16.180461415160607,3.5682482323055424,5.352372348458314,52.0,automatic
40.0,14.0,2.326213245840639,17.0,1.1454006794618754,-3.758371036610697e-08,-3.8279344138913984e-08,6.956337728070139e-10,0.6956337728070139,6.956337728070139,2.326213245840639,3.4893198687609583,16.0,automatic
367.0,14.0,2.876813695875796,26.0,1.2384256479434992,-3.687127403395607e-08,-3.839928730542397e-08,1.5280132714678984e-09,1.5280132714678984,15.280132714678984,2.876813695875796,4.315220543813694,36.0,automatic
9.0,15.0,2.9316150714175193,27.0,1.2860574036336336,-3.632854372881411e-08,-3.7857427415133316e-08,1.5288836863192046e-09,1.5288836863192046,15.288836863192046,2.9316150714175193,4.397422607126279,36.0,automatic
20.0,15.0,2.985410660720923,28.0,1.1286030800767899,-3.6968966554695726e-08,-3.784556312780296e-08,8.765965731072356e-10,0.8765965731072356,8.765965731072356,2.985410660720923,4.478115991081385,44.0,automatic
291.0,16.0,2.985410660720923,28.0,1.2424554991254615,-3.621777366902279e-08,-3.778016299804676e-08,1.562389329023972e-09,1.562389329023972,15.623893290239721,2.985410660720923,4.478115991081385,44.0,automatic
403.0,18.0,3.477898169151024,38.0,1.1114295174621258,-3.5736643866357554e-08,-3.8195672402707714e-08,2.4590285363501607e-09,2.4590285363501607,24.590285363501607,3.477898169151024,5.216847253726536,52.0,automatic
89.0,17.0,3.826519928662906,46.0,0.8091653985637839,-3.768414202909298e-08,-3.935814696376383e-08,1.6740049346708474e-09,1.6740049346708474,16.740049346708474,3.826519928662906,5.739779892994359,56.0,automatic
319.0,17.0,2.8209479177387813,25.0,1.1907938922533645,-3.598941944460421e-08,-3.742565901632133e-08,1.436239571717124e-09,1.436239571717124,14.362395717171239,2.8209479177387813,4.231421876608172,36.0,automatic
134.0,19.0,2.9316150714175193,27.0,1.2484780172022165,-3.70720023568083e-08,-3.904176715252561e-08,1.9697647957173103e-09,1.9697647957173103,19.697647957173103,2.9316150714175193,4.397422607126279,36.0,automatic
241.0,20.0,3.5682482323055424,40.0,1.1978046321169942,-3.592452557654724e-08,-3.8373412891701264e-08,2.4488873151540247e-09,2.4488873151540247,24.488873151540247,3.5682482323055424,5.352372348458314,52.0,automatic
303.0,23.0,3.0382538898732494,29.0,1.2505080359301415,-3.583458152434105e-08,-3.75815432107629e-08,1.7469616864218551e-09,1.7469616864218551,17.46961686421855,3.0382538898732494,4.557380834809874,40.0,automatic
157.0,24.0,2.876813695875796,26.0,1.2022380906391712,-3.6097869582363273e-08,-3.7443866673925186e-08,1.3459970915619124e-09,1.3459970915619124,13.459970915619124,2.876813695875796,4.315220543813694,36.0,automatic
66.0,28.0,3.385137501286538,36.0,1.0780241689052947,-3.643104662387486e-08,-3.831934591858044e-08,1.8882992947055754e-09,1.8882992947055754,18.882992947055754,3.385137501286538,5.077706251929807,44.0,automatic
97.0,29.0,3.523362819972964,39.0,0.6652523824552788,-3.791233638139602e-08,-3.863145003890622e-08,7.191136575102064e-10,0.7191136575102064,7.191136575102064,3.523362819972964,5.285044229959446,52.0,automatic
44.0,29.0,3.3377905890622728,35.0,1.1790889347401659,-3.674642812256934e-08,-3.834938233637786e-08,1.6029542138085162e-09,1.6029542138085162,16.029542138085162,3.3377905890622728,5.006685883593409,44.0,automatic
510.0,32.0,2.256758334191025,16.0,0.7853981633974483,-3.76025255377499e-08,-3.821756422439648e-08,6.150386866465851e-10,0.6150386866465851,6.150386866465851,2.256758334191025,3.385137501286538,11.0,automatic
476.0,32.0,3.2897623212397704,34.0,1.1747318946999283,-3.6457578289628145e-08,-3.8359869947157677e-08,1.9022916575295312e-09,1.9022916575295312,19.022916575295312,3.2897623212397704,4.934643481859656,32.0,automatic
24.0,33.0,2.876813695875796,26.0,1.2384256479434992,-3.700140993601053e-08,-3.7958161058782025e-08,9.56751122771493e-10,0.9567511227714931,9.567511227714931,2.876813695875796,4.315220543813694,36.0,automatic
297.0,34.0,3.431831258788849,37.0,1.1460420591497513,-3.597920539277766e-08,-3.768446354968091e-08,1.7052581569032554e-09,1.7052581569032554,17.052581569032554,3.431831258788849,5.147746888183273,52.0,automatic
439.0,36.0,2.7057581899030048,23.0,0.8271954149791635,-3.7675221165045514e-08,-3.8471123176009314e-08,7.959020109638004e-10,0.7959020109638004,7.959020109638004,2.7057581899030048,4.058637284854507,28.0,automatic
141.0,34.0,2.876813695875796,26.0,1.3328282662203883,-3.5856537294876034e-08,-3.7311238543225045e-08,1.4547012483490107e-09,1.4547012483490107,14.547012483490107,2.876813695875796,4.315220543813694,36.0,automatic
106.0,36.0,3.141274657157109,31.0,1.2158780105262765,-3.688370497911819e-08,-3.8702021143421916e-08,1.8183161643037238e-09,1.8183161643037238,18.183161643037238,3.141274657157109,4.7119119857356635,40.0,automatic
347.0,36.0,3.477898169151024,38.0,1.235849043114212,-3.591412323089571e-08,-3.8410579605852035e-08,2.496456374956324e-09,2.496456374956324,24.96456374956324,3.477898169151024,5.216847253726536,52.0,automatic
258.0,36.0,2.7057581899030048,23.0,1.1790403893488048,-3.777293500206724e-08,-3.892858302378954e-08,1.1556480217222997e-09,1.1556480217222997,11.556480217222997,2.7057581899030048,4.058637284854507,28.0,automatic
502.0,36.0,3.0901936161855166,30.0,1.293629002686353,-3.63887586729561e-08,-3.825520877853705e-08,1.8664501055809524e-09,1.8664501055809524,18.664501055809524,3.0901936161855166,4.635290424278275,40.0,automatic
380.0,37.0,3.656366395715726,42.0,1.1005023051819023,-3.6576373929619876e-08,-3.848647445181541e-08,1.9101005221955347e-09,1.9101005221955347,19.101005221955347,3.656366395715726,5.48454959357359,52.0,automatic
195.0,42.0,3.5682482323055424,40.0,1.1065010026804611,-3.516842994599756e-08,-3.764663070171537e-08,2.4782007557178076e-09,2.4782007557178076,24.782007557178076,3.5682482323055424,5.352372348458314,52.0,automatic
265.0,40.0,2.876813695875796,26.0,1.1211451356615063,-3.6743042386433444e-08,-3.886180977019649e-08,2.1187673837630427e-09,2.1187673837630427,21.187673837630427,2.876813695875796,4.315220543813694,36.0,automatic
414.0,41.0,3.2897623212397704,34.0,1.2503645434029416,-3.648241175824296e-08,-3.8159178927799076e-08,1.6767671695561148e-09,1.6767671695561148,16.76767169556115,3.2897623212397704,4.934643481859656,32.0,automatic
496.0,41.0,2.5231325220201604,20.0,1.2389643882700017,-3.7196201674305485e-08,-3.805961767966437e-08,8.634160053588857e-10,0.8634160053588857,8.634160053588857,2.5231325220201604,3.7846987830302403,24.0,automatic
171.0,41.0,3.141274657157109,31.0,1.0081926404352783,-3.7102253713783284e-08,-3.8051039652486907e-08,9.487859387036224e-10,0.9487859387036224,9.487859387036224,3.141274657157109,4.7119119857356635,40.0,automatic
305.0,44.0,3.1915382432114616,32.0,1.0154901954491724,-3.7383802720114545e-08,-3.8085699927137284e-08,7.018972070227392e-10,0.7018972070227392,7.018972070227392,3.1915382432114616,4.787307364817193,32.0,automatic
136.0,43.0,2.6462837142006137,22.0,1.3628608270970017,-3.642836077233369e-08,-3.738727372137873e-08,9.589129490450432e-10,0.9589129490450432,9.589129490450432,2.6462837142006137,3.9694255713009206,24.0,automatic
318.0,44.0,3.0901936161855166,30.0,1.1766561392189778,-3.6749174370243054e-08,-3.794647263077877e-08,1.1972982605357174e-09,1.1972982605357174,11.972982605357174,3.0901936161855166,4.635290424278275,40.0,automatic
456.0,44.0,2.5854414729132054,21.0,1.2576948637228433,-3.718910335237524e-08,-3.831996053804687e-08,1.1308571856716298e-09,1.1308571856716298,11.308571856716298,2.5854414729132054,3.8781622093698083,24.0,automatic
35.0,43.0,2.256758334191025,16.0,1.4796776500174416,-3.756847988256595e-08,-3.8436107629991056e-08,8.676277474251037e-10,0.8676277474251037,8.676277474251037,2.256758334191025,3.385137501286538,16.0,automatic
213.0,45.0,3.141274657157109,31.0,1.249524838656446,-3.7099056271472364e-08,-3.80012341594238e-08,9.021778879514386e-10,0.9021778879514386,9.021778879514386,3.141274657157109,4.7119119857356635,40.0,automatic
67.0,45.0,2.0342144725641096,13.0,1.5571460217520925,-3.734161424517879e-08,-3.843470430808793e-08,1.0930900629091411e-09,1.0930900629091411,10.930900629091411,2.0342144725641096,3.0513217088461646,16.0,automatic
269.0,48.0,2.7057581899030048,23.0,1.0955303808730954,-3.7919509310313515e-08,-3.8543744196317675e-08,6.242348860041602e-10,0.6242348860041602,6.242348860041602,2.7057581899030048,4.058637284854507,28.0,automatic
89.0,50.0,2.763953195770684,24.0,1.1930384709859612,-3.7010998710229615e-08,-3.8244806432885525e-08,1.2338077226559108e-09,1.2338077226559108,12.338077226559108,2.763953195770684,4.145929793656026,36.0,automatic
225.0,52.0,2.5231325220201604,20.0,1.3008937295939076,-3.739113196843391e-08,-3.836272277624175e-08,9.715908078078428e-10,0.9715908078078428,9.715908078078428,2.5231325220201604,3.7846987830302403,24.0,automatic
507.0,51.0,2.0342144725641096,13.0,1.5571460217520925,-3.7555473397787864e-08,-3.824626659820751e-08,6.907932004196482e-10,0.6907932004196482,6.907932004196482,2.0342144725641096,3.0513217088461646,16.0,automatic
154.0,56.0,3.7846987830302403,45.0,1.0403983476685137,-3.585880747891679e-08,-3.744320942189461e-08,1.58440194297782e-09,1.58440194297782,15.8440194297782,3.7846987830302403,5.6770481745453605,56.0,automatic
432.0,56.0,3.2410224072142872,33.0,1.0472242640569587,-3.799460301934232e-08,-3.8610622254964255e-08,6.160192356219341e-10,0.6160192356219341,6.160192356219341,3.2410224072142872,4.86153361082143,32.0,automatic
76.0,56.0,2.876813695875796,26.0,1.1211451356615063,-3.673639525914041e-08,-3.812364468558371e-08,1.3872494264433044e-09,1.3872494264433044,13.872494264433044,2.876813695875796,4.315220543813694,36.0,automatic
307.0,55.0,2.256758334191025,16.0,1.4796776500174416,-3.8019944526013205e-08,-3.8730284757093614e-08,7.103402310804086e-10,0.7103402310804086,7.103402310804086,2.256758334191025,3.385137501286538,16.0,automatic
466.0,58.0,2.985410660720923,28.0,1.2073870691739297,-3.678218973846015e-08,-3.831516082186681e-08,1.5329710834066645e-09,1.5329710834066645,15.329710834066645,2.985410660720923,4.478115991081385,44.0,automatic
359.0,61.0,4.029119531035698,51.0,1.1220251553912246,-3.573739348894378e-08,-3.727102715345154e-08,1.5336336645077608e-09,1.5336336645077608,15.336336645077608,4.029119531035698,6.043679296553547,64.0,automatic
415.0,59.0,2.8209479177387813,25.0,1.2815656405965272,-3.695749839494056e-08,-3.8617999464918285e-08,1.6605010699777267e-09,1.6605010699777267,16.605010699777267,2.8209479177387813,4.231421876608172,36.0,automatic
447.0,60.0,3.523362819972964,39.0,0.9487570327874882,-3.764458256227954e-08,-3.847987173344336e-08,8.352891711638222e-10,0.8352891711638222,8.352891711638222,3.523362819972964,5.285044229959446,52.0,automatic
271.0,63.0,3.523362819972964,39.0,1.1038279369855124,-3.654653468743163e-08,-3.8628042986488254e-08,2.0815082990566225e-09,2.0815082990566225,20.815082990566225,3.523362819972964,5.285044229959446,52.0,automatic
96.0,66.0,3.2897623212397704,34.0,1.2503645434029416,-3.700081663282617e-08,-3.8201799057446806e-08,1.2009824246206335e-09,1.2009824246206335,12.009824246206335,3.2897623212397704,4.934643481859656,32.0,automatic
310.0,67.0,2.6462837142006137,22.0,1.217151102948507,-3.7688810294866926e-08,-3.862476027904904e-08,9.359499841821162e-10,0.9359499841821162,9.359499841821162,2.6462837142006137,3.9694255713009206,24.0,automatic
181.0,69.0,3.1915382432114616,32.0,1.2898320915163313,-3.48537660954662e-08,-3.6827627170055166e-08,1.9738610745889673e-09,1.9738610745889673,19.738610745889673,3.1915382432114616,4.787307364817193,32.0,automatic
502.0,68.0,3.0382538898732494,29.0,1.2505080359301415,-3.635442880067785e-08,-3.782077406810913e-08,1.4663452674312794e-09,1.4663452674312794,14.663452674312794,3.0382538898732494,4.557380834809874,40.0,automatic
201.0,70.0,3.2897623212397704,34.0,1.2503645434029416,-3.557576633284043e-08,-3.7509357397880194e-08,1.9335910650397636e-09,1.9335910650397636,19.335910650397636,3.2897623212397704,4.934643481859656,32.0,automatic
288.0,74.0,3.5682482323055424,40.0,1.1321312174210385,-3.675540938274935e-08,-3.8347373276792496e-08,1.5919638940431469e-09,1.5919638940431469,15.919638940431469,3.5682482323055424,5.352372348458314,52.0,automatic
442.0,73.0,3.385137501286538,36.0,1.2127771900184563,-3.717684649018338e-08,-3.924826685874905e-08,2.0714203685656685e-09,2.0714203685656685,20.714203685656685,3.385137501286538,5.077706251929807,44.0,automatic
481.0,77.0,3.6996385101659595,43.0,1.126704741019566,-3.596430175889509e-08,-3.813541660235842e-08,2.1711148434633287e-09,2.1711148434633287,21.711148434633287,3.6996385101659595,5.549457765248939,52.0,automatic
69.0,79.0,3.742410318509555,44.0,1.0936185984037976,-3.663136283194035e-08,-3.809992854542088e-08,1.4685657134805297e-09,1.4685657134805297,14.685657134805297,3.742410318509555,5.613615477764332,52.0,automatic
240.0,79.0,3.385137501286538,36.0,1.2438337708587477,-3.6365321420817054e-08,-3.8105124389176126e-08,1.7398029683590721e-09,1.739802968359072,17.39802968359072,3.385137501286538,5.077706251929807,44.0,automatic
133.0,85.0,2.8209479177387813,25.0,1.1559981640761265,-3.625894962056009e-08,-3.744163024066438e-08,1.1826806201042928e-09,1.1826806201042928,11.826806201042928,2.8209479177387813,4.231421876608172,36.0,automatic
96.0,92.0,3.9088200952233594,48.0,0.6475284292444979,-3.601773457262425e-08,-3.742119147887024e-08,1.4034569062459923e-09,1.4034569062459923,14.034569062459923,3.9088200952233594,5.8632301428350395,64.0,automatic
40.0,88.0,2.4592453796829674,19.0,1.2801537005750372,-3.80899791707634e-08,-3.91661831855572e-08,1.0762040147938023e-09,1.0762040147938023,10.762040147938023,2.4592453796829674,3.6888680695244513,24.0,automatic
152.0,88.0,2.876813695875796,26.0,1.2022380906391716,-3.56365710274531e-08,-3.709696727582923e-08,1.460396248376128e-09,1.460396248376128,14.60396248376128,2.876813695875796,4.315220543813694,36.0,automatic
319.0,89.0,3.477898169151024,38.0,1.137914400511144,-3.608499099527762e-08,-3.8403527469199616e-08,2.318536473921995e-09,2.318536473921995,23.18536473921995,3.477898169151024,5.216847253726536,52.0,automatic
337.0,90.0,3.656366395715726,42.0,1.0439086621127163,-3.682253080228293e-08,-3.8224873932790615e-08,1.4023431305076883e-09,1.4023431305076883,14.023431305076883,3.656366395715726,5.48454959357359,52.0,automatic
77.0,89.0,2.9316150714175193,27.0,1.2860574036336336,-3.6416917481574274e-08,-3.8352704123667536e-08,1.9357866420932623e-09,1.9357866420932623,19.357866420932623,2.9316150714175193,4.397422607126279,36.0,automatic
412.0,90.0,1.9544100476116797,12.0,1.6170362533579417,-3.7679900088960494e-08,-3.8397843127313536e-08,7.179430383530416e-10,0.7179430383530416,7.179430383530416,1.9544100476116797,2.9544100476116797,16.0,automatic
123.0,91.0,3.431831258788849,37.0,1.2033266998743648,-3.55368747761986e-08,-3.757962474537635e-08,2.0427499691777484e-09,2.0427499691777484,20.427499691777484,3.431831258788849,5.147746888183273,52.0,automatic
222.0,96.0,3.8678889139475245,47.0,1.1681835028404206,-3.512041502062857e-08,-3.758788835739324e-08,2.4674733367646695e-09,2.4674733367646695,24.674733367646695,3.8678889139475245,5.801833370921287,56.0,automatic
397.0,96.0,3.7846987830302403,45.0,1.0623973687615436,-3.6580907192274026e-08,-3.837345374790857e-08,1.7925465556345443e-09,1.7925465556345443,17.925465556345443,3.7846987830302403,5.6770481745453605,56.0,automatic
32.0,99.0,3.0382538898732494,29.0,1.1689103329366752,-3.769891776528311e-08,-3.8608934715966825e-08,9.100169506837119e-10,0.9100169506837119,9.10016950683712,3.0382538898732494,4.557380834809874,40.0,automatic
74.0,99.0,3.0382538898732494,29.0,1.1374342679116787,-3.713102003644053e-08,-3.844870555269608e-08,1.3176855162555512e-09,1.3176855162555512,13.176855162555512,3.0382538898732494,4.557380834809874,40.0,automatic
445.0,99.0,2.5231325220201604,20.0,1.347530211131618,-3.760148103992833e-08,-3.833557116195152e-08,7.340901220231899e-10,0.7340901220231899,7.340901220231899,2.5231325220201604,3.7846987830302403,24.0,automatic
67.0,99.0,2.0342144725641096,13.0,1.5062610900139906,-3.767993916881096e-08,-3.839028472896189e-08,7.103455601509268e-10,0.7103455601509268,7.103455601509268,2.0342144725641096,3.0513217088461646,16.0,automatic
377.0,106.0,3.5682482323055424,40.0,1.1321312174210385,-3.660109015868329e-08,-3.876367316024698e-08,2.1625830015636893e-09,2.1625830015636893,21.625830015636893,3.5682482323055424,5.352372348458314,52.0,automatic
420.0,104.0,3.6996385101659595,43.0,1.1894885778814956,-3.6669945302492124e-08,-3.839930506899236e-08,1.729359766500238e-09,1.729359766500238,17.29359766500238,3.6996385101659595,5.549457765248939,52.0,automatic
500.0,105.0,3.141274657157109,31.0,1.1106887454723966,-3.647196678002729e-08,-3.7988371559549705e-08,1.5164047795224178e-09,1.5164047795224178,15.164047795224178,3.141274657157109,4.7119119857356635,40.0,automatic
142.0,108.0,4.259537945889915,57.0,0.585705736465237,-3.612035825995008e-08,-3.741785370436901e-08,1.297495444418928e-09,1.297495444418928,12.97495444418928,4.259537945889915,6.389306918834873,68.0,automatic
166.0,107.0,3.477898169151024,38.0,1.2058946070958918,-3.6198155584088454e-08,-3.7907602390419015e-08,1.7094468063305612e-09,1.7094468063305612,17.094468063305612,3.477898169151024,5.216847253726536,52.0,automatic
20.0,110.0,3.7846987830302403,45.0,1.0403983476685137,-3.707040363565284e-08,-3.866724540557698e-08,1.59684176992414e-09,1.59684176992414,15.9684176992414,3.7846987830302403,5.6770481745453605,56.0,automatic
57.0,108.0,2.5854414729132054,21.0,1.3009126076835016,-3.775500090341666e-08,-3.8607394614587065e-08,8.523937111704072e-10,0.8523937111704072,8.523937111704072,2.5854414729132054,3.8781622093698083,24.0,automatic
315.0,112.0,4.61809077155419,67.0,0.6159884147646847,-3.490159627972389e-08,-3.704098539003553e-08,2.1393891103116403e-09,2.1393891103116403,21.393891103116403,4.61809077155419,6.927136157331285,76.0,automatic
178.0,112.0,2.8209479177387813,25.0,1.2815656405965272,-3.658196590095031e-08,-3.7884587911207745e-08,1.302622010257437e-09,1.302622010257437,13.02622010257437,2.8209479177387813,4.231421876608172,36.0,automatic
284.0,112.0,3.2897623212397704,34.0,1.2503645434029416,-3.644088764076514e-08,-3.8451183570487046e-08,2.010295929721906e-09,2.010295929721906,20.10295929721906,3.2897623212397704,4.934643481859656,32.0,automatic
12.0,111.0,3.0901936161855166,30.0,1.2092175857965597,-3.7803790320367625e-08,-3.88525318584243e-08,1.0487415380566745e-09,1.0487415380566745,10.487415380566745,3.0901936161855166,4.635290424278275,40.0,automatic
471.0,111.0,2.6462837142006137,22.0,1.3628608270970017,-3.715258145575717e-08,-3.8036798599705435e-08,8.842171439482627e-10,0.8842171439482627,8.842171439482627,2.6462837142006137,3.9694255713009206,24.0,automatic
496.0,113.0,3.385137501286538,36.0,1.2438337708587477,-3.606105636322354e-08,-3.8168129989912813e-08,2.107073626689271e-09,2.107073626689271,21.07073626689271,3.385137501286538,5.077706251929807,44.0,automatic
117.0,113.0,2.9316150714175193,27.0,1.2860574036336336,-3.60368979102077e-08,-3.748977128736897e-08,1.4528733771612679e-09,1.4528733771612679,14.528733771612679,2.9316150714175193,4.397422607126279,36.0,automatic
194.0,113.0,2.9316150714175193,27.0,1.0589905252970802,-3.575460283400389e-08,-3.7178400802417855e-08,1.4237979684139646e-09,1.4237979684139646,14.237979684139646,2.9316150714175193,4.397422607126279,36.0,automatic
444.0,116.0,3.656366395715726,42.0,1.1618260528144841,-3.637264711642274e-08,-3.795267211614828e-08,1.5800249997255378e-09,1.5800249997255378,15.800249997255378,3.656366395715726,5.48454959357359,52.0,automatic
245.0,116.0,3.0382538898732494,29.0,1.137434267911678,-3.6733588615334156e-08,-3.824922956141563e-08,1.5156409460814757e-09,1.5156409460814757,15.156409460814757,3.0382538898732494,4.557380834809874,40.0,automatic
336.0,118.0,3.6996385101659595,43.0,1.2170410587276164,-3.549851967932227e-08,-3.770327161589648e-08,2.204751936574212e-09,2.204751936574212,22.04751936574212,3.6996385101659595,5.549457765248939,52.0,automatic
188.0,120.0,2.326213245840639,17.0,1.2503645434029418,-3.5983063639832835e-08,-3.719242158695124e-08,1.2093579471184057e-09,1.2093579471184057,12.093579471184057,2.326213245840639,3.4893198687609583,16.0,automatic
405.0,124.0,3.2410224072142872,33.0,1.2135891156557967,-3.833779160800077e-08,-3.986889218765555e-08,1.531100579654776e-09,1.531100579654776,15.31100579654776,3.2410224072142872,4.86153361082143,32.0,automatic
427.0,130.0,5.262410103554244,87.0,0.5043955924309405,-3.7390911700185825e-08,-3.839158857488201e-08,1.0006768746961825e-09,1.0006768746961825,10.006768746961825,5.262410103554244,7.893615155331366,104.0,automatic
42.0,125.0,1.8712051592547776,11.0,1.4822832322447796,-3.846627194548091e-08,-3.939301329580758e-08,9.267413503266653e-10,0.9267413503266653,9.267413503266653,1.8712051592547776,2.8712051592547776,16.0,automatic
251.0,127.0,3.431831258788849,37.0,1.1741605384881053,-3.607566867458445e-08,-3.7941658703744e-08,1.8659900291595477e-09,1.8659900291595477,18.659900291595477,3.431831258788849,5.147746888183273,52.0,automatic
82.0,130.0,3.5682482323055424,40.0,1.1978046321169942,-3.6496437871846865e-08,-3.871405596100885e-08,2.217618089161988e-09,2.217618089161988,22.17618089161988,3.5682482323055424,5.352372348458314,52.0,automatic
146.0,132.0,3.1915382432114616,32.0,1.2083268721137757,-3.551350147290577e-08,-3.6959400873115555e-08,1.4458994002097825e-09,1.4458994002097825,14.458994002097825,3.1915382432114616,4.787307364817193,32.0,automatic
272.0,130.0,2.8209479177387813,25.0,1.2815656405965272,-3.747421573052634e-08,-3.838640161291096e-08,9.121858823846196e-10,0.9121858823846196,9.121858823846196,2.8209479177387813,4.231421876608172,36.0,automatic
97.0,131.0,2.9316150714175193,27.0,1.2860574036336336,-3.668921522148594e-08,-3.878103527199528e-08,2.091820050509341e-09,2.091820050509341,20.91820050509341,2.9316150714175193,4.397422607126279,36.0,automatic
290.0,133.0,2.5231325220201604,20.0,1.347530211131618,-3.743380716514366e-08,-3.868163211961928e-08,1.2478249544756181e-09,1.2478249544756181,12.478249544756181,2.5231325220201604,3.7846987830302403,24.0,automatic
60.0,134.0,2.9316150714175193,27.0,1.2484780172022165,-3.741210718999355e-08,-3.90850303233492e-08,1.6729231333556527e-09,1.6729231333556527,16.729231333556527,2.9316150714175193,4.397422607126279,36.0,automatic
476.0,136.0,4.61809077155419,67.0,0.5427850787454895,-3.756163735602058e-08,-3.8300308702332586e-08,7.386713463120032e-10,0.7386713463120032,7.3867134631200315,4.61809077155419,6.927136157331285,76.0,automatic
131.0,138.0,2.763953195770684,24.0,1.3278012032165531,-3.633485690102134e-08,-3.737617149113248e-08,1.041314590111142e-09,1.041314590111142,10.41314590111142,2.763953195770684,4.145929793656026,36.0,automatic
442.0,140.0,4.1073621666150775,53.0,0.7642387229988422,-3.773964962761056e-08,-3.8367959476204305e-08,6.283098485937444e-10,0.6283098485937444,6.283098485937444,4.1073621666150775,6.161043249922616,72.0,automatic
5.0,141.0,3.0382538898732494,29.0,1.2505080359301415,-3.7807939889944464e-08,-3.929707403926841e-08,1.4891341493239452e-09,1.4891341493239452,14.891341493239452,3.0382538898732494,4.557380834809874,40.0,automatic
71.0,140.0,2.985410660720923,28.0,1.2073870691739297,-3.7328035773498414e-08,-3.861675956784438e-08,1.2887237943459695e-09,1.2887237943459695,12.887237943459695,2.985410660720923,4.478115991081385,44.0,automatic
32.0,144.0,3.2410224072142872,33.0,1.213589115655796,-3.674658444197121e-08,-3.85280873871352e-08,1.781502945163993e-09,1.781502945163993,17.81502945163993,3.2410224072142872,4.86153361082143,32.0,automatic
162.0,143.0,3.5682482323055424,40.0,1.1978046321169937,-3.535176418267838e-08,-3.731406117424285e-08,1.9622969915644717e-09,1.9622969915644717,19.622969915644717,3.5682482323055424,5.352372348458314,52.0,automatic
382.0,144.0,3.6996385101659595,43.0,1.068763630258257,-3.661718039893458e-08,-3.881693011464904e-08,2.1997497157144608e-09,2.1997497157144608,21.997497157144608,3.6996385101659595,5.549457765248939,52.0,automatic
114.0,144.0,2.326213245840639,17.0,1.298111396050648,-3.7996663593276025e-08,-3.889678623636428e-08,9.001226430882525e-10,0.9001226430882525,9.001226430882525,2.326213245840639,3.4893198687609583,16.0,automatic
333.0,145.0,2.7057581899030048,23.0,1.27247615308253,-3.643854640245081e-08,-3.769513057250151e-08,1.2565841700507008e-09,1.2565841700507008,12.565841700507008,2.7057581899030048,4.058637284854507,28.0,automatic
300.0,145.0,2.9316150714175193,27.0,1.2860574036336336,-3.5173300716451195e-08,-3.66652734840045e-08,1.4919727675533068e-09,1.4919727675533068,14.919727675533068,2.9316150714175193,4.397422607126279,36.0,automatic
502.0,149.0,2.985410660720923,28.0,1.1737826689577704,-3.722421126894915e-08,-3.8572117944113415e-08,1.3479066751642677e-09,1.3479066751642677,13.479066751642677,2.985410660720923,4.478115991081385,44.0,automatic
510.0,149.0,2.111004122822376,14.0,1.1737826689577702,-3.7313430567564865e-08,-3.833965322996846e-08,1.0262226624035975e-09,1.0262226624035975,10.262226624035975,2.111004122822376,3.1665061842335644,17.0,automatic
51.0,149.0,2.876813695875796,26.0,1.1211451356615063,-3.7176715039777264e-08,-3.856309938043978e-08,1.3863843406625165e-09,1.3863843406625165,13.863843406625165,2.876813695875796,4.315220543813694,36.0,automatic
206.0,150.0,3.523362819972964,39.0,1.2376286757036785,-3.5791877905921865e-08,-3.733183540077789e-08,1.5399574948560257e-09,1.5399574948560257,15.399574948560257,3.523362819972964,5.285044229959446,52.0,automatic
242.0,150.0,3.1915382432114616,32.0,1.2083268721137757,-3.638613321754747e-08,-3.7940329988828125e-08,1.5541967712806581e-09,1.5541967712806581,15.541967712806581,3.1915382432114616,4.787307364817193,32.0,automatic
472.0,151.0,3.949327084834294,49.0,1.1328782007946037,-3.59092489077284e-08,-3.8392101942008594e-08,2.482853034280197e-09,2.482853034280197,24.82853034280197,3.949327084834294,5.923990627251441,64.0,automatic
281.0,152.0,2.9316150714175193,27.0,1.1642661024177179,-3.69608592620807e-08,-3.8289446280259654e-08,1.3285870181789505e-09,1.3285870181789505,13.285870181789505,2.9316150714175193,4.397422607126279,36.0,automatic
427.0,155.0,3.523362819972964,39.0,1.1038279369855124,-3.6986477880418533e-08,-3.846353280323456e-08,1.4770549228160235e-09,1.4770549228160235,14.770549228160235,3.523362819972964,5.285044229959446,52.0,automatic
218.0,155.0,2.8209479177387813,25.0,1.2815656405965272,-3.6396887281853196e-08,-3.743451770787942e-08,1.037630426026226e-09,1.037630426026226,10.376304260262259,2.8209479177387813,4.231421876608172,36.0,automatic
179.0,159.0,3.0901936161855166,30.0,1.10326283241436,-3.573943985202277e-08,-3.7280168285747095e-08,1.5407284337243254e-09,1.5407284337243254,15.407284337243254,3.0901936161855166,4.635290424278275,40.0,automatic
163.0,159.0,3.0901936161855166,30.0,0.9358153450370208,-3.6427284300089013e-08,-3.7713013156803754e-08,1.2857288567147407e-09,1.2857288567147407,12.857288567147407,3.0901936161855166,4.635290424278275,40.0,automatic
366.0,160.0,2.876813695875796,26.0,1.3328282662203883,-3.736058928893726e-08,-3.8765378462812805e-08,1.4047891738755425e-09,1.4047891738755425,14.047891738755425,2.876813695875796,4.315220543813694,36.0,automatic
49.0,160.0,2.5231325220201604,20.0,1.347530211131618,-3.7395974317178116e-08,-3.8288760606519645e-08,8.927862893415295e-10,0.8927862893415295,8.927862893415295,2.5231325220201604,3.7846987830302403,24.0,automatic
126.0,161.0,2.985410660720923,28.0,1.2947179437652612,-3.686263383428923e-08,-3.8327888418621114e-08,1.4652545843318876e-09,1.4652545843318876,14.652545843318876,2.985410660720923,4.478115991081385,44.0,automatic
307.0,162.0,2.5854414729132054,21.0,1.3009126076835016,-3.5995146419054436e-08,-3.662135839022085e-08,6.262119711664127e-10,0.6262119711664127,6.262119711664127,2.5854414729132054,3.8781622093698083,24.0,automatic
199.0,164.0,2.0342144725641096,13.0,1.5571460217520925,-3.688185046257786e-08,-3.77273927654187e-08,8.455423028408404e-10,0.8455423028408404,8.455423028408404,2.0342144725641096,3.0513217088461646,16.0,automatic
335.0,167.0,3.0382538898732494,29.0,0.7744495433994738,-3.699710049431815e-08,-3.7920283801895494e-08,9.231833075773466e-10,0.9231833075773466,9.231833075773466,3.0382538898732494,4.557380834809874,40.0,automatic
69.0,169.0,3.656366395715726,42.0,1.0439086621127163,-3.630533029763683e-08,-3.820690608336008e-08,1.901575785723253e-09,1.901575785723253,19.01575785723253,3.656366395715726,5.48454959357359,52.0,automatic
135.0,166.0,2.876813695875796,26.0,1.1211451356615063,-3.6882539689031546e-08,-3.826455419186914e-08,1.3820145028375919e-09,1.3820145028375919,13.820145028375919,2.876813695875796,4.315220543813694,36.0,automatic
448.0,174.0,3.8678889139475245,47.0,0.660663049153923,-3.67629091613253e-08,-3.833485884285892e-08,1.5719496815336242e-09,1.5719496815336242,15.719496815336242,3.8678889139475245,5.801833370921287,56.0,automatic
101.0,173.0,2.763953195770684,24.0,1.1930384709859612,-3.7561626697879547e-08,-3.886665034258385e-08,1.3050236447043062e-09,1.3050236447043062,13.050236447043062,2.763953195770684,4.145929793656026,36.0,automatic
28.0,175.0,2.9316150714175193,27.0,1.1642661024177179,-3.692814587452631e-08,-3.8022461623654635e-08,1.0943157491283273e-09,1.0943157491283273,10.943157491283273,2.9316150714175193,4.397422607126279,36.0,automatic
417.0,176.0,3.477898169151024,38.0,1.2058946070958918,-3.7174107347937024e-08,-3.883276633587229e-08,1.6586589879352687e-09,1.6586589879352687,16.586589879352687,3.477898169151024,5.216847253726536,52.0,automatic
201.0,179.0,4.652426491681278,68.0,0.7588734637926687,-3.520690228242529e-08,-3.707942219932647e-08,1.872519916901183e-09,1.872519916901183,18.72519916901183,4.652426491681278,6.978639737521917,76.0,automatic
231.0,179.0,2.985410660720923,28.0,1.2073870691739297,-3.674101378692285e-08,-3.817703486674873e-08,1.4360210798258777e-09,1.4360210798258777,14.360210798258777,2.985410660720923,4.478115991081385,44.0,automatic
309.0,178.0,1.692568750643269,9.0,1.6646373562696222,-3.748591481667063e-08,-3.817750027224065e-08,6.915854555700207e-10,0.6915854555700207,6.915854555700207,1.692568750643269,2.692568750643269,12.0,automatic
319.0,178.0,1.692568750643269,9.0,1.947116515222565,-3.7411137299159236e-08,-3.822776584172516e-08,8.166285425659225e-10,0.8166285425659225,8.166285425659225,1.692568750643269,2.692568750643269,12.0,automatic
265.0,182.0,3.742410318509555,44.0,1.0936185984037976,-3.580892382615275e-08,-3.776266055410815e-08,1.953736727955402e-09,1.9537367279554019,19.53736727955402,3.742410318509555,5.613615477764332,52.0,automatic
334.0,180.0,3.5682482323055424,40.0,1.1978046321169937,-3.6120965773989155e-08,-3.838514395226866e-08,2.264178178279508e-09,2.264178178279508,22.64178178279508,3.5682482323055424,5.352372348458314,52.0,automatic
356.0,181.0,3.0901936161855166,30.0,1.293629002686353,-3.674743354054044e-08,-3.8289645232225666e-08,1.5422116916852247e-09,1.5422116916852247,15.422116916852247,3.0901936161855166,4.635290424278275,40.0,automatic
110.0,183.0,3.1915382432114616,32.0,1.2898320915163313,-3.685453364710156e-08,-3.8750304298673655e-08,1.895770651572093e-09,1.895770651572093,18.95770651572093,3.1915382432114616,4.787307364817193,32.0,automatic
476.0,183.0,3.7846987830302403,45.0,0.6658549425078486,-3.729727993118104e-08,-3.8452432349345145e-08,1.155152418164107e-09,1.155152418164107,11.55152418164107,3.7846987830302403,5.6770481745453605,56.0,automatic
391.0,184.0,4.029119531035698,51.0,1.0689806449436836,-3.657558522718318e-08,-3.862198205695222e-08,2.046396829769037e-09,2.046396829769037,20.46396829769037,4.029119531035698,6.043679296553547,64.0,automatic
90.0,186.0,3.431831258788849,37.0,1.1741605384881055,-3.596192854615765e-08,-3.785856783622421e-08,1.8966392900665596e-09,1.8966392900665596,18.966392900665596,3.431831258788849,5.147746888183273,52.0,automatic
51.0,191.0,3.385137501286538,36.0,1.1708043566345163,-3.752583310756563e-08,-3.917410396070409e-08,1.648270853138456e-09,1.648270853138456,16.48270853138456,3.385137501286538,5.077706251929807,44.0,automatic
142.0,192.0,3.3377905890622728,35.0,1.2092828327793383,-3.586236019259559e-08,-3.802994896773271e-08,2.1675887751371192e-09,2.1675887751371192,21.675887751371192,3.3377905890622728,5.006685883593409,44.0,automatic
383.0,191.0,2.4592453796829674,19.0,1.2801537005750372,-3.79367897096472e-08,-3.9142179275586386e-08,1.2053895659391856e-09,1.2053895659391856,12.053895659391856,2.4592453796829674,3.6888680695244513,24.0,automatic
500.0,193.0,3.2410224072142872,33.0,1.213589115655796,-3.6501088374052415e-08,-3.848115071036773e-08,1.9800623363153136e-09,1.9800623363153136,19.800623363153136,3.2410224072142872,4.86153361082143,32.0,automatic
24.0,195.0,2.763953195770684,24.0,1.230303014972666,-3.7243026440592075e-08,-3.854221652943579e-08,1.2991900888437158e-09,1.2991900888437158,12.991900888437158,2.763953195770684,4.145929793656026,36.0,automatic
30.0,195.0,2.8209479177387813,25.0,1.0780241689052945,-3.74940647418498e-08,-3.834709616512555e-08,8.530314232757519e-10,0.8530314232757519,8.530314232757519,2.8209479177387813,4.231421876608172,36.0,automatic
176.0,198.0,3.6125759969217834,41.0,1.0742998693442378,-3.5562276679002025e-08,-3.7278507392102256e-08,1.7162307131002308e-09,1.7162307131002308,17.162307131002308,3.6125759969217834,5.418863995382675,52.0,automatic
158.0,200.0,3.2410224072142872,33.0,1.2135891156557967,-3.66507109106351e-08,-3.8223040732532354e-08,1.572329821897256e-09,1.572329821897256,15.723298218972559,3.2410224072142872,4.86153361082143,32.0,automatic
303.0,201.0,3.2897623212397704,34.0,1.2503645434029416,-3.6284877324987974e-08,-3.7988549195233645e-08,1.703671870245671e-09,1.703671870245671,17.03671870245671,3.2897623212397704,4.934643481859656,32.0,automatic
214.0,201.0,3.2897623212397704,34.0,1.2503645434029416,-3.5393185271459515e-08,-3.707584284029508e-08,1.682657568835566e-09,1.682657568835566,16.82657568835566,3.2897623212397704,4.934643481859656,32.0,automatic
452.0,204.0,3.3377905890622728,35.0,1.2092828327793383,-3.6022484550812806e-08,-3.795219427615848e-08,1.929709725345674e-09,1.929709725345674,19.29709725345674,3.3377905890622728,5.006685883593409,44.0,automatic
124.0,206.0,3.477898169151024,38.0,1.2058946070958918,-3.6407289627504724e-08,-3.780525048568961e-08,1.397960858184888e-09,1.397960858184888,13.97960858184888,3.477898169151024,5.216847253726536,52.0,automatic
473.0,206.0,2.763953195770684,24.0,1.1930384709859612,-3.762980327337573e-08,-3.925004499194529e-08,1.6202417185695595e-09,1.6202417185695595,16.202417185695595,2.763953195770684,4.145929793656026,36.0,automatic
63.0,206.0,1.4927053303604616,7.0,1.8865422955842652,-3.931789294142618e-08,-4.004107445609861e-08,7.23181514672433e-10,0.723181514672433,7.23181514672433,1.4927053303604616,2.4927053303604616,12.0,automatic
239.0,208.0,3.523362819972964,39.0,1.1678595163140688,-3.5160887534857466e-08,-3.73098885120271e-08,2.149000977169635e-09,2.149000977169635,21.49000977169635,3.523362819972964,5.285044229959446,52.0,automatic
264.0,208.0,2.7057581899030048,23.0,1.1790403893488046,-3.671827286666485e-08,-3.77268065676617e-08,1.0085337009968498e-09,1.0085337009968498,10.085337009968498,2.7057581899030048,4.058637284854507,28.0,automatic
484.0,208.0,3.0382538898732494,29.0,1.1689103329366746,-3.734703568625264e-08,-3.895307543189119e-08,1.6060397456385545e-09,1.6060397456385545,16.060397456385545,3.0382538898732494,4.557380834809874,40.0,automatic
339.0,211.0,3.477898169151024,38.0,1.1379144005111443,-3.6272698622497046e-08,-3.815898885761726e-08,1.8862902351202138e-09,1.8862902351202138,18.862902351202138,3.477898169151024,5.216847253726536,52.0,automatic
426.0,210.0,2.8209479177387813,25.0,1.2815656405965272,-3.6809115755431776e-08,-3.7944952069324245e-08,1.1358363138924688e-09,1.1358363138924688,11.358363138924688,2.8209479177387813,4.231421876608172,36.0,automatic
493.0,209.0,1.9544100476116797,12.0,1.4373655585403928,-3.824964522891605e-08,-3.896395739388936e-08,7.143121649733075e-10,0.7143121649733075,7.143121649733075,1.9544100476116797,2.9544100476116797,16.0,automatic
144.0,211.0,2.0342144725641096,13.0,1.393228853936436,-3.7930409035880075e-08,-3.860417230328039e-08,6.73763267400318e-10,0.673763267400318,6.73763267400318,2.0342144725641096,3.0513217088461646,16.0,automatic
78.0,214.0,3.5682482323055424,40.0,1.0480974335065731,-3.608463927662342e-08,-3.8001754631977747e-08,1.9171153553543263e-09,1.9171153553543263,19.171153553543263,3.5682482323055424,5.352372348458314,52.0,automatic
196.0,214.0,3.431831258788849,37.0,1.1741605384881055,-3.513463298077113e-08,-3.761529221435467e-08,2.4806592335835376e-09,2.4806592335835376,24.806592335835376,3.431831258788849,5.147746888183273,52.0,automatic
444.0,214.0,2.4592453796829674,19.0,1.3974662543915228,-3.71621631245489e-08,-3.807276094391909e-08,9.105978193701958e-10,0.9105978193701958,9.105978193701958,2.4592453796829674,3.6888680695244513,24.0,automatic
41.0,215.0,2.4592453796829674,19.0,1.2801537005750372,-3.789180169633255e-08,-3.857009822638702e-08,6.782965300544674e-10,0.6782965300544674,6.782965300544674,2.4592453796829674,3.6888680695244513,24.0,automatic
394.0,217.0,3.3377905890622728,35.0,1.1106924012725323,-3.630512424024346e-08,-3.773518209015947e-08,1.430057849916011e-09,1.430057849916011,14.30057849916011,3.3377905890622728,5.006685883593409,44.0,automatic
284.0,218.0,3.431831258788849,37.0,1.1741605384881053,-3.639033252511581e-08,-3.8186190209898996e-08,1.7958576847831864e-09,1.7958576847831864,17.958576847831864,3.431831258788849,5.147746888183273,52.0,automatic
1.0,220.0,2.256758334191025,16.0,1.3414659073803088,-3.640771595314618e-08,-3.77605573476103e-08,1.3528413944641215e-09,1.3528413944641215,13.528413944641215,2.256758334191025,3.385137501286538,11.0,automatic
143.0,225.0,3.9088200952233594,48.0,0.6654686898041037,-3.809506310403776e-08,-3.875372733830318e-08,6.586642342654159e-10,0.6586642342654159,6.586642342654159,3.9088200952233594,5.8632301428350395,64.0,automatic
126.0,227.0,3.3377905890622728,35.0,1.1106924012725323,-3.775280532636316e-08,-3.886630928207069e-08,1.1135039557075288e-09,1.1135039557075288,11.135039557075288,3.3377905890622728,5.006685883593409,44.0,automatic
359.0,226.0,3.431831258788849,37.0,1.1741605384881053,-3.567632944623256e-08,-3.786597524424451e-08,2.189645798011952e-09,2.189645798011952,21.89645798011952,3.431831258788849,5.147746888183273,52.0,automatic
60.0,229.0,3.523362819972964,39.0,1.0788384776134494,-3.6551146109786714e-08,-3.8500619581327555e-08,1.9494734715408413e-09,1.9494734715408413,19.494734715408413,3.523362819972964,5.285044229959446,52.0,automatic
465.0,230.0,3.2897623212397704,34.0,1.2503645434029416,-3.668632686526507e-08,-3.878043841609724e-08,2.0941115508321673e-09,2.0941115508321673,20.941115508321673,3.2897623212397704,4.934643481859656,32.0,automatic
175.0,231.0,2.985410660720923,28.0,1.2073870691739297,-3.695847894391591e-08,-3.845282670056349e-08,1.494347756647585e-09,1.494347756647585,14.943477566475849,2.985410660720923,4.478115991081385,44.0,automatic
493.0,231.0,2.6462837142006137,22.0,1.3628608270970017,-3.784390401051496e-08,-3.908759005355478e-08,1.2436860430398156e-09,1.2436860430398156,12.436860430398156,2.6462837142006137,3.9694255713009206,24.0,automatic
34.0,233.0,3.2897623212397704,34.0,1.1747318946999283,-3.70289328088802e-08,-3.841412343774664e-08,1.3851906288664395e-09,1.3851906288664395,13.851906288664395,3.2897623212397704,4.934643481859656,32.0,automatic
44.0,233.0,1.8712051592547776,11.0,1.2171511029485071,-3.834016837345189e-08,-3.901741862932795e-08,6.772502558760607e-10,0.6772502558760607,6.772502558760607,1.8712051592547776,2.8712051592547776,16.0,automatic
123.0,232.0,3.0382538898732494,29.0,1.2505080359301415,-3.677518733979923e-08,-3.8851890593605276e-08,2.076703253806045e-09,2.076703253806045,20.767032538060448,3.0382538898732494,4.557380834809874,40.0,automatic
11.0,235.0,3.385137501286538,36.0,1.2438337708587477,-3.573331142092684e-08,-3.8025248727535654e-08,2.2919373066088156e-09,2.2919373066088156,22.919373066088156,3.385137501286538,5.077706251929807,44.0,automatic
418.0,235.0,3.0382538898732494,29.0,1.1689103329366752,-3.613557453263638e-08,-3.7444877420966804e-08,1.3093028883304214e-09,1.3093028883304214,13.093028883304214,3.0382538898732494,4.557380834809874,40.0,automatic
501.0,235.0,3.0901936161855166,30.0,1.1766561392189778,-3.734303177793663e-08,-3.862330899551125e-08,1.2802772175746213e-09,1.2802772175746213,12.802772175746213,3.0901936161855166,4.635290424278275,40.0,automatic
205.0,241.0,3.523362819972964,39.0,1.1038279369855124,-3.502909606822868e-08,-3.700503192760607e-08,1.975935859377387e-09,1.9759358593773868,19.759358593773868,3.523362819972964,5.285044229959446,52.0,automatic
71.0,240.0,4.61809077155419,67.0,0.5839700839086779,-3.8228638032933304e-08,-3.89817227386402e-08,7.530847057068968e-10,0.7530847057068968,7.530847057068968,4.61809077155419,6.927136157331285,76.0,automatic
319.0,241.0,2.985410660720923,28.0,1.2073870691739297,-3.6834205019431465e-08,-3.829476646899366e-08,1.4605614495621921e-09,1.4605614495621921,14.605614495621921,2.985410660720923,4.478115991081385,44.0,automatic
372.0,241.0,2.9316150714175193,27.0,1.1642661024177179,-3.646574242566203e-08,-3.843928908509042e-08,1.9735466594283935e-09,1.9735466594283935,19.735466594283935,2.9316150714175193,4.397422607126279,36.0,automatic
251.0,242.0,3.477898169151024,38.0,1.137914400511144,-3.5616185556364144e-08,-3.7913761019581216e-08,2.297575463217072e-09,2.297575463217072,22.97575463217072,3.477898169151024,5.216847253726536,52.0,automatic
168.0,242.0,2.4592453796829674,19.0,1.3974662543915228,-3.750890442688615e-08,-3.8566991378274906e-08,1.0580869513887592e-09,1.0580869513887592,10.580869513887592,2.4592453796829674,3.6888680695244513,24.0,automatic
181.0,245.0,2.7057581899030048,23.0,1.2724761530825304,-3.740967358112357e-08,-3.8399745605488533e-08,9.90072024364963e-10,0.990072024364963,9.90072024364963,2.7057581899030048,4.058637284854507,28.0,automatic
20.0,246.0,3.141274657157109,31.0,1.17056665736022,-3.589241259760456e-08,-3.763860334515812e-08,1.7461907475535554e-09,1.7461907475535554,17.461907475535554,3.141274657157109,4.7119119857356635,40.0,automatic
113.0,246.0,2.876813695875796,26.0,1.2924583435681247,-3.721466157458053e-08,-3.8286597003889256e-08,1.0719354293087235e-09,1.0719354293087235,10.719354293087235,2.876813695875796,4.315220543813694,36.0,automatic
432.0,248.0,3.431831258788849,37.0,1.2033266998743648,-3.533527248578139e-08,-3.84445630885466e-08,3.1092906027652134e-09,3.1092906027652134,31.092906027652134,3.431831258788849,5.147746888183273,52.0,automatic
143.0,249.0,2.985410660720923,28.0,1.2947179437652612,-3.646011847990849e-08,-3.8460722606714626e-08,2.000604126806138e-09,2.000604126806138,20.00604126806138,2.985410660720923,4.478115991081385,44.0,automatic
473.0,250.0,2.876813695875796,26.0,1.2924583435681247,-3.8182019324040084e-08,-3.9208481794617e-08,1.0264624705769165e-09,1.0264624705769165,10.264624705769165,2.876813695875796,4.315220543813694,36.0,automatic
47.0,252.0,3.1915382432114616,32.0,0.9391578856266997,-3.6883346155036634e-08,-3.8027526017003765e-08,1.1441798619671317e-09,1.1441798619671317,11.441798619671317,3.1915382432114616,4.787307364817193,32.0,automatic
301.0,252.0,3.1915382432114616,32.0,1.1768136879086513,-3.595405928535911e-08,-3.7922829321246354e-08,1.968770035887246e-09,1.9687700358872462,19.687700358872462,3.1915382432114616,4.787307364817193,32.0,automatic
407.0,253.0,3.826519928662906,46.0,1.0120226891763986,-3.522383451581845e-08,-3.73425255162374e-08,2.1186910004189485e-09,2.1186910004189485,21.186910004189485,3.826519928662906,5.739779892994359,56.0,automatic
85.0,258.0,2.876813695875796,26.0,1.3328282662203883,-3.8116827028034095e-08,-3.974603401957211e-08,1.6292069915380125e-09,1.6292069915380125,16.292069915380125,2.876813695875796,4.315220543813694,36.0,automatic
481.0,259.0,3.0901936161855166,30.0,1.293629002686353,-3.785892488394893e-08,-3.912548685036654e-08,1.266561966417612e-09,1.266561966417612,12.66561966417612,3.0901936161855166,4.635290424278275,40.0,automatic
429.0,272.0,4.370193722368317,60.0,0.508124544838392,-3.72174824292415e-08,-3.78321747263044e-08,6.146922970629021e-10,0.6146922970629021,6.146922970629021,4.370193722368317,6.555290583552475,76.0,automatic
41.0,264.0,2.9316150714175193,27.0,1.248478017202216,-3.65373225008625e-08,-3.763028111336553e-08,1.0929586125030255e-09,1.0929586125030255,10.929586125030255,2.9316150714175193,4.397422607126279,36.0,automatic
66.0,266.0,2.7057581899030048,23.0,1.27247615308253,-3.762618305813703e-08,-3.87547292035606e-08,1.1285461454235701e-09,1.1285461454235701,11.285461454235701,2.7057581899030048,4.058637284854507,28.0,automatic
185.0,268.0,3.0382538898732494,29.0,1.2505080359301415,-3.648511537335253e-08,-3.8284909464891825e-08,1.7997940915392974e-09,1.7997940915392974,17.997940915392974,3.0382538898732494,4.557380834809874,40.0,automatic
196.0,266.0,1.8712051592547776,11.0,1.4822832322447796,-3.738177412060395e-08,-3.819853056086231e-08,8.167564402583594e-10,0.8167564402583594,8.167564402583594,1.8712051592547776,2.8712051592547776,16.0,automatic
335.0,268.0,3.742410318509555,44.0,1.0387885383446203,-3.600683839977137e-08,-3.801536152536755e-08,2.0085231255961844e-09,2.0085231255961844,20.085231255961844,3.742410318509555,5.613615477764332,52.0,automatic
446.0,267.0,2.326213245840639,17.0,1.4253075265915784,-3.7658249851801884e-08,-3.880354526586416e-08,1.145295414062275e-09,1.145295414062275,11.45295414062275,2.326213245840639,3.4893198687609583,16.0,automatic
3.0,269.0,2.1850968611841584,15.0,1.387197796891351,-3.783356561370965e-08,-3.866528608398312e-08,8.317204702734671e-10,0.8317204702734671,8.31720470273467,2.1850968611841584,3.2776452917762375,24.0,automatic
132.0,270.0,2.6462837142006137,22.0,1.3628608270970017,-3.733482856205228e-08,-3.8703829474684426e-08,1.3690009126321456e-09,1.3690009126321456,13.690009126321456,2.6462837142006137,3.9694255713009206,24.0,automatic
273.0,269.0,3.141274657157109,31.0,1.249524838656446,-3.5737588888196115e-08,-3.706496798372427e-08,1.3273790955281584e-09,1.3273790955281584,13.273790955281584,3.141274657157109,4.7119119857356635,40.0,automatic
223.0,271.0,3.2410224072142872,33.0,1.2135891156557967,-3.5161537681460686e-08,-3.7281681741774264e-08,2.120144060313578e-09,2.120144060313578,21.20144060313578,3.2410224072142872,4.86153361082143,32.0,automatic
99.0,272.0,3.477898169151024,38.0,1.137914400511144,-3.675954474147147e-08,-3.844124130125692e-08,1.6816965597854505e-09,1.6816965597854505,16.816965597854505,3.477898169151024,5.216847253726536,52.0,automatic
148.0,277.0,3.477898169151024,38.0,1.051175952546438,-3.6577681328253675e-08,-3.8316628092616156e-08,1.7389467643624812e-09,1.7389467643624812,17.389467643624812,3.477898169151024,5.216847253726536,52.0,automatic
14.0,278.0,2.7057581899030048,23.0,1.27247615308253,-3.733433473485093e-08,-3.876030341132264e-08,1.4259686764717117e-09,1.4259686764717117,14.259686764717117,2.7057581899030048,4.058637284854507,28.0,automatic
59.0,278.0,2.1850968611841584,15.0,1.387197796891351,-3.751486943315285e-08,-3.8196322549310935e-08,6.814531161580817e-10,0.6814531161580817,6.814531161580817,2.1850968611841584,3.2776452917762375,24.0,automatic
202.0,278.0,1.7841241161527712,10.0,1.612290114395414,-3.744569454511293e-08,-3.808083093304049e-08,6.351363879275596e-10,0.6351363879275596,6.3513638792755955,1.7841241161527712,2.7841241161527712,12.0,automatic
300.0,279.0,3.3377905890622728,35.0,1.209282832779338,-3.58462699523443e-08,-3.764158762464831e-08,1.7953176723040087e-09,1.7953176723040087,17.953176723040087,3.3377905890622728,5.006685883593409,44.0,automatic
168.0,281.0,3.431831258788849,37.0,1.1741605384881055,-3.670326975679927e-08,-3.8312569117238127e-08,1.609299360438854e-09,1.609299360438854,16.09299360438854,3.431831258788849,5.147746888183273,52.0,automatic
72.0,286.0,3.2897623212397704,34.0,1.0789583326647456,-3.6832695116117975e-08,-3.8190542284155526e-08,1.3578471680375515e-09,1.3578471680375515,13.578471680375515,3.2897623212397704,4.934643481859656,32.0,automatic
374.0,283.0,3.2410224072142872,33.0,1.2135891156557967,-3.645588009248968e-08,-3.793543612573558e-08,1.479556033245899e-09,1.479556033245899,14.79556033245899,3.2410224072142872,4.86153361082143,32.0,automatic
397.0,284.0,3.523362819972964,39.0,1.0060690313827383,-3.613350330056164e-08,-3.781177504436073e-08,1.6782717437990868e-09,1.6782717437990868,16.78271743799087,3.523362819972964,5.285044229959446,52.0,automatic
49.0,285.0,3.2410224072142872,33.0,1.2135891156557967,-3.661480008076978e-08,-3.8102436761278113e-08,1.4876366805083308e-09,1.4876366805083308,14.876366805083308,3.2410224072142872,4.86153361082143,32.0,automatic
432.0,284.0,1.7841241161527712,10.0,1.5271898777066448,-3.690737315764636e-08,-3.787461366755451e-08,9.672405099081516e-10,0.9672405099081516,9.672405099081516,1.7841241161527712,2.7841241161527712,12.0,automatic
469.0,284.0,3.477898169151024,38.0,1.137914400511144,-3.7366302052532774e-08,-3.8690767922844316e-08,1.324465870311542e-09,1.324465870311542,13.24465870311542,3.477898169151024,5.216847253726536,52.0,automatic
426.0,287.0,3.2410224072142872,33.0,1.1401809566205188,-3.5522621288919254e-08,-3.753830846164874e-08,2.0156871727294856e-09,2.0156871727294856,20.156871727294856,3.2410224072142872,4.86153361082143,32.0,automatic
244.0,289.0,3.5682482323055424,40.0,0.8527815481099708,-3.5794073482975364e-08,-3.721774888276741e-08,1.423675399792046e-09,1.423675399792046,14.23675399792046,3.5682482323055424,5.352372348458314,52.0,automatic
18.0,288.0,3.0901936161855166,30.0,0.6600147972889556,-3.7721953560776456e-08,-3.835834405663263e-08,6.363904958561761e-10,0.6363904958561761,6.363904958561761,3.0901936161855166,4.635290424278275,40.0,automatic
124.0,289.0,2.393653682408596,18.0,1.3744708899359803,-3.746307442042962e-08,-3.84064708924825e-08,9.43396472052882e-10,0.943396472052882,9.43396472052882,2.393653682408596,3.590480523612894,16.0,automatic
341.0,289.0,2.5854414729132054,21.0,0.9752381644792989,-3.670998083293853e-08,-3.769048895208016e-08,9.80508119141632e-10,0.980508119141632,9.80508119141632,2.5854414729132054,3.8781622093698083,24.0,automatic
266.0,290.0,3.5682482323055424,40.0,1.1321312174210385,-3.515637558848539e-08,-3.709998352974253e-08,1.9436079412571416e-09,1.9436079412571416,19.436079412571416,3.5682482323055424,5.352372348458314,52.0,automatic
10.0,292.0,1.692568750643269,9.0,1.6646373562696222,-3.791443958789387e-08,-3.8913741562396353e-08,9.993019745024867e-10,0.9993019745024867,9.993019745024867,1.692568750643269,2.692568750643269,12.0,automatic
26.0,291.0,1.2615662610100802,5.0,2.3173247538676778,-3.722169239495088e-08,-3.785992497284951e-08,6.382325778986342e-10,0.6382325778986342,6.382325778986342,1.2615662610100802,2.2615662610100804,16.0,automatic
374.0,294.0,3.2897623212397704,34.0,1.2503645434029416,-3.6523246649267094e-08,-3.786611380007798e-08,1.3428671508108891e-09,1.3428671508108891,13.428671508108891,3.2897623212397704,4.934643481859656,32.0,automatic
124.0,298.0,3.2410224072142872,33.0,0.9881888214965198,-3.7552482012870314e-08,-3.83507909873515e-08,7.983089744811878e-10,0.7983089744811878,7.983089744811878,3.2410224072142872,4.86153361082143,32.0,automatic
471.0,296.0,2.8209479177387813,25.0,1.2815656405965272,-3.785946489642811e-08,-3.869845066617472e-08,8.389857697466141e-10,0.8389857697466141,8.389857697466141,2.8209479177387813,4.231421876608172,36.0,automatic
309.0,301.0,3.523362819972964,39.0,1.1960246716895422,-3.560592887197345e-08,-3.770079537446236e-08,2.0948665024889124e-09,2.0948665024889124,20.948665024889124,3.523362819972964,5.285044229959446,52.0,automatic
242.0,300.0,2.393653682408596,18.0,1.3744708899359803,-3.7075299275102225e-08,-3.802578518730115e-08,9.504859121989284e-10,0.9504859121989284,9.504859121989284,2.393653682408596,3.590480523612894,16.0,automatic
37.0,303.0,3.0901936161855166,30.0,1.2092175857965604,-3.5924777819218434e-08,-3.75527697826783e-08,1.6279919634598627e-09,1.6279919634598627,16.279919634598627,3.0901936161855166,4.635290424278275,40.0,automatic
93.0,304.0,3.431831258788849,37.0,1.1741605384881053,-3.63967025407419e-08,-3.807802073652056e-08,1.6813181957786583e-09,1.6813181957786583,16.813181957786583,3.431831258788849,5.147746888183273,52.0,automatic
477.0,303.0,2.876813695875796,26.0,1.2384256479434992,-3.77296380804637e-08,-3.878401422241495e-08,1.054376141951252e-09,1.054376141951252,10.54376141951252,2.876813695875796,4.315220543813694,36.0,automatic
211.0,306.0,3.5682482323055424,40.0,1.1978046321169937,-3.533554249202098e-08,-3.790316860374787e-08,2.567626111726895e-09,2.567626111726895,25.67626111726895,3.5682482323055424,5.352372348458314,52.0,automatic
422.0,304.0,2.326213245840639,17.0,1.2981113960506478,-3.7157967369694234e-08,-3.81205964572473e-08,9.626290875530685e-10,0.9626290875530685,9.626290875530685,2.326213245840639,3.4893198687609583,16.0,automatic
256.0,306.0,2.5854414729132054,21.0,1.2576948637228433,-3.6760422261750136e-08,-3.8060433027453655e-08,1.3000107657035187e-09,1.3000107657035187,13.000107657035187,2.5854414729132054,3.8781622093698083,24.0,automatic
492.0,305.0,1.4927053303604616,7.0,1.8865422955842652,-3.88782979143798e-08,-3.9570284826595525e-08,6.919869122157252e-10,0.6919869122157252,6.919869122157252,1.4927053303604616,2.4927053303604616,12.0,automatic
156.0,307.0,2.1850968611841584,15.0,1.446802115179039,-3.911663526423581e-08,-4.0205685891692156e-08,1.089050627456345e-09,1.089050627456345,10.89050627456345,2.1850968611841584,3.2776452917762375,24.0,automatic
458.0,308.0,2.985410660720923,28.0,1.2073870691739297,-3.7124255669596096e-08,-3.8706229332774456e-08,1.5819736631783599e-09,1.5819736631783599,15.819736631783599,2.985410660720923,4.478115991081385,44.0,automatic
68.0,309.0,2.5854414729132054,21.0,1.414906721688199,-3.9082113545418906e-08,-4.003364217908256e-08,9.515286336636564e-10,0.9515286336636564,9.515286336636564,2.5854414729132054,3.8781622093698083,24.0,automatic
504.0,310.0,2.6462837142006137,22.0,1.0936185984037978,-3.7615272674429434e-08,-3.877800835994094e-08,1.1627356855115067e-09,1.1627356855115067,11.627356855115067,2.6462837142006137,3.9694255713009206,24.0,automatic
372.0,311.0,3.5682482323055424,40.0,1.1978046321169942,-3.530900372084034e-08,-3.777827650708332e-08,2.469272786242982e-09,2.469272786242982,24.69272786242982,3.5682482323055424,5.352372348458314,52.0,automatic
409.0,310.0,2.1850968611841584,15.0,1.446802115179039,-3.7112911854819686e-08,-3.797778802550056e-08,8.648761706808727e-10,0.8648761706808727,8.648761706808727,2.1850968611841584,3.2776452917762375,24.0,automatic
345.0,313.0,3.6125759969217834,41.0,1.1604344978565644,-3.525968494955123e-08,-3.723465447080798e-08,1.974969521256753e-09,1.974969521256753,19.74969521256753,3.6125759969217834,5.418863995382675,52.0,automatic
32.0,315.0,3.431831258788849,37.0,1.0472213761144606,-3.6283097415434895e-08,-3.747124388553402e-08,1.1881464700991273e-09,1.1881464700991273,11.881464700991273,3.431831258788849,5.147746888183273,52.0,automatic
192.0,319.0,5.322553886092406,89.0,0.686956284532782,-3.6813329273854833e-08,-3.8193215701198824e-08,1.3798864273439904e-09,1.3798864273439904,13.798864273439904,5.322553886092406,7.983830829138609,104.0,automatic
10.0,319.0,3.6125759969217834,41.0,1.1341635277474724,-3.5715583379669624e-08,-3.760659872398264e-08,1.8910153443130184e-09,1.8910153443130184,18.910153443130184,3.6125759969217834,5.418863995382675,52.0,automatic
236.0,317.0,3.0901936161855166,30.0,1.1032628324143605,-3.6493329247377915e-08,-3.828613337475417e-08,1.7928041273762574e-09,1.7928041273762574,17.928041273762574,3.0901936161855166,4.635290424278275,40.0,automatic
269.0,319.0,3.1915382432114616,32.0,1.0780241689052945,-3.69211754502885e-08,-3.818525406984463e-08,1.2640786195561304e-09,1.2640786195561304,12.640786195561304,3.1915382432114616,4.787307364817193,32.0,automatic
124.0,318.0,2.8209479177387813,25.0,1.2815656405965272,-3.709944706997703e-08,-3.834821704629121e-08,1.248769976314179e-09,1.248769976314179,12.48769976314179,2.8209479177387813,4.231421876608172,36.0,automatic
388.0,318.0,2.5231325220201604,20.0,1.2389643882700014,-3.7607744474144056e-08,-3.8214036379713434e-08,6.062919055693783e-10,0.6062919055693783,6.062919055693783,2.5231325220201604,3.7846987830302403,24.0,automatic
299.0,322.0,2.9316150714175193,27.0,1.248478017202216,-3.6233394951068476e-08,-3.8150004044723573e-08,1.9166090936550972e-09,1.9166090936550972,19.166090936550972,2.9316150714175193,4.397422607126279,36.0,automatic
100.0,323.0,2.6462837142006137,22.0,1.3175850953286932,-3.696376182915628e-08,-3.811926418961775e-08,1.155502360461469e-09,1.155502360461469,11.55502360461469,2.6462837142006137,3.9694255713009206,24.0,automatic
113.0,324.0,3.2897623212397704,34.0,1.1747318946999288,-3.5958361621624135e-08,-3.788594504783305e-08,1.927583426208912e-09,1.927583426208912,19.27583426208912,3.2897623212397704,4.934643481859656,32.0,automatic
407.0,324.0,3.656366395715726,42.0,1.1005023051819018,-3.516582225415732e-08,-3.7918292505878526e-08,2.7524702517212063e-09,2.7524702517212063,27.524702517212063,3.656366395715726,5.48454959357359,52.0,automatic
489.0,325.0,3.0382538898732494,29.0,1.1689103329366752,-3.760782263384499e-08,-3.8849556460718304e-08,1.2417338268733147e-09,1.2417338268733147,12.417338268733147,3.0382538898732494,4.557380834809874,40.0,automatic
154.0,327.0,3.385137501286538,36.0,1.1424264698803188,-3.751925703454617e-08,-3.875490151017402e-08,1.2356444756278506e-09,1.2356444756278506,12.356444756278506,3.385137501286538,5.077706251929807,44.0,automatic
452.0,324.0,2.763953195770684,24.0,1.3278012032165531,-3.7175798439648133e-08,-3.840739815075267e-08,1.2315997111045363e-09,1.2315997111045363,12.315997111045363,2.763953195770684,4.145929793656026,36.0,automatic
427.0,326.0,3.7846987830302403,45.0,1.179109612694895,-3.498284328884438e-08,-3.7759358306743707e-08,2.776515017899328e-09,2.776515017899328,27.76515017899328,3.7846987830302403,5.6770481745453605,56.0,automatic
328.0,330.0,1.7841241161527712,10.0,1.612290114395414,-3.83434510808911e-08,-3.901539713524471e-08,6.719460543536115e-10,0.6719460543536115,6.719460543536115,1.7841241161527712,2.7841241161527712,12.0,automatic
207.0,332.0,1.7841241161527712,10.0,1.612290114395414,-3.94926971125642e-08,-4.016287569186261e-08,6.701785792984083e-10,0.6701785792984083,6.701785792984083,1.7841241161527712,2.7841241161527712,12.0,automatic
86.0,337.0,2.876813695875796,26.0,1.1211451356615063,-3.691014072160215e-08,-3.801326542429706e-08,1.1031247026949131e-09,1.1031247026949131,11.031247026949131,2.876813695875796,4.315220543813694,36.0,automatic
306.0,338.0,3.2410224072142872,33.0,1.1401809566205188,-3.631540579362991e-08,-3.8153819659214605e-08,1.8384138655846982e-09,1.8384138655846982,18.384138655846982,3.2410224072142872,4.86153361082143,32.0,automatic
176.0,338.0,2.256758334191025,16.0,1.4796776500174416,-3.738944798215016e-08,-3.834664497048834e-08,9.571969883381826e-10,0.9571969883381826,9.571969883381826,2.256758334191025,3.385137501286538,16.0,automatic
501.0,339.0,2.876813695875796,26.0,1.2924583435681247,-3.7005779773835457e-08,-3.83480678323167e-08,1.3422880584812447e-09,1.3422880584812447,13.422880584812447,2.876813695875796,4.315220543813694,36.0,automatic
68.0,340.0,2.985410660720923,28.0,1.1286030800767899,-3.587730290632862e-08,-3.758282218768727e-08,1.7055192813586473e-09,1.7055192813586473,17.055192813586473,2.985410660720923,4.478115991081385,44.0,automatic
441.0,340.0,3.2897623212397704,34.0,1.0216752727288974,-3.710963270009415e-08,-3.790329472508347e-08,7.936620249893167e-10,0.7936620249893167,7.936620249893167,3.2897623212397704,4.934643481859656,32.0,automatic
226.0,342.0,2.326213245840639,17.0,1.4253075265915784,-3.7652142736988026e-08,-3.890764688208037e-08,1.2555041450923454e-09,1.2555041450923454,12.555041450923454,2.326213245840639,3.4893198687609583,16.0,automatic
342.0,341.0,2.876813695875796,26.0,1.3328282662203883,-3.6509323564359875e-08,-3.815225646519593e-08,1.6429329008360583e-09,1.6429329008360583,16.429329008360583,2.876813695875796,4.315220543813694,36.0,automatic
482.0,342.0,2.9316150714175193,27.0,1.1642661024177179,-3.673354953548369e-08,-3.834910522471091e-08,1.6155556892272216e-09,1.6155556892272216,16.155556892272216,2.9316150714175193,4.397422607126279,36.0,automatic
492.0,348.0,3.0382538898732494,29.0,1.1689103329366752,-3.659315339632485e-08,-3.828112937753758e-08,1.6879759812127304e-09,1.6879759812127304,16.879759812127304,3.0382538898732494,4.557380834809874,40.0,automatic
108.0,350.0,2.8209479177387813,25.0,1.242748407277043,-3.645099511118133e-08,-3.757456923381142e-08,1.1235741226300888e-09,1.1235741226300888,11.235741226300888,2.8209479177387813,4.231421876608172,36.0,automatic
359.0,350.0,2.7057581899030048,23.0,1.2324716784822323,-3.6981678164238474e-08,-3.815156368602857e-08,1.1698855217900928e-09,1.1698855217900928,11.698855217900928,2.7057581899030048,4.058637284854507,28.0,automatic
449.0,350.0,2.256758334191025,16.0,1.2898320915163308,-3.7421092002887235e-08,-3.829348749206929e-08,8.72395489182054e-10,0.872395489182054,8.72395489182054,2.256758334191025,3.385137501286538,16.0,automatic
124.0,355.0,2.985410660720923,28.0,1.2947179437652612,-3.6437558748048104e-08,-3.775659962457212e-08,1.3190408765240136e-09,1.3190408765240136,13.190408765240136,2.985410660720923,4.478115991081385,44.0,automatic
440.0,354.0,3.141274657157109,31.0,1.249524838656446,-3.6777134226895214e-08,-3.835923045869549e-08,1.5820962318002785e-09,1.5820962318002785,15.820962318002785,3.141274657157109,4.7119119857356635,40.0,automatic
82.0,356.0,2.8209479177387813,25.0,1.2815656405965272,-3.7005545294732656e-08,-3.7818123743704746e-08,8.1257844897209e-10,0.81257844897209,8.1257844897209,2.8209479177387813,4.231421876608172,36.0,automatic
477.0,356.0,2.6462837142006137,22.0,1.3628608270970017,-3.706017892568525e-08,-3.7899456017953526e-08,8.392770922682757e-10,0.8392770922682757,8.392770922682757,2.6462837142006137,3.9694255713009206,24.0,automatic
392.0,357.0,3.1915382432114616,32.0,1.2898320915163313,-3.5525342667597215e-08,-3.773384271710256e-08,2.2085000495053464e-09,2.2085000495053464,22.085000495053464,3.1915382432114616,4.787307364817193,32.0,automatic
465.0,358.0,3.0901936161855166,30.0,1.2092175857965604,-3.586643515518517e-08,-3.7695892629585614e-08,1.8294574744004422e-09,1.8294574744004422,18.29457474400442,3.0901936161855166,4.635290424278275,40.0,automatic
212.0,361.0,3.6125759969217834,41.0,1.1341635277474724,-3.636337808643475e-08,-3.790545477500018e-08,1.5420766885654302e-09,1.5420766885654302,15.420766885654302,3.6125759969217834,5.418863995382675,52.0,automatic
54.0,361.0,1.8712051592547776,11.0,1.4822832322447796,-3.863045350271932e-08,-3.9475594348914456e-08,8.45140846195136e-10,0.845140846195136,8.45140846195136,1.8712051592547776,2.8712051592547776,16.0,automatic
199.0,360.0,2.256758334191025,16.0,1.3962634015954636,-3.753955013507948e-08,-3.859949515572225e-08,1.0599450206427719e-09,1.0599450206427719,10.599450206427719,2.256758334191025,3.385137501286538,16.0,automatic
327.0,362.0,3.2897623212397704,34.0,0.8027002341753885,-3.7355640358782694e-08,-3.812045079598647e-08,7.648104372037778e-10,0.7648104372037778,7.648104372037778,3.2897623212397704,4.934643481859656,32.0,automatic
362.0,361.0,2.111004122822376,14.0,1.4353535174681107,-3.9023380082880976e-08,-3.984353114105943e-08,8.201510581784532e-10,0.8201510581784532,8.201510581784532,2.111004122822376,3.1665061842335644,24.0,automatic
25.0,362.0,3.431831258788849,37.0,1.1741605384881055,-3.6651577772772725e-08,-3.8322971462889655e-08,1.671393690116929e-09,1.671393690116929,16.71393690116929,3.431831258788849,5.147746888183273,52.0,automatic
289.0,363.0,2.9316150714175193,27.0,1.2860574036336336,-3.6717658247198415e-08,-3.810387383396119e-08,1.3862155867627735e-09,1.3862155867627735,13.862155867627735,2.9316150714175193,4.397422607126279,36.0,automatic
69.0,363.0,3.0901936161855166,30.0,1.293629002686353,-3.570424667032057e-08,-3.75631845628277e-08,1.8589378925071287e-09,1.8589378925071287,18.589378925071287,3.0901936161855166,4.635290424278275,40.0,automatic
422.0,365.0,3.2897623212397704,34.0,1.1747318946999288,-3.638460555066558e-08,-3.8484925468651454e-08,2.100319917985871e-09,2.100319917985871,21.00319917985871,3.2897623212397704,4.934643481859656,32.0,automatic
147.0,369.0,2.763953195770684,24.0,1.230303014972666,-3.756403543775377e-08,-3.900641942777838e-08,1.4423839900246094e-09,1.4423839900246094,14.423839900246094,2.763953195770684,4.145929793656026,36.0,automatic
182.0,369.0,2.8209479177387813,25.0,1.2815656405965272,-3.7046955725372754e-08,-3.821491212363526e-08,1.167956398262504e-09,1.167956398262504,11.67956398262504,2.8209479177387813,4.231421876608172,36.0,automatic
359.0,369.0,3.385137501286538,36.0,0.8812784350806397,-3.780300872335829e-08,-3.852151486682942e-08,7.185061434711315e-10,0.7185061434711315,7.185061434711315,3.385137501286538,5.077706251929807,44.0,automatic
283.0,370.0,3.3377905890622728,35.0,1.1790889347401654,-3.612732513147421e-08,-3.772943024671349e-08,1.6021051152392829e-09,1.602105115239283,16.02105115239283,3.3377905890622728,5.006685883593409,44.0,automatic
486.0,373.0,2.1850968611841584,15.0,1.446802115179039,-3.7264001662151713e-08,-3.787708280356128e-08,6.13081141409566e-10,0.613081141409566,6.13081141409566,2.1850968611841584,3.2776452917762375,24.0,automatic
108.0,374.0,3.0901936161855166,30.0,1.2092175857965597,-3.6250693113970556e-08,-3.7832167620877044e-08,1.5814745069064884e-09,1.5814745069064884,15.814745069064884,3.0901936161855166,4.635290424278275,40.0,automatic
160.0,374.0,2.7057581899030048,23.0,1.27247615308253,-3.786225022395229e-08,-3.917976343359442e-08,1.3175132096421294e-09,1.3175132096421294,13.175132096421294,2.7057581899030048,4.058637284854507,28.0,automatic
89.0,377.0,2.5231325220201604,20.0,1.347530211131618,-3.701992312699076e-08,-3.768954037752792e-08,6.696172505371578e-10,0.6696172505371578,6.696172505371578,2.5231325220201604,3.7846987830302403,24.0,automatic
248.0,378.0,3.9088200952233594,48.0,0.9864517666782945,-3.598327680265356e-08,-3.797624970047764e-08,1.9929728978240746e-09,1.9929728978240746,19.929728978240746,3.9088200952233594,5.8632301428350395,64.0,automatic
381.0,378.0,3.431831258788849,37.0,1.1346900731413607,-3.5706520407075004e-08,-3.7559797050334964e-08,1.8532766432599601e-09,1.85327664325996,18.5327664325996,3.431831258788849,5.147746888183273,52.0,automatic
69.0,382.0,3.1915382432114616,32.0,1.105630018541109,-3.6587067597793066e-08,-3.792878544572886e-08,1.3417178479357972e-09,1.3417178479357972,13.417178479357972,3.1915382432114616,4.787307364817193,32.0,automatic
471.0,382.0,2.9316150714175193,27.0,1.248478017202216,-3.727065589487211e-08,-3.8214748698806034e-08,9.44092803933927e-10,0.9440928039339269,9.44092803933927,2.9316150714175193,4.397422607126279,36.0,automatic
199.0,385.0,3.477898169151024,38.0,1.1379144005111443,-3.478647059296236e-08,-3.7613082426446454e-08,2.826611833484094e-09,2.826611833484094,28.26611833484094,3.477898169151024,5.216847253726536,52.0,automatic
358.0,384.0,2.8209479177387813,25.0,1.1907938922533645,-3.714041341140728e-08,-3.840955287159886e-08,1.2691394601915817e-09,1.2691394601915817,12.691394601915817,2.8209479177387813,4.231421876608172,36.0,automatic
90.0,386.0,4.222008245644752,56.0,0.8189480654984084,-3.709322626832545e-08,-3.819144822614362e-08,1.0982219578181684e-09,1.0982219578181684,10.982219578181684,4.222008245644752,6.333012368467129,72.0,automatic
126.0,387.0,1.692568750643269,9.0,1.6646373562696222,-3.8640742161533126e-08,-3.940823312120756e-08,7.674909596744328e-10,0.7674909596744328,7.674909596744328,1.692568750643269,2.692568750643269,12.0,automatic
446.0,388.0,3.3377905890622728,35.0,1.1106924012725319,-3.649635615943225e-08,-3.770020740034852e-08,1.203851240916265e-09,1.203851240916265,12.03851240916265,3.3377905890622728,5.006685883593409,44.0,automatic
269.0,389.0,2.5231325220201604,20.0,1.2389643882700017,-3.7984605683050177e-08,-3.889775967991227e-08,9.131539968620928e-10,0.9131539968620928,9.131539968620928,2.5231325220201604,3.7846987830302403,24.0,automatic
413.0,390.0,3.6125759969217834,41.0,1.134163527747472,-3.547251736790713e-08,-3.788276536909052e-08,2.4102480011833904e-09,2.4102480011833904,24.102480011833904,3.6125759969217834,5.418863995382675,52.0,automatic
9.0,392.0,3.141274657157109,31.0,1.249524838656446,-3.5567346401421673e-08,-3.726276887050517e-08,1.6954224690834963e-09,1.6954224690834963,16.954224690834963,3.141274657157109,4.7119119857356635,40.0,automatic
255.0,393.0,2.256758334191025,16.0,1.4796776500174416,-3.756105115826358e-08,-3.8264859725245515e-08,7.038085669819338e-10,0.7038085669819338,7.038085669819338,2.256758334191025,3.385137501286538,16.0,automatic
226.0,398.0,2.7057581899030048,23.0,1.314460457011912,-3.804257886486084e-08,-3.878234089427224e-08,7.397620294113949e-10,0.7397620294113949,7.397620294113949,2.7057581899030048,4.058637284854507,28.0,automatic
57.0,399.0,3.141274657157109,31.0,1.249524838656446,-3.5784648133585506e-08,-3.744359133861508e-08,1.6589432050295727e-09,1.6589432050295727,16.589432050295727,3.141274657157109,4.7119119857356635,40.0,automatic
272.0,398.0,3.477898169151024,38.0,0.8360187432326773,-3.7597615687445796e-08,-3.886678179298997e-08,1.2691661055441728e-09,1.2691661055441728,12.691661055441728,3.477898169151024,5.216847253726536,52.0,automatic
323.0,399.0,3.2897623212397704,34.0,1.1747318946999283,-3.618391275495014e-08,-3.823593175411588e-08,2.052018999165739e-09,2.052018999165739,20.52018999165739,3.2897623212397704,4.934643481859656,32.0,automatic
368.0,402.0,2.763953195770684,24.0,1.1097582375130814,-3.706935203240391e-08,-3.846527008022349e-08,1.3959180478195776e-09,1.3959180478195776,13.959180478195776,2.763953195770684,4.145929793656026,36.0,automatic
453.0,402.0,3.0901936161855166,30.0,1.1766561392189778,-3.66294941045453e-08,-3.826946048945956e-08,1.6399663849142598e-09,1.6399663849142598,16.3996638491426,3.0901936161855166,4.635290424278275,40.0,automatic
442.0,403.0,3.0901936161855166,30.0,1.293629002686353,-3.629451938991224e-08,-3.762482592151173e-08,1.33030653159949e-09,1.33030653159949,13.3030653159949,3.0901936161855166,4.635290424278275,40.0,automatic
99.0,404.0,3.385137501286538,36.0,0.9432876901559162,-3.688975169779951e-08,-3.862402486731753e-08,1.7342731695180191e-09,1.7342731695180191,17.34273169518019,3.385137501286538,5.077706251929807,44.0,automatic
413.0,405.0,2.9316150714175193,27.0,1.1642661024177179,-3.677567050885955e-08,-3.795977043807852e-08,1.1840999292189736e-09,1.1840999292189736,11.840999292189736,2.9316150714175193,4.397422607126279,36.0,automatic
484.0,405.0,3.0901936161855166,30.0,1.10326283241436,-3.598121622871986e-08,-3.762799316575638e-08,1.6467769370365204e-09,1.6467769370365204,16.467769370365204,3.0901936161855166,4.635290424278275,40.0,automatic
44.0,406.0,2.876813695875796,26.0,1.2022380906391712,-3.639447143655161e-08,-3.753244470772188e-08,1.1379732711702673e-09,1.1379732711702673,11.379732711702673,2.876813695875796,4.315220543813694,36.0,automatic
129.0,406.0,3.385137501286538,36.0,1.2438337708587477,-3.551549454527958e-08,-3.77529243422714e-08,2.237429796991819e-09,2.237429796991819,22.37429796991819,3.385137501286538,5.077706251929807,44.0,automatic
160.0,406.0,2.5854414729132054,21.0,1.2576948637228433,-3.659316050175221e-08,-3.8104412070083526e-08,1.5112515683313177e-09,1.5112515683313177,15.112515683313177,2.5854414729132054,3.8781622093698083,24.0,automatic
286.0,407.0,3.2897623212397704,34.0,1.1747318946999283,-3.73203121739607e-08,-3.893693900636208e-08,1.61662683240138e-09,1.61662683240138,16.1662683240138,3.2897623212397704,4.934643481859656,32.0,automatic
211.0,407.0,2.9316150714175193,27.0,1.2860574036336336,-3.645306989596975e-08,-3.79043960663239e-08,1.4513261703541502e-09,1.4513261703541502,14.513261703541502,2.9316150714175193,4.397422607126279,36.0,automatic
18.0,410.0,3.0901936161855166,30.0,1.2092175857965604,-3.582989194228503e-08,-3.761184608208623e-08,1.7819541398012007e-09,1.7819541398012007,17.819541398012007,3.0901936161855166,4.635290424278275,40.0,automatic
83.0,414.0,3.141274657157109,31.0,1.1400382601615053,-3.687723193479542e-08,-3.8218004760892654e-08,1.3407728260972362e-09,1.3407728260972362,13.407728260972362,3.141274657157109,4.7119119857356635,40.0,automatic
258.0,414.0,3.141274657157109,31.0,1.17056665736022,-3.6526856206364755e-08,-3.792106539890483e-08,1.3942091925400746e-09,1.3942091925400746,13.942091925400746,3.141274657157109,4.7119119857356635,40.0,automatic
176.0,416.0,3.656366395715726,42.0,1.1253002281794295,-3.7804735342206186e-08,-3.8463301876845435e-08,6.585665346392489e-10,0.6585665346392489,6.585665346392489,3.656366395715726,5.48454959357359,52.0,automatic
309.0,416.0,2.8209479177387813,25.0,1.2815656405965272,-3.735060616349983e-08,-3.809981663494e-08,7.492104714401648e-10,0.7492104714401648,7.492104714401648,2.8209479177387813,4.231421876608172,36.0,automatic
338.0,415.0,3.3377905890622728,35.0,1.2092828327793383,-3.8230972165820276e-08,-3.9287018083200564e-08,1.0560459173802883e-09,1.0560459173802883,10.560459173802883,3.3377905890622728,5.006685883593409,44.0,automatic
422.0,417.0,3.1915382432114616,32.0,1.105630018541109,-3.638109546955093e-08,-3.8105746114069916e-08,1.724650644518988e-09,1.724650644518988,17.24650644518988,3.1915382432114616,4.787307364817193,32.0,automatic
402.0,417.0,2.6462837142006137,22.0,1.217151102948507,-3.751529220608063e-08,-3.845147489300871e-08,9.361826869280776e-10,0.9361826869280776,9.361826869280776,2.6462837142006137,3.9694255713009206,24.0,automatic
47.0,420.0,2.9316150714175193,27.0,1.1142825661060844,-3.699884132402076e-08,-3.778932011755387e-08,7.904787935331115e-10,0.7904787935331115,7.904787935331115,2.9316150714175193,4.397422607126279,36.0,automatic
244.0,419.0,3.0901936161855166,30.0,1.293629002686353,-3.5974800027815945e-08,-3.7712442946258307e-08,1.7376429184423614e-09,1.7376429184423614,17.376429184423614,3.0901936161855166,4.635290424278275,40.0,automatic
370.0,419.0,2.9316150714175193,27.0,1.248478017202216,-3.742780307902649e-08,-3.8344529329492616e-08,9.167262504661267e-10,0.9167262504661267,9.167262504661267,2.9316150714175193,4.397422607126279,36.0,automatic
163.0,420.0,2.326213245840639,17.0,1.298111396050648,-3.727775776951603e-08,-3.802417047893414e-08,7.464127094181094e-10,0.7464127094181094,7.464127094181094,2.326213245840639,3.4893198687609583,16.0,automatic
319.0,420.0,3.2410224072142872,33.0,1.2135891156557967,-3.679503990383637e-08,-3.820644423058184e-08,1.411404326745469e-09,1.411404326745469,14.11404326745469,3.2410224072142872,4.86153361082143,32.0,automatic
385.0,422.0,3.141274657157109,31.0,1.249524838656446,-3.651372537660791e-08,-3.8005431690635305e-08,1.4917063140273967e-09,1.4917063140273967,14.917063140273967,3.141274657157109,4.7119119857356635,40.0,automatic
141.0,423.0,2.393653682408596,18.0,1.3744708899359803,-3.710552931579514e-08,-3.776174928304954e-08,6.562199672544011e-10,0.6562199672544011,6.562199672544011,2.393653682408596,3.590480523612894,16.0,automatic
79.0,426.0,2.763953195770684,24.0,1.1930384709859612,-3.6570810379998875e-08,-3.76688138459258e-08,1.0980034659269222e-09,1.0980034659269222,10.980034659269222,2.763953195770684,4.145929793656026,36.0,automatic
448.0,427.0,3.523362819972964,39.0,1.1678595163140688,-3.528547054543196e-08,-3.7741768821319965e-08,2.4562982758880025e-09,2.4562982758880025,24.562982758880025,3.523362819972964,5.285044229959446,52.0,automatic
225.0,428.0,3.385137501286538,36.0,1.1708043566345163,-3.6275963566367864e-08,-3.782924906658991e-08,1.5532855002220458e-09,1.5532855002220458,15.532855002220458,3.385137501286538,5.077706251929807,44.0,automatic
471.0,433.0,3.5682482323055424,40.0,1.1978046321169937,-3.550731975110466e-08,-3.7670954355917274e-08,2.1636346048126143e-09,2.1636346048126143,21.636346048126143,3.5682482323055424,5.352372348458314,52.0,automatic
200.0,433.0,2.4592453796829674,19.0,1.1770161688565015,-3.7472897673751504e-08,-3.8119255307833555e-08,6.463576340820509e-10,0.6463576340820509,6.463576340820509,2.4592453796829674,3.6888680695244513,24.0,automatic
345.0,433.0,3.0382538898732494,29.0,1.2505080359301415,-3.759176081530313e-08,-3.932313497045925e-08,1.731374155156118e-09,1.731374155156118,17.31374155156118,3.0382538898732494,4.557380834809874,40.0,automatic
98.0,434.0,3.431831258788849,37.0,1.1741605384881053,-3.609735088616617e-08,-3.77693307740401e-08,1.6719798878739311e-09,1.6719798878739311,16.71979887873931,3.431831258788849,5.147746888183273,52.0,automatic
289.0,435.0,3.1915382432114616,32.0,1.105630018541109,-3.752726129846451e-08,-3.9328753587142273e-08,1.801492288677764e-09,1.801492288677764,18.01492288677764,3.1915382432114616,4.787307364817193,32.0,automatic
54.0,435.0,2.7057581899030048,23.0,1.314460457011912,-3.78690181435104e-08,-3.904116141484337e-08,1.1721432713329705e-09,1.1721432713329705,11.721432713329705,2.7057581899030048,4.058637284854507,28.0,automatic
211.0,437.0,2.5854414729132054,21.0,1.2576948637228433,-3.685587657287215e-08,-3.8070147923008335e-08,1.2142713501361868e-09,1.2142713501361868,12.142713501361868,2.5854414729132054,3.8781622093698083,24.0,automatic
30.0,438.0,2.763953195770684,24.0,1.3278012032165531,-3.615412680346708e-08,-3.765088862905941e-08,1.4967618255923298e-09,1.4967618255923298,14.967618255923298,2.763953195770684,4.145929793656026,36.0,automatic
182.0,438.0,2.763953195770684,24.0,1.2860574036336336,-3.825163474857618e-08,-3.9461234280224744e-08,1.2095995316485642e-09,1.2095995316485642,12.095995316485642,2.763953195770684,4.145929793656026,36.0,automatic
261.0,442.0,3.431831258788849,37.0,1.1741605384881055,-3.672006698707264e-08,-3.842872509096651e-08,1.7086581038938675e-09,1.7086581038938675,17.086581038938675,3.431831258788849,5.147746888183273,52.0,automatic
384.0,440.0,2.8209479177387813,25.0,1.155998164076126,-3.7555526688493046e-08,-3.845125462476062e-08,8.957279362675763e-10,0.8957279362675763,8.957279362675763,2.8209479177387813,4.231421876608172,36.0,automatic
133.0,446.0,3.5682482323055424,40.0,1.1065010026804611,-3.73318087554253e-08,-3.883621957356809e-08,1.5044108181427873e-09,1.5044108181427873,15.044108181427873,3.5682482323055424,5.352372348458314,52.0,automatic
222.0,444.0,3.523362819972964,39.0,1.1038279369855124,-3.57266145556423e-08,-3.772286305547823e-08,1.9962484998359287e-09,1.9962484998359287,19.962484998359287,3.523362819972964,5.285044229959446,52.0,automatic
6.0,445.0,3.431831258788849,37.0,1.1079692847082196,-3.509829582526436e-08,-3.6769192135466255e-08,1.670896310201897e-09,1.670896310201897,16.70896310201897,3.431831258788849,5.147746888183273,52.0,automatic
329.0,448.0,3.141274657157109,31.0,1.249524838656446,-3.573710216642212e-08,-3.816906612996718e-08,2.4319639635450585e-09,2.4319639635450585,24.319639635450585,3.141274657157109,4.7119119857356635,40.0,automatic
367.0,450.0,2.763953195770684,24.0,1.230303014972666,-3.749906340999587e-08,-3.885451604901391e-08,1.35545263901804e-09,1.35545263901804,13.5545263901804,2.763953195770684,4.145929793656026,36.0,automatic
124.0,452.0,2.256758334191025,16.0,1.4796776500174416,-3.878669474488561e-08,-3.969739559295249e-08,9.10700848066881e-10,0.910700848066881,9.10700848066881,2.256758334191025,3.385137501286538,16.0,automatic
158.0,453.0,3.3377905890622728,35.0,1.1790889347401659,-3.547473781395638e-08,-3.751772759130745e-08,2.0429897773510675e-09,2.0429897773510675,20.429897773510675,3.3377905890622728,5.006685883593409,44.0,automatic
276.0,455.0,2.7057581899030048,23.0,1.314460457011912,-3.7134359587298604e-08,-3.8052672124422315e-08,9.183125371237111e-10,0.9183125371237111,9.18312537123711,2.7057581899030048,4.058637284854507,28.0,automatic
400.0,453.0,2.256758334191025,16.0,1.4796776500174416,-3.7940388608603826e-08,-3.904972345480928e-08,1.1093348462054564e-09,1.1093348462054564,11.093348462054564,2.256758334191025,3.385137501286538,16.0,automatic
419.0,453.0,3.477898169151024,38.0,1.1379144005111443,-3.5710844059622104e-08,-3.794016834035574e-08,2.2293242807336355e-09,2.2293242807336355,22.293242807336355,3.477898169151024,5.216847253726536,52.0,automatic
237.0,456.0,4.652426491681278,68.0,0.7699682446671564,-3.654333369240703e-08,-3.8594336615460634e-08,2.051002923053602e-09,2.051002923053602,20.51002923053602,4.652426491681278,6.978639737521917,76.0,automatic
286.0,456.0,3.1915382432114616,32.0,1.0780241689052945,-3.604885279173686e-08,-3.8091739540391245e-08,2.0428867486543822e-09,2.0428867486543822,20.428867486543822,3.1915382432114616,4.787307364817193,32.0,automatic
302.0,455.0,2.9316150714175193,27.0,1.2860574036336336,-3.655892655274329e-08,-3.8114068345862506e-08,1.555141793119219e-09,1.555141793119219,15.55141793119219,2.9316150714175193,4.397422607126279,36.0,automatic
313.0,456.0,2.7057581899030048,23.0,1.27247615308253,-3.685904559347364e-08,-3.7906032090972985e-08,1.046986497499347e-09,1.046986497499347,10.46986497499347,2.7057581899030048,4.058637284854507,28.0,automatic
349.0,459.0,5.046265044040321,80.0,0.5444497069821238,-3.7761260784918704e-08,-3.864242792417372e-08,8.811671392550124e-10,0.8811671392550124,8.811671392550124,5.046265044040321,7.569397566060481,96.0,automatic
409.0,461.0,3.742410318509555,44.0,0.9042474527884365,-3.753567057174223e-08,-3.840829521095657e-08,8.726246392143366e-10,0.8726246392143366,8.726246392143366,3.742410318509555,5.613615477764332,52.0,automatic
57.0,460.0,2.9316150714175193,27.0,1.248478017202216,-3.7138946140657936e-08,-3.830076167332663e-08,1.1618155326686974e-09,1.1618155326686974,11.618155326686974,2.9316150714175193,4.397422607126279,36.0,automatic
172.0,460.0,3.0901936161855166,30.0,1.293629002686353,-3.663207337467611e-08,-3.7948947095856056e-08,1.3168737211799453e-09,1.3168737211799453,13.168737211799453,3.0901936161855166,4.635290424278275,40.0,automatic
142.0,462.0,2.763953195770684,24.0,1.230303014972666,-3.705579842971929e-08,-3.78350826224505e-08,7.792841927312111e-10,0.7792841927312111,7.792841927312111,2.763953195770684,4.145929793656026,36.0,automatic
123.0,467.0,2.763953195770684,24.0,1.3278012032165531,-3.8063689089540276e-08,-3.897825884280337e-08,9.145697532630948e-10,0.9145697532630948,9.145697532630948,2.763953195770684,4.145929793656026,36.0,automatic
367.0,468.0,3.385137501286538,36.0,1.1424264698803188,-3.697460471130398e-08,-3.849364915708975e-08,1.5190444457857666e-09,1.5190444457857666,15.190444457857666,3.385137501286538,5.077706251929807,44.0,automatic
441.0,467.0,2.876813695875796,26.0,1.2384256479434992,-3.6485037213651594e-08,-3.7950696807342865e-08,1.4656595936912709e-09,1.4656595936912709,14.656595936912709,2.876813695875796,4.315220543813694,36.0,automatic
8.0,469.0,3.0382538898732494,29.0,1.2505080359301415,-3.586909969044427e-08,-3.738453813184606e-08,1.515438441401784e-09,1.515438441401784,15.15438441401784,3.0382538898732494,4.557380834809874,40.0,automatic
426.0,469.0,3.385137501286538,36.0,1.1424264698803188,-3.613108390254638e-08,-3.8319591055824276e-08,2.1885071532778966e-09,2.1885071532778966,21.885071532778966,3.385137501286538,5.077706251929807,44.0,automatic
213.0,470.0,2.6462837142006137,22.0,1.1277777637249438,-3.744488807910784e-08,-3.8521886125408855e-08,1.0769980463010143e-09,1.0769980463010143,10.769980463010143,2.6462837142006137,3.9694255713009206,24.0,automatic
383.0,470.0,2.8209479177387813,25.0,1.242748407277043,-3.742919574278858e-08,-3.877914522831816e-08,1.349949485529578e-09,1.349949485529578,13.49949485529578,2.8209479177387813,4.231421876608172,36.0,automatic
93.0,472.0,3.3377905890622728,35.0,1.2092828327793383,-3.584944252565947e-08,-3.768203704623829e-08,1.832594520578823e-09,1.832594520578823,18.32594520578823,3.3377905890622728,5.006685883593409,44.0,automatic
308.0,471.0,2.763953195770684,24.0,1.3278012032165531,-3.681453364379195e-08,-3.816174043436149e-08,1.347206790569544e-09,1.347206790569544,13.47206790569544,2.763953195770684,4.145929793656026,36.0,automatic
494.0,472.0,2.8209479177387813,25.0,1.2815656405965272,-3.606082543683442e-08,-3.724980324193439e-08,1.1889778050999666e-09,1.1889778050999666,11.889778050999666,2.8209479177387813,4.231421876608172,36.0,automatic
70.0,475.0,3.8678889139475245,47.0,0.8804914272545585,-3.597537912014559e-08,-3.7608337777328416e-08,1.6329586571828258e-09,1.6329586571828258,16.32958657182826,3.8678889139475245,5.801833370921287,56.0,automatic
37.0,475.0,3.141274657157109,31.0,1.1400382601615053,-3.68595713950981e-08,-3.8421804404720206e-08,1.5622330096221049e-09,1.5622330096221049,15.622330096221049,3.141274657157109,4.7119119857356635,40.0,automatic
240.0,474.0,2.6462837142006137,22.0,1.3628608270970017,-3.673920190294666e-08,-3.8125175905179276e-08,1.385974002232615e-09,1.385974002232615,13.85974002232615,2.6462837142006137,3.9694255713009206,24.0,automatic
186.0,477.0,3.7846987830302403,45.0,0.9900221959334338,-3.667463133183446e-08,-3.830580475039369e-08,1.6311734185592286e-09,1.6311734185592286,16.311734185592286,3.7846987830302403,5.6770481745453605,56.0,automatic
269.0,480.0,3.2410224072142872,33.0,1.2135891156557967,-3.5713654256142036e-08,-3.819704019747405e-08,2.483385941332017e-09,2.483385941332017,24.83385941332017,3.2410224072142872,4.86153361082143,32.0,automatic
332.0,481.0,3.0382538898732494,29.0,1.137434267911678,-3.6202621345182706e-08,-3.805524073641209e-08,1.852619391229382e-09,1.852619391229382,18.52619391229382,3.0382538898732494,4.557380834809874,40.0,automatic
139.0,484.0,3.3377905890622728,35.0,1.1106924012725323,-3.683997107373216e-08,-3.822844618639465e-08,1.3884751126624906e-09,1.3884751126624906,13.884751126624906,3.3377905890622728,5.006685883593409,44.0,automatic
459.0,483.0,3.431831258788849,37.0,1.1741605384881055,-3.566136896893113e-08,-3.754775512732067e-08,1.8863861583895414e-09,1.8863861583895414,18.863861583895414,3.431831258788849,5.147746888183273,52.0,automatic
9.0,484.0,3.1915382432114616,32.0,1.2083268721137757,-3.592109365513352e-08,-3.795123681982204e-08,2.030143164688525e-09,2.030143164688525,20.30143164688525,3.1915382432114616,4.787307364817193,32.0,automatic
472.0,486.0,3.0382538898732494,29.0,1.2505080359301415,-3.620235133894312e-08,-3.790740699116668e-08,1.7050556522235638e-09,1.7050556522235638,17.050556522235638,3.0382538898732494,4.557380834809874,40.0,automatic
352.0,487.0,3.3377905890622728,35.0,1.2092828327793383,-3.6975571049424616e-08,-3.8404543545311753e-08,1.4289724958871375e-09,1.4289724958871375,14.289724958871375,3.3377905890622728,5.006685883593409,44.0,automatic
235.0,491.0,2.9316150714175193,27.0,1.2860574036336336,-3.632577261214465e-08,-3.8127337731452826e-08,1.8015651193081794e-09,1.8015651193081794,18.015651193081794,2.9316150714175193,4.397422607126279,36.0,automatic
29.0,490.0,2.763953195770684,24.0,1.3278012032165531,-3.6487875831880956e-08,-3.7799825491902084e-08,1.3119496600211278e-09,1.3119496600211278,13.119496600211278,2.763953195770684,4.145929793656026,36.0,automatic
247.0,492.0,2.9316150714175193,27.0,1.1642661024177179,-3.656501235127507e-08,-3.80088849283311e-08,1.4438725770560268e-09,1.4438725770560268,14.438725770560268,2.9316150714175193,4.397422607126279,36.0,automatic
316.0,491.0,2.6462837142006137,22.0,1.3628608270970017,-3.6639999478893515e-08,-3.838412432344285e-08,1.744124844549333e-09,1.744124844549333,17.44124844549333,2.6462837142006137,3.9694255713009206,24.0,automatic
58.0,492.0,3.7846987830302403,45.0,0.7283442058605836,-3.712025176128009e-08,-3.790385250113104e-08,7.836007398509537e-10,0.7836007398509537,7.836007398509537,3.7846987830302403,5.6770481745453605,56.0,automatic
157.0,495.0,4.068428945128219,52.0,0.7785730108760461,-3.718096053262343e-08,-3.849592644655786e-08,1.3149659139344294e-09,1.3149659139344294,13.149659139344294,4.068428945128219,6.102643417692329,72.0,automatic
284.0,495.0,3.0382538898732494,29.0,1.2505080359301415,-3.702539785876979e-08,-3.911383217314324e-08,2.088434314373444e-09,2.088434314373444,20.88434314373444,3.0382538898732494,4.557380834809874,40.0,automatic
377.0,495.0,3.1915382432114616,32.0,1.1768136879086508,-3.709709162080799e-08,-3.83406106863049e-08,1.243519065496912e-09,1.243519065496912,12.43519065496912,3.1915382432114616,4.787307364817193,32.0,automatic
448.0,495.0,2.8209479177387813,25.0,1.155998164076126,-3.681920190956589e-08,-3.7770824690142035e-08,9.516227805761446e-10,0.9516227805761446,9.516227805761446,2.8209479177387813,4.231421876608172,36.0,automatic
429.0,497.0,3.6996385101659595,43.0,1.126704741019566,-3.5582889523766426e-08,-3.7809392949839093e-08,2.226503426072668e-09,2.226503426072668,22.26503426072668,3.6996385101659595,5.549457765248939,52.0,automatic
113.0,497.0,2.985410660720923,28.0,1.2073870691739297,-3.714973573210045e-08,-3.805081760788198e-08,9.010818757815287e-10,0.9010818757815287,9.010818757815287,2.985410660720923,4.478115991081385,44.0,automatic
352.0,497.0,2.985410660720923,28.0,1.2424554991254615,-3.7388335982768695e-08,-3.863865494224683e-08,1.250318959478136e-09,1.250318959478136,12.503189594781361,2.985410660720923,4.478115991081385,44.0,automatic
394.0,500.0,3.826519928662906,46.0,0.8617575671002061,-3.6966365968282844e-08,-3.7839861022348487e-08,8.734950540656428e-10,0.8734950540656428,8.734950540656428,3.826519928662906,5.739779892994359,56.0,automatic
28.0,500.0,3.0382538898732494,29.0,1.1689103329366752,-3.554513483550181e-08,-3.7319002998970063e-08,1.7738681634682507e-09,1.7738681634682507,17.738681634682507,3.0382538898732494,4.557380834809874,40.0,automatic
202.0,499.0,2.393653682408596,18.0,1.2127771900184563,-3.810155746464261e-08,-3.891612010420431e-08,8.145626395617001e-10,0.8145626395617,8.145626395617,2.393653682408596,3.590480523612894,16.0,automatic
63.0,501.0,1.8712051592547776,11.0,1.5596762428619324,-3.7589892087908083e-08,-3.857612362878626e-08,9.862315408781797e-10,0.9862315408781797,9.862315408781797,1.8712051592547776,2.8712051592547776,16.0,automatic
491.0,505.0,2.9316150714175193,27.0,1.2860574036336336,-3.6105269884956215e-08,-3.758293765088183e-08,1.4776677659256165e-09,1.4776677659256165,14.776677659256165,2.9316150714175193,4.397422607126279,36.0,automatic
185.0,509.0,2.6462837142006137,22.0,1.3628608270970017,-3.699761919051525e-08,-3.793948977204309e-08,9.418705815278372e-10,0.9418705815278372,9.418705815278372,2.6462837142006137,3.9694255713009206,19.0,automatic
96.0,509.0,2.4592453796829674,19.0,1.2801537005750367,-3.7414487508158345e-08,-3.851929619713701e-08,1.1048086889786646e-09,1.1048086889786646,11.048086889786646,2.4592453796829674,3.6888680695244513,19.0,automatic
166.0,511.0,2.7057581899030048,23.0,1.1790403893488046,-3.550708527200186e-08,-3.72132760162458e-08,1.7061907442439406e-09,1.7061907442439406,17.061907442439406,2.7057581899030048,4.058637284854507,16.0,automatic
506.0,510.0,2.4592453796829674,19.0,1.1770161688565015,-3.635357970210862e-08,-3.745667243038042e-08,1.103092728271804e-09,1.103092728271804,11.03092728271804,2.4592453796829674,3.6888680695244513,15.0,automatic
116.0,436.0,3.0901936161855166,29.0,1.0,-3.7369975558476654e-08,-3.841125639780785e-08,1.0412808393311934e-09,1.0412808393311934,10.412808393311934,3.0901936161855166,4.635290424278275,40.0,false_negative
139.0,383.0,3.0901936161855166,29.0,1.0,-3.65276697777972e-08,-3.791698510724473e-08,1.3893153294475269e-09,1.389315329447527,13.893153294475269,3.0901936161855166,4.635290424278275,40.0,false_negative
143.0,342.0,3.0901936161855166,29.0,1.0,-3.670633574870408e-08,-3.806312243170851e-08,1.3567866830044295e-09,1.3567866830044295,13.567866830044295,3.0901936161855166,4.635290424278275,40.0,false_negative
164.0,350.0,3.0901936161855166,29.0,1.0,-3.601176956635754e-08,-3.7709162015175934e-08,1.6973924488183911e-09,1.6973924488183911,16.97392448818391,3.0901936161855166,4.635290424278275,40.0,false_negative
181.0,314.0,3.0901936161855166,29.0,1.0,-3.591925690216158e-08,-3.812809801218009e-08,2.2088411100185112e-09,2.2088411100185112,22.088411100185112,3.0901936161855166,4.635290424278275,40.0,false_negative
194.0,344.0,3.0901936161855166,29.0,1.0,-3.8350396636133155e-08,-3.9163570164646444e-08,8.131735285132891e-10,0.8131735285132891,8.13173528513289,3.0901936161855166,4.635290424278275,40.0,false_negative
175.0,398.0,3.0901936161855166,29.0,1.0,-3.690301397796247e-08,-3.8100182564448914e-08,1.1971685864864412e-09,1.1971685864864412,11.971685864864412,3.0901936161855166,4.635290424278275,40.0,false_negative
284.0,385.0,3.0901936161855166,29.0,1.0,-3.684008831328356e-08,-3.780194646196833e-08,9.618581486847688e-10,0.9618581486847688,9.618581486847688,3.0901936161855166,4.635290424278275,40.0,false_negative
295.0,380.0,3.0901936161855166,29.0,1.0,-3.752252197841699e-08,-3.770431256100437e-08,1.8179058258738223e-10,0.18179058258738223,1.8179058258738223,3.0901936161855166,4.635290424278275,40.0,false_negative
349.0,388.0,3.0901936161855166,29.0,1.0,-3.681956783907481e-08,-3.828273698047724e-08,1.4631691414024317e-09,1.4631691414024317,14.631691414024317,3.0901936161855166,4.635290424278275,40.0,false_negative
406.0,359.0,3.0901936161855166,29.0,1.0,-3.787787150599797e-08,-3.841351947642124e-08,5.356479704232697e-10,0.5356479704232697,5.356479704232697,3.0901936161855166,4.635290424278275,40.0,false_negative
482.0,458.0,3.0901936161855166,29.0,1.0,-3.728158048943442e-08,-3.808616533262921e-08,8.045848431947888e-10,0.8045848431947888,8.045848431947888,3.0901936161855166,4.635290424278275,40.0,false_negative
317.0,511.0,3.0901936161855166,18.0,1.0,-3.763427258718366e-08,-3.846824014885897e-08,8.339675616753084e-10,0.8339675616753084,8.339675616753084,3.0901936161855166,4.635290424278275,21.0,false_negative
305.0,509.0,3.0901936161855166,28.0,1.0,-3.7687481579951054e-08,-3.918810875802592e-08,1.5006271780748648e-09,1.5006271780748648,15.006271780748648,3.0901936161855166,4.635290424278275,29.0,false_negative
100.0,228.0,3.0901936161855166,29.0,1.0,-3.670433557090291e-08,-3.8128671775439216e-08,1.4243362045363028e-09,1.4243362045363028,14.243362045363028,3.0901936161855166,4.635290424278275,40.0,false_negative
108.0,256.0,3.0901936161855166,29.0,1.0,-3.750208676933653e-08,-3.818226268492708e-08,6.801759155905529e-10,0.6801759155905529,6.801759155905529,3.0901936161855166,4.635290424278275,40.0,false_negative
81.0,164.0,3.0901936161855166,29.0,1.0,-3.661125091980466e-08,-3.825492100872907e-08,1.6436700889244094e-09,1.6436700889244094,16.436700889244094,3.0901936161855166,4.635290424278275,40.0,false_negative
55.0,172.0,3.0901936161855166,29.0,1.0,-3.7184442192028655e-08,-3.798806602617333e-08,8.036238341446733e-10,0.8036238341446733,8.036238341446733,3.0901936161855166,4.635290424278275,40.0,false_negative
34.0,66.0,3.0901936161855166,29.0,1.0,-3.681377691577836e-08,-3.923844893449768e-08,2.4246720187193205e-09,2.4246720187193205,24.246720187193205,3.0901936161855166,4.635290424278275,40.0,false_negative
14.0,87.0,3.0901936161855166,29.0,1.0,-3.8339290853173225e-08,-3.865677733472239e-08,3.1748648154916737e-10,0.31748648154916737,3.1748648154916737,3.0901936161855166,4.635290424278275,40.0,false_negative
11.0,68.0,3.0901936161855166,29.0,1.0,-3.6765072763955686e-08,-3.8081427788938527e-08,1.3163550249828404e-09,1.3163550249828404,13.163550249828404,3.0901936161855166,4.635290424278275,40.0,false_negative
11.0,48.0,3.0901936161855166,29.0,1.0,-3.784412072604937e-08,-3.801806336412028e-08,1.7394263807091193e-10,0.17394263807091193,1.7394263807091193,3.0901936161855166,4.635290424278275,40.0,false_negative
427.0,0.0,3.0901936161855166,18.0,1.0,-3.595796727040579e-08,-3.852996144360077e-08,2.5719941731949802e-09,2.5719941731949802,25.719941731949802,3.0901936161855166,4.635290424278275,21.0,false_negative
272.0,339.0,3.0901936161855166,29.0,1.0,-3.6864502561684276e-08,-3.777771873103575e-08,9.132161693514718e-10,0.9132161693514718,9.132161693514718,3.0901936161855166,4.635290424278275,40.0,false_negative
323.0,386.0,3.0901936161855166,29.0,1.0,-3.793219960357419e-08,-3.8565985960303806e-08,6.337863567296154e-10,0.6337863567296154,6.337863567296154,3.0901936161855166,4.635290424278275,40.0,false_negative
346.0,365.0,3.0901936161855166,29.0,1.0,-3.7357146709382505e-08,-3.8233642030149895e-08,8.764953207673898e-10,0.8764953207673898,8.764953207673898,3.0901936161855166,4.635290424278275,40.0,false_negative
347.0,355.0,3.0901936161855166,29.0,1.0,-3.742403720252696e-08,-3.811341287018877e-08,6.893756676618068e-10,0.6893756676618068,6.893756676618068,3.0901936161855166,4.635290424278275,40.0,false_negative
154.0,235.0,3.0901936161855166,29.0,1.0,-3.828870731581446e-08,-3.879513776894328e-08,5.064304531288144e-10,0.5064304531288144,5.064304531288144,3.0901936161855166,4.635290424278275,40.0,false_negative
164.0,229.0,3.0901936161855166,29.0,1.0,-3.823438987637928e-08,-3.862574615709491e-08,3.913562807156268e-10,0.3913562807156268,3.913562807156268,3.0901936161855166,4.635290424278275,40.0,false_negative
17.0,356.0,3.0901936161855166,29.0,1.0,-3.656996483414332e-08,-3.827864247796242e-08,1.708677643819101e-09,1.708677643819101,17.08677643819101,3.0901936161855166,4.635290424278275,40.0,false_negative
22.0,337.0,3.0901936161855166,29.0,1.0,-3.672927917364177e-08,-3.836270145995968e-08,1.6334222863179093e-09,1.6334222863179093,16.334222863179093,3.0901936161855166,4.635290424278275,40.0,false_negative
45.0,325.0,3.0901936161855166,29.0,1.0,-3.753934052497243e-08,-3.8038930227912715e-08,4.99589702940284e-10,0.49958970294028404,4.99589702940284,3.0901936161855166,4.635290424278275,40.0,false_negative
51.0,345.0,3.0901936161855166,29.0,1.0,-3.7591046719853694e-08,-3.8289615034159397e-08,6.985683143057031e-10,0.6985683143057031,6.985683143057031,3.0901936161855166,4.635290424278275,40.0,false_negative
93.0,360.0,3.0901936161855166,29.0,1.0,-3.762336220347606e-08,-3.811988946722522e-08,4.96527263749158e-10,0.496527263749158,4.96527263749158,3.0901936161855166,4.635290424278275,40.0,false_negative
203.0,475.0,3.0901936161855166,29.0,1.0,-3.6917910506417684e-08,-3.8370124855191534e-08,1.4522143487738504e-09,1.4522143487738504,14.522143487738504,3.0901936161855166,4.635290424278275,40.0,false_negative
199.0,489.0,3.0901936161855166,29.0,1.0,-3.8443275229838036e-08,-3.917270419151464e-08,7.294289616766036e-10,0.7294289616766036,7.2942896167660365,3.0901936161855166,4.635290424278275,40.0,false_negative
32.0,385.0,3.0901936161855166,29.0,1.0,-3.826347594326762e-08,-3.930939662666333e-08,1.0459206833957069e-09,1.0459206833957069,10.459206833957069,3.0901936161855166,4.635290424278275,40.0,false_negative
505.0,391.0,3.0901936161855166,29.0,1.0,-3.540182191841268e-08,-3.755457278487029e-08,2.152750866457609e-09,2.152750866457609,21.52750866457609,3.0901936161855166,4.635290424278275,40.0,false_negative
501.0,382.0,3.0901936161855166,29.0,1.0,-3.608867160664886e-08,-3.738028908628621e-08,1.2916174796373525e-09,1.2916174796373525,12.916174796373525,3.0901936161855166,4.635290424278275,40.0,false_negative
