cx,cy,r,area,circularity,peak_value_m,local_background_m,local_height_m,local_height_nm,local_height_A,background_inner_radius_px,background_outer_radius_px,background_pixel_count,manual_status
31.0,2.0,2.393653682408596,18.0,1.3239153988972323,-3.987386065773535e-08,-4.1374782711045555e-08,1.5009220533102052e-09,1.5009220533102052,15.009220533102052,2.393653682408596,3.590480523612894,13.0,automatic
239.0,0.0,2.5854414729132054,21.0,1.3009126076835016,-3.9684728392330726e-08,-4.1069153411399384e-08,1.384425019068658e-09,1.384425019068658,13.84425019068658,2.5854414729132054,3.8781622093698083,13.0,automatic
346.0,1.0,3.141274657157109,31.0,1.249524838656446,-3.929795866497443e-08,-4.1592265631607006e-08,2.2943069666325755e-09,2.2943069666325755,22.943069666325755,3.141274657157109,4.7119119857356635,25.0,automatic
442.0,2.0,2.8209479177387813,25.0,1.1907938922533645,-3.9658907269313204e-08,-4.14405274540286e-08,1.7816201847153934e-09,1.7816201847153934,17.816201847153934,2.8209479177387813,4.231421876608172,28.0,automatic
408.0,4.0,2.876813695875796,26.0,1.1211451356615063,-4.00908071185313e-08,-4.187024593704791e-08,1.77943881851661e-09,1.77943881851661,17.7943881851661,2.876813695875796,4.315220543813694,36.0,automatic
166.0,4.0,2.7057581899030048,23.0,1.1790403893488048,-4.039779710751645e-08,-4.2132452193754943e-08,1.7346550862384902e-09,1.7346550862384902,17.346550862384902,2.7057581899030048,4.058637284854507,28.0,automatic
390.0,4.0,2.876813695875796,26.0,1.0479885743570188,-4.0319331873206465e-08,-4.168363076928472e-08,1.3642988960782532e-09,1.3642988960782532,13.642988960782532,2.876813695875796,4.315220543813694,36.0,automatic
282.0,3.0,2.763953195770684,24.0,1.269341157978135,-4.07145748226867e-08,-4.209842430213939e-08,1.3838494794526923e-09,1.3838494794526923,13.838494794526923,2.763953195770684,4.145929793656026,33.0,automatic
109.0,7.0,2.393653682408596,18.0,1.2127771900184563,-4.077623572129596e-08,-4.190363256384444e-08,1.1273968425484782e-09,1.1273968425484782,11.273968425484782,2.393653682408596,3.590480523612894,16.0,automatic
328.0,8.0,2.326213245840639,17.0,1.218174753098757,-4.1333532152521e-08,-4.226518690586545e-08,9.316547533444464e-10,0.9316547533444464,9.316547533444464,2.326213245840639,3.4893198687609583,16.0,automatic
485.0,9.0,2.4592453796829674,19.0,1.2801537005750372,-4.039895529217574e-08,-4.190460956010611e-08,1.5056542679303675e-09,1.5056542679303675,15.056542679303675,2.4592453796829674,3.6888680695244513,24.0,automatic
152.0,9.0,2.8209479177387813,25.0,1.2815656405965272,-4.0320426109019536e-08,-4.207467441119661e-08,1.754248302177075e-09,1.754248302177075,17.54248302177075,2.8209479177387813,4.231421876608172,36.0,automatic
262.0,11.0,2.7057581899030048,23.0,1.27247615308253,-4.0243090637659407e-08,-4.187046265258232e-08,1.627372014922912e-09,1.627372014922912,16.27372014922912,2.7057581899030048,4.058637284854507,28.0,automatic
29.0,12.0,3.0901936161855166,30.0,1.1766561392189778,-3.982194130003336e-08,-4.1533088079859226e-08,1.7111467798258673e-09,1.7111467798258673,17.111467798258673,3.0901936161855166,4.635290424278275,40.0,automatic
64.0,12.0,2.7057581899030048,23.0,1.27247615308253,-4.026698263714934e-08,-4.1926536908931666e-08,1.6595542717823264e-09,1.6595542717823264,16.595542717823264,2.7057581899030048,4.058637284854507,28.0,automatic
92.0,14.0,2.876813695875796,26.0,1.1211451356615063,-4.016035148879382e-08,-4.195158176401037e-08,1.7912302752165488e-09,1.7912302752165488,17.912302752165488,2.876813695875796,4.315220543813694,36.0,automatic
467.0,12.0,2.876813695875796,26.0,1.1211451356615063,-4.0127762446218185e-08,-4.181501012112676e-08,1.6872476749085763e-09,1.6872476749085763,16.872476749085763,2.876813695875796,4.315220543813694,36.0,automatic
334.0,16.0,2.5854414729132054,21.0,1.1618260528144841,-4.069990566790693e-08,-4.192155955706767e-08,1.2216538891607343e-09,1.2216538891607343,12.216538891607343,2.5854414729132054,3.8781622093698083,24.0,automatic
500.0,15.0,2.5854414729132054,21.0,1.3009126076835018,-4.101922357335752e-08,-4.220241933694524e-08,1.1831957635877188e-09,1.1831957635877188,11.831957635877188,2.5854414729132054,3.8781622093698083,24.0,automatic
249.0,19.0,2.8209479177387813,25.0,1.2815656405965272,-4.0143223856148325e-08,-4.191745439641181e-08,1.7742305402634884e-09,1.7742305402634884,17.742305402634884,2.8209479177387813,4.231421876608172,36.0,automatic
458.0,18.0,1.692568750643269,9.0,1.6646373562696215,-4.115595331199984e-08,-4.185285895630386e-08,6.969056443040245e-10,0.6969056443040245,6.969056443040245,1.692568750643269,2.692568750643269,12.0,automatic
151.0,21.0,1.9544100476116797,12.0,1.5079644737231006,-4.1139436746107094e-08,-4.206901493830628e-08,9.295781921991875e-10,0.9295781921991875,9.295781921991875,1.9544100476116797,2.9544100476116797,16.0,automatic
381.0,21.0,2.256758334191025,16.0,1.341465907380309,-4.060752800683076e-08,-4.182058610524564e-08,1.2130580984148764e-09,1.2130580984148764,12.130580984148764,2.256758334191025,3.385137501286538,16.0,automatic
426.0,21.0,2.393653682408596,18.0,1.3239153988972323,-4.001481812565544e-08,-4.2178946557669406e-08,2.1641284320139675e-09,2.1641284320139675,21.641284320139675,2.393653682408596,3.590480523612894,16.0,automatic
277.0,25.0,2.326213245840639,17.0,1.2247386038014783,-4.036653322714301e-08,-4.203563896965079e-08,1.6691057425077815e-09,1.6691057425077815,16.691057425077815,2.326213245840639,3.4893198687609583,16.0,automatic
237.0,25.0,2.985410660720923,28.0,1.0817076194140394,-3.957566008239155e-08,-4.154543375989306e-08,1.9697736775015073e-09,1.9697736775015073,19.697736775015073,2.985410660720923,4.478115991081385,44.0,automatic
117.0,26.0,2.763953195770684,24.0,1.230303014972666,-4.084101590251521e-08,-4.2005416034385235e-08,1.1644001318700248e-09,1.1644001318700248,11.644001318700248,2.763953195770684,4.145929793656026,36.0,automatic
17.0,29.0,2.876813695875796,26.0,1.1211451356615063,-4.0633430842262896e-08,-4.228002481454496e-08,1.6465939722820622e-09,1.6465939722820622,16.46593972282062,2.876813695875796,4.315220543813694,36.0,automatic
104.0,28.0,2.393653682408596,18.0,1.2127771900184563,-4.082152926798699e-08,-4.20683168300684e-08,1.2467875620814084e-09,1.2467875620814084,12.467875620814084,2.393653682408596,3.590480523612894,16.0,automatic
303.0,30.0,2.4592453796829674,19.0,1.1770161688565015,-4.060489544599477e-08,-4.2310899672770574e-08,1.7060042267758035e-09,1.7060042267758035,17.060042267758035,2.4592453796829674,3.6888680695244513,24.0,automatic
328.0,30.0,2.4592453796829674,19.0,1.137914400511144,-4.034342282466241e-08,-4.1331716715831135e-08,9.882938911687233e-10,0.9882938911687233,9.882938911687233,2.4592453796829674,3.6888680695244513,24.0,automatic
163.0,32.0,2.393653682408596,18.0,1.3239153988972323,-4.0665241840542876e-08,-4.228129846239881e-08,1.6160566218559325e-09,1.6160566218559325,16.160566218559325,2.393653682408596,3.590480523612894,16.0,automatic
416.0,30.0,2.111004122822376,14.0,1.500400304239239,-4.125389096998333e-08,-4.208255255377935e-08,8.286615837960198e-10,0.8286615837960198,8.286615837960198,2.111004122822376,3.1665061842335644,24.0,automatic
492.0,31.0,2.763953195770684,24.0,1.1431621365632298,-4.06242968153947e-08,-4.218936133781881e-08,1.5650645224241089e-09,1.5650645224241089,15.650645224241089,2.763953195770684,4.145929793656026,36.0,automatic
77.0,32.0,2.4592453796829674,19.0,1.3268842295691072,-4.0770210318896716e-08,-4.218252058763028e-08,1.4123102687335631e-09,1.4123102687335631,14.123102687335631,2.4592453796829674,3.6888680695244513,24.0,automatic
206.0,34.0,3.523362819972964,39.0,1.1678595163140688,-3.9406909735362206e-08,-4.2004261402439624e-08,2.597351667077419e-09,2.597351667077419,25.97351667077419,3.523362819972964,5.285044229959446,52.0,automatic
233.0,31.0,2.4592453796829674,19.0,1.3268842295691072,-3.983106466876052e-08,-4.1463781741413186e-08,1.6327170726526674e-09,1.6327170726526674,16.327170726526674,2.4592453796829674,3.6888680695244513,24.0,automatic
317.0,32.0,1.7841241161527712,10.0,1.612290114395414,-4.137983822261049e-08,-4.2137457967328373e-08,7.576197447178856e-10,0.7576197447178856,7.576197447178856,1.7841241161527712,2.7841241161527712,12.0,automatic
437.0,33.0,2.5231325220201604,20.0,1.347530211131618,-4.09052525185416e-08,-4.209161375001713e-08,1.18636123147553e-09,1.18636123147553,11.8636123147553,2.5231325220201604,3.7846987830302403,24.0,automatic
395.0,34.0,2.5231325220201604,20.0,1.347530211131618,-4.0700193437714915e-08,-4.194417080327639e-08,1.2439773655614772e-09,1.2439773655614772,12.439773655614772,2.5231325220201604,3.7846987830302403,24.0,automatic
379.0,36.0,2.763953195770684,24.0,1.1930384709859612,-4.025125122097961e-08,-4.1900147351725536e-08,1.6488961307459249e-09,1.648896130745925,16.48896130745925,2.763953195770684,4.145929793656026,36.0,automatic
86.0,38.0,2.5231325220201604,20.0,1.2693627443114652,-4.119084451303934e-08,-4.2288185397865163e-08,1.097340884825826e-09,1.097340884825826,10.97340884825826,2.5231325220201604,3.7846987830302403,24.0,automatic
48.0,41.0,2.5231325220201604,20.0,1.2389643882700017,-4.0041101101451204e-08,-4.164547284801756e-08,1.6043717465663576e-09,1.6043717465663576,16.043717465663576,2.5231325220201604,3.7846987830302403,24.0,automatic
143.0,42.0,3.0382538898732494,29.0,1.1689103329366752,-4.017163490743769e-08,-4.221365301759761e-08,2.0420181101599155e-09,2.0420181101599155,20.420181101599155,3.0382538898732494,4.557380834809874,40.0,automatic
332.0,41.0,2.985410660720923,28.0,1.2073870691739297,-3.9439047583300635e-08,-4.135738329580363e-08,1.9183357125029943e-09,1.9183357125029943,19.183357125029943,2.985410660720923,4.478115991081385,44.0,automatic
354.0,43.0,3.0901936161855166,30.0,1.2092175857965604,-3.963306127729993e-08,-4.17260412888254e-08,2.0929800115254693e-09,2.0929800115254693,20.929800115254693,3.0901936161855166,4.635290424278275,40.0,automatic
461.0,40.0,2.1850968611841584,15.0,1.387197796891351,-4.091524274940639e-08,-4.1729524724587463e-08,8.142819751810748e-10,0.8142819751810748,8.142819751810748,2.1850968611841584,3.2776452917762375,24.0,automatic
31.0,44.0,2.393653682408596,18.0,1.3668880212079946,-3.993463693063859e-08,-4.1446666543265565e-08,1.512029612626975e-09,1.512029612626975,15.12029612626975,2.393653682408596,3.590480523612894,16.0,automatic
120.0,44.0,2.5231325220201604,20.0,1.1756192128925151,-4.100477113411216e-08,-4.1975232178970145e-08,9.704610448579842e-10,0.9704610448579842,9.704610448579842,2.5231325220201604,3.7846987830302403,24.0,automatic
8.0,46.0,2.5854414729132054,21.0,1.1618260528144841,-4.0334086293114524e-08,-4.191888436366753e-08,1.5847980705530063e-09,1.5847980705530063,15.847980705530063,2.5854414729132054,3.8781622093698083,24.0,automatic
285.0,45.0,2.4592453796829674,19.0,1.2801537005750372,-4.0878077811612457e-08,-4.244910734030327e-08,1.571029528690815e-09,1.571029528690815,15.71029528690815,2.4592453796829674,3.6888680695244513,24.0,automatic
108.0,45.0,2.326213245840639,17.0,1.2503645434029418,-4.1276571494108794e-08,-4.197338476785717e-08,6.968132737483757e-10,0.6968132737483757,6.9681327374837565,2.326213245840639,3.4893198687609583,16.0,automatic
173.0,48.0,2.4592453796829674,19.0,1.3268842295691072,-4.0921708688301806e-08,-4.194279412672586e-08,1.021085438424052e-09,1.021085438424052,10.21085438424052,2.4592453796829674,3.6888680695244513,24.0,automatic
421.0,48.0,3.0901936161855166,30.0,1.1766561392189778,-4.046634316523523e-08,-4.210955850680875e-08,1.6432153415735229e-09,1.643215341573523,16.43215341573523,3.0901936161855166,4.635290424278275,40.0,automatic
260.0,48.0,2.256758334191025,16.0,1.176813687908651,-4.1485552770836875e-08,-4.218008875511714e-08,6.945359842802645e-10,0.6945359842802645,6.945359842802645,2.256758334191025,3.385137501286538,16.0,automatic
71.0,49.0,2.8209479177387813,25.0,1.1907938922533645,-4.1139728068628756e-08,-4.1957221696975466e-08,8.174936283467105e-10,0.8174936283467105,8.174936283467105,2.8209479177387813,4.231421876608172,36.0,automatic
463.0,50.0,3.141274657157109,31.0,1.1400382601615053,-4.022075472676079e-08,-4.204156134335335e-08,1.820806616592563e-09,1.820806616592563,18.20806616592563,3.141274657157109,4.7119119857356635,40.0,automatic
187.0,51.0,2.763953195770684,24.0,1.230303014972666,-4.041154966216709e-08,-4.205596759732089e-08,1.6444179351537969e-09,1.6444179351537969,16.44417935153797,2.763953195770684,4.145929793656026,36.0,automatic
47.0,52.0,2.876813695875796,26.0,1.1211451356615063,-3.9697347631317825e-08,-4.1547812301701015e-08,1.8504646703831895e-09,1.8504646703831895,18.504646703831895,2.876813695875796,4.315220543813694,36.0,automatic
130.0,51.0,2.5854414729132054,21.0,1.3009126076835018,-4.085137206288891e-08,-4.2003549083347025e-08,1.1521770204581117e-09,1.1521770204581117,11.521770204581117,2.5854414729132054,3.8781622093698083,24.0,automatic
336.0,51.0,2.393653682408596,18.0,1.2127771900184563,-4.080073878753865e-08,-4.17074392800032e-08,9.067004924645516e-10,0.9067004924645516,9.067004924645516,2.393653682408596,3.590480523612894,16.0,automatic
389.0,53.0,2.393653682408596,18.0,1.3239153988972323,-4.0939333700862335e-08,-4.1793647653776134e-08,8.543139529137989e-10,0.8543139529137989,8.543139529137989,2.393653682408596,3.590480523612894,16.0,automatic
438.0,52.0,1.9544100476116797,12.0,1.6170362533579417,-4.1171276166096504e-08,-4.19500185699917e-08,7.78742403895194e-10,0.778742403895194,7.78742403895194,1.9544100476116797,2.9544100476116797,16.0,automatic
278.0,54.0,2.8209479177387813,25.0,1.2815656405965272,-4.082171045638461e-08,-4.230555994411134e-08,1.4838494877267294e-09,1.4838494877267294,14.838494877267294,2.8209479177387813,4.231421876608172,36.0,automatic
5.0,56.0,2.1850968611841584,15.0,1.293629002686353,-4.128753161580789e-08,-4.222928318142749e-08,9.417515656195974e-10,0.9417515656195974,9.417515656195974,2.1850968611841584,3.2776452917762375,24.0,automatic
98.0,61.0,3.0901936161855166,30.0,1.1075166565021448,-4.0539248402637895e-08,-4.222842164836038e-08,1.6891732457224862e-09,1.6891732457224862,16.89173245722486,3.0901936161855166,4.635290424278275,40.0,automatic
194.0,59.0,2.1850968611841584,15.0,1.3871977968913514,-4.134319553372734e-08,-4.223389815649625e-08,8.90702622768913e-10,0.890702622768913,8.90702622768913,2.1850968611841584,3.2776452917762375,24.0,automatic
304.0,60.0,3.0901936161855166,30.0,1.10326283241436,-4.0191469707906435e-08,-4.2207293660112555e-08,2.0158239522061194e-09,2.0158239522061194,20.158239522061194,3.0901936161855166,4.635290424278275,40.0,automatic
213.0,62.0,3.0901936161855166,30.0,1.1766561392189772,-4.0228819386811665e-08,-4.190608393628281e-08,1.6772645494711469e-09,1.677264549471147,16.77264549471147,3.0901936161855166,4.635290424278275,40.0,automatic
251.0,61.0,2.4592453796829674,19.0,1.3268842295691072,-4.078705373444791e-08,-4.209188553261356e-08,1.304831798165651e-09,1.304831798165651,13.04831798165651,2.4592453796829674,3.6888680695244513,24.0,automatic
146.0,64.0,2.763953195770684,24.0,1.1780972450961724,-4.071283044027041e-08,-4.210180826191845e-08,1.3889778216480408e-09,1.3889778216480408,13.889778216480408,2.763953195770684,4.145929793656026,36.0,automatic
446.0,64.0,2.6462837142006137,22.0,1.3628608270970017,-4.026316702265831e-08,-4.1593716915144796e-08,1.3305498924864878e-09,1.3305498924864878,13.305498924864878,2.6462837142006137,3.9694255713009206,24.0,automatic
169.0,64.0,2.5854414729132054,21.0,1.3009126076835016,-4.032601452763629e-08,-4.1962493924074806e-08,1.6364793964385171e-09,1.6364793964385171,16.36479396438517,2.5854414729132054,3.8781622093698083,24.0,automatic
465.0,67.0,2.256758334191025,16.0,1.3414659073803088,-4.163987554761661e-08,-4.2365899233232085e-08,7.260236856154734e-10,0.7260236856154734,7.260236856154734,2.256758334191025,3.385137501286538,16.0,automatic
487.0,67.0,2.876813695875796,26.0,1.1211451356615063,-4.02723188130949e-08,-4.202852643686583e-08,1.7562076237709334e-09,1.7562076237709334,17.562076237709334,2.876813695875796,4.315220543813694,36.0,automatic
11.0,67.0,3.0382538898732494,29.0,1.2017112572104822,-4.022199462383469e-08,-4.215727500422872e-08,1.9352803803940333e-09,1.9352803803940333,19.352803803940333,3.0382538898732494,4.557380834809874,40.0,automatic
128.0,67.0,2.5854414729132054,21.0,1.1618260528144841,-4.078159321352359e-08,-4.197756808821396e-08,1.1959748746903642e-09,1.1959748746903642,11.959748746903642,2.5854414729132054,3.8781622093698083,24.0,automatic
379.0,68.0,2.326213245840639,17.0,1.4253075265915784,-4.064227709932311e-08,-4.1974285380774745e-08,1.3320082814516354e-09,1.3320082814516354,13.320082814516354,2.326213245840639,3.4893198687609583,16.0,automatic
237.0,69.0,2.0342144725641096,13.0,1.3932288539364366,-4.1049251109370744e-08,-4.208276038752956e-08,1.0335092781588173e-09,1.0335092781588173,10.335092781588173,2.0342144725641096,3.0513217088461646,16.0,automatic
318.0,68.0,2.985410660720923,28.0,1.2073870691739297,-3.937062231784694e-08,-4.124541774785939e-08,1.8747954300124547e-09,1.8747954300124547,18.747954300124547,2.985410660720923,4.478115991081385,44.0,automatic
393.0,72.0,2.985410660720923,28.0,1.2073870691739297,-3.991055308461e-08,-4.1790061189317385e-08,1.8795081047073836e-09,1.8795081047073836,18.795081047073836,2.985410660720923,4.478115991081385,44.0,automatic
408.0,72.0,2.393653682408596,18.0,1.3239153988972323,-4.079112869703749e-08,-4.196660263744434e-08,1.175473940406846e-09,1.175473940406846,11.75473940406846,2.393653682408596,3.590480523612894,16.0,automatic
272.0,73.0,2.0342144725641096,13.0,1.5571460217520925,-4.164808231621464e-08,-4.228639127745737e-08,6.383089612427284e-10,0.6383089612427284,6.383089612427284,2.0342144725641096,3.0513217088461646,16.0,automatic
360.0,74.0,2.1850968611841584,15.0,1.2576242881690396,-4.141921650102631e-08,-4.213854332135725e-08,7.193268203309344e-10,0.7193268203309344,7.193268203309344,2.1850968611841584,3.2776452917762375,24.0,automatic
203.0,78.0,2.985410660720923,28.0,1.2424554991254615,-4.0007151369536587e-08,-4.191434932465654e-08,1.9071979551199547e-09,1.9071979551199547,19.071979551199547,2.985410660720923,4.478115991081385,44.0,automatic
39.0,75.0,3.1915382432114616,32.0,1.105630018541109,-3.950399474206279e-08,-4.156802546617655e-08,2.0640307241137634e-09,2.0640307241137634,20.640307241137634,3.1915382432114616,4.787307364817193,32.0,automatic
114.0,78.0,2.393653682408596,18.0,1.3744708899359803,-4.058023250763654e-08,-4.1863987831902705e-08,1.283755324266167e-09,1.283755324266167,12.83755324266167,2.393653682408596,3.590480523612894,16.0,automatic
245.0,78.0,2.5854414729132054,21.0,1.3009126076835018,-4.046942336799475e-08,-4.197968550556652e-08,1.5102621375717717e-09,1.5102621375717717,15.102621375717717,2.5854414729132054,3.8781622093698083,24.0,automatic
98.0,79.0,2.326213245840639,17.0,1.298111396050648,-4.117680063586704e-08,-4.190766311751304e-08,7.308624816459997e-10,0.7308624816459997,7.3086248164599965,2.326213245840639,3.4893198687609583,16.0,automatic
2.0,81.0,2.111004122822376,14.0,1.4353535174681107,-4.1272098627587184e-08,-4.240671813704466e-08,1.1346195094574796e-09,1.1346195094574796,11.346195094574796,2.111004122822376,3.1665061842335644,21.0,automatic
469.0,80.0,2.111004122822376,14.0,1.294717943765261,-4.138456688451697e-08,-4.2262714217145e-08,8.78147332628032e-10,0.878147332628032,8.78147332628032,2.111004122822376,3.1665061842335644,24.0,automatic
413.0,82.0,2.7057581899030048,23.0,1.0635183109500363,-3.988653318742763e-08,-4.2045460446615834e-08,2.1589272591882036e-09,2.1589272591882036,21.589272591882036,2.7057581899030048,4.058637284854507,28.0,automatic
92.0,82.0,2.0342144725641096,13.0,1.3932288539364366,-4.126881236743429e-08,-4.2046965020858806e-08,7.781526534245131e-10,0.7781526534245131,7.781526534245131,2.0342144725641096,3.0513217088461646,16.0,automatic
167.0,81.0,2.1850968611841584,15.0,1.387197796891351,-4.109545770347722e-08,-4.197608127753938e-08,8.80623574062156e-10,0.880623574062156,8.80623574062156,2.1850968611841584,3.2776452917762375,24.0,automatic
275.0,83.0,2.5854414729132054,21.0,1.3009126076835018,-4.054287927601763e-08,-4.2004172584597654e-08,1.461293308580025e-09,1.461293308580025,14.61293308580025,2.5854414729132054,3.8781622093698083,24.0,automatic
424.0,83.0,2.1850968611841584,15.0,1.446802115179039,-4.073922355019022e-08,-4.196219194341211e-08,1.2229683932218904e-09,1.2229683932218904,12.229683932218904,2.1850968611841584,3.2776452917762375,24.0,automatic
24.0,85.0,3.2410224072142872,33.0,1.1401809566205188,-3.976050777509954e-08,-4.157508115554265e-08,1.8145733804431075e-09,1.8145733804431075,18.145733804431075,3.2410224072142872,4.86153361082143,32.0,automatic
211.0,85.0,2.6462837142006137,22.0,1.217151102948507,-4.021215360694441e-08,-4.1849592236076205e-08,1.6374386291317933e-09,1.6374386291317933,16.374386291317933,2.6462837142006137,3.9694255713009206,24.0,automatic
443.0,84.0,2.4592453796829674,19.0,1.3268842295691072,-4.098182770917447e-08,-4.2192690230535845e-08,1.2108625213613777e-09,1.2108625213613777,12.108625213613777,2.4592453796829674,3.6888680695244513,24.0,automatic
373.0,86.0,2.5231325220201604,20.0,1.1978046321169937,-4.026043853855299e-08,-4.191521263408049e-08,1.6547740955275003e-09,1.6547740955275003,16.547740955275003,2.5231325220201604,3.7846987830302403,24.0,automatic
155.0,87.0,2.763953195770684,24.0,1.3278012032165531,-4.0105842202819986e-08,-4.189773150642395e-08,1.7918893036039663e-09,1.7918893036039663,17.918893036039663,2.763953195770684,4.145929793656026,36.0,automatic
65.0,88.0,3.5682482323055424,40.0,1.0480974335065736,-3.983324958767298e-08,-4.186966329200459e-08,2.0364137043316077e-09,2.0364137043316077,20.364137043316077,3.5682482323055424,5.352372348458314,52.0,automatic
293.0,87.0,2.5231325220201604,20.0,1.282282715750936,-4.086437499495332e-08,-4.203922010503902e-08,1.1748451100856983e-09,1.1748451100856983,11.748451100856983,2.5231325220201604,3.7846987830302403,24.0,automatic
465.0,88.0,2.256758334191025,16.0,1.4796776500174416,-4.161512379141641e-08,-4.229415218048871e-08,6.790283890723003e-10,0.6790283890723003,6.790283890723003,2.256758334191025,3.385137501286538,16.0,automatic
226.0,90.0,2.393653682408596,18.0,1.2127771900184563,-4.162221856063297e-08,-4.231209693728033e-08,6.898783766473571e-10,0.6898783766473571,6.898783766473571,2.393653682408596,3.590480523612894,16.0,automatic
394.0,90.0,2.326213245840639,17.0,1.4253075265915784,-4.052323276937386e-08,-4.1685090934606706e-08,1.161858165232843e-09,1.161858165232843,11.61858165232843,2.326213245840639,3.4893198687609583,16.0,automatic
81.0,90.0,2.5231325220201604,20.0,1.1978046321169937,-4.108255069468214e-08,-4.2134699285156785e-08,1.0521485904746442e-09,1.0521485904746442,10.521485904746442,2.5231325220201604,3.7846987830302403,24.0,automatic
304.0,92.0,2.326213245840639,17.0,1.2503645434029418,-4.042729884190521e-08,-4.1807240336311224e-08,1.3799414944060118e-09,1.3799414944060118,13.799414944060118,2.326213245840639,3.4893198687609583,16.0,automatic
490.0,93.0,2.763953195770684,24.0,1.230303014972666,-4.027969424669209e-08,-4.1914718806879137e-08,1.6350245601870483e-09,1.6350245601870483,16.350245601870483,2.763953195770684,4.145929793656026,36.0,automatic
420.0,93.0,2.4592453796829674,19.0,1.2801537005750372,-4.120028762599759e-08,-4.2267421562769414e-08,1.0671339367718247e-09,1.0671339367718247,10.671339367718247,2.4592453796829674,3.6888680695244513,24.0,automatic
96.0,94.0,2.256758334191025,16.0,1.2550998818335763,-4.100601458389974e-08,-4.180678558896034e-08,8.007710050605965e-10,0.8007710050605965,8.007710050605965,2.256758334191025,3.385137501286538,16.0,automatic
136.0,96.0,2.763953195770684,24.0,1.230303014972666,-4.025526223472298e-08,-4.211074688953431e-08,1.8554846548113346e-09,1.8554846548113346,18.554846548113346,2.763953195770684,4.145929793656026,36.0,automatic
328.0,96.0,2.9316150714175193,27.0,1.248478017202216,-4.0117363653280336e-08,-4.1562472574696585e-08,1.4451089214162494e-09,1.4451089214162494,14.451089214162494,2.9316150714175193,4.397422607126279,36.0,automatic
183.0,97.0,2.7057581899030048,23.0,1.1433285346948794,-4.0458509431573475e-08,-4.192765246102681e-08,1.4691430294533347e-09,1.4691430294533347,14.691430294533347,2.7057581899030048,4.058637284854507,28.0,automatic
248.0,98.0,2.876813695875796,26.0,1.2384256479434992,-4.032314393498382e-08,-4.195147162988633e-08,1.6283276949025094e-09,1.6283276949025094,16.283276949025094,2.876813695875796,4.315220543813694,36.0,automatic
275.0,97.0,2.876813695875796,26.0,1.2022380906391716,-3.9862911194177286e-08,-4.197006298056749e-08,2.1071517863902045e-09,2.1071517863902045,21.071517863902045,2.876813695875796,4.315220543813694,36.0,automatic
10.0,98.0,1.7841241161527712,10.0,1.612290114395414,-4.175143075713095e-08,-4.245141305148081e-08,6.999822943498657e-10,0.6999822943498657,6.999822943498657,1.7841241161527712,2.7841241161527712,12.0,automatic
477.0,100.0,2.5854414729132054,21.0,1.1618260528144841,-4.028236233466487e-08,-4.178326129533616e-08,1.500898960671293e-09,1.500898960671293,15.00898960671293,2.5854414729132054,3.8781622093698083,24.0,automatic
452.0,100.0,2.4592453796829674,19.0,1.3268842295691072,-4.1314002885428636e-08,-4.212914284096314e-08,8.151399555345051e-10,0.8151399555345051,8.151399555345051,2.4592453796829674,3.6888680695244513,24.0,automatic
121.0,105.0,2.8209479177387813,25.0,1.0480202401408665,-3.993765673726557e-08,-4.193674740804454e-08,1.999090670778969e-09,1.999090670778969,19.99090670778969,2.8209479177387813,4.231421876608172,36.0,automatic
343.0,105.0,2.8209479177387813,25.0,1.0780241689052945,-4.034159672983151e-08,-4.182206581049286e-08,1.4804690806613507e-09,1.4804690806613507,14.804690806613507,2.8209479177387813,4.231421876608172,36.0,automatic
396.0,105.0,2.6462837142006137,22.0,1.217151102948507,-4.047582535804395e-08,-4.1884810286774155e-08,1.4089849287302059e-09,1.4089849287302059,14.089849287302059,2.6462837142006137,3.9694255713009206,24.0,automatic
508.0,104.0,2.8209479177387813,25.0,1.2815656405965272,-4.032109401919115e-08,-4.1872102229945085e-08,1.5510082107539347e-09,1.5510082107539347,15.510082107539347,2.8209479177387813,4.231421876608172,33.0,automatic
79.0,105.0,2.393653682408596,18.0,1.3239153988972323,-4.092077787731796e-08,-4.2087311413752104e-08,1.1665335364341445e-09,1.1665335364341445,11.665335364341445,2.393653682408596,3.590480523612894,16.0,automatic
229.0,105.0,2.6462837142006137,22.0,1.3628608270970017,-4.0720777860769886e-08,-4.205320358607878e-08,1.3324257253088945e-09,1.3324257253088945,13.324257253088945,2.6462837142006137,3.9694255713009206,24.0,automatic
437.0,106.0,2.393653682408596,18.0,1.3239153988972323,-4.1129865735456406e-08,-4.2249849840914067e-08,1.119984105457661e-09,1.119984105457661,11.19984105457661,2.393653682408596,3.590480523612894,16.0,automatic
446.0,106.0,2.5231325220201604,20.0,1.347530211131618,-4.033087108723521e-08,-4.197812586426153e-08,1.647254777026319e-09,1.647254777026319,16.47254777026319,2.5231325220201604,3.7846987830302403,24.0,automatic
374.0,107.0,1.9544100476116797,12.0,1.4373655585403928,-4.091705463338258e-08,-4.167411837840973e-08,7.570637450271533e-10,0.7570637450271533,7.5706374502715335,1.9544100476116797,2.9544100476116797,16.0,automatic
47.0,109.0,2.6462837142006137,22.0,1.25731000235922,-4.032224865113676e-08,-4.199346648192659e-08,1.6712178307898284e-09,1.6712178307898284,16.712178307898284,2.6462837142006137,3.9694255713009206,24.0,automatic
160.0,110.0,2.5231325220201604,20.0,1.2389643882700014,-4.039231882302374e-08,-4.160813737996705e-08,1.2158185569433044e-09,1.2158185569433044,12.158185569433044,2.5231325220201604,3.7846987830302403,24.0,automatic
8.0,113.0,2.6462837142006137,22.0,1.0172783843869913,-4.108359519250371e-08,-4.234464157093498e-08,1.2610463784312742e-09,1.2610463784312742,12.610463784312742,2.6462837142006137,3.9694255713009206,24.0,automatic
67.0,114.0,3.0901936161855166,30.0,1.2092175857965597,-4.05656592761261e-08,-4.219235805180688e-08,1.6266987756807794e-09,1.6266987756807794,16.266987756807794,3.0901936161855166,4.635290424278275,40.0,automatic
292.0,115.0,2.763953195770684,24.0,1.193038470985961,-4.0213592455984326e-08,-4.207023174274127e-08,1.8566392867569448e-09,1.8566392867569448,18.566392867569448,2.763953195770684,4.145929793656026,36.0,automatic
426.0,114.0,2.5854414729132054,21.0,1.043908662112716,-4.103010198264201e-08,-4.234278527803781e-08,1.3126832953958e-09,1.3126832953958,13.126832953958,2.5854414729132054,3.8781622093698083,24.0,automatic
204.0,117.0,2.763953195770684,24.0,1.2303030149726657,-3.9825771125379106e-08,-4.175110213111566e-08,1.9253310057365525e-09,1.9253310057365525,19.253310057365525,2.763953195770684,4.145929793656026,36.0,automatic
467.0,119.0,2.763953195770684,24.0,1.1097582375130814,-4.067382164407718e-08,-4.235219641657295e-08,1.678374772495772e-09,1.678374772495772,16.78374772495772,2.763953195770684,4.145929793656026,36.0,automatic
19.0,119.0,2.256758334191025,16.0,1.2898320915163308,-4.099245387578776e-08,-4.1858422505924864e-08,8.659686301371039e-10,0.8659686301371039,8.659686301371039,2.256758334191025,3.385137501286538,16.0,automatic
94.0,120.0,2.876813695875796,26.0,1.2022380906391716,-3.9890576175594106e-08,-4.172758849563252e-08,1.8370123200384114e-09,1.8370123200384114,18.370123200384114,2.876813695875796,4.315220543813694,36.0,automatic
331.0,118.0,2.985410660720923,28.0,1.0982123966043789,-3.961381978001555e-08,-4.1573461118105115e-08,1.9596413380895683e-09,1.9596413380895683,19.596413380895683,2.985410660720923,4.478115991081385,44.0,automatic
384.0,120.0,2.393653682408596,18.0,1.3239153988972323,-4.113304541419893e-08,-4.2160198887586375e-08,1.0271534733874432e-09,1.0271534733874432,10.271534733874432,2.393653682408596,3.590480523612894,16.0,automatic
232.0,123.0,2.5854414729132054,21.0,1.1618260528144841,-4.031588218822435e-08,-4.199865522025448e-08,1.682773032030127e-09,1.682773032030127,16.82773032030127,2.5854414729132054,3.8781622093698083,24.0,automatic
502.0,126.0,2.8209479177387813,25.0,1.1907938922533645,-4.010425413980556e-08,-4.184424717834645e-08,1.739993038540888e-09,1.739993038540888,17.39993038540888,2.8209479177387813,4.231421876608172,36.0,automatic
162.0,125.0,2.5231325220201604,20.0,1.0817313973458693,-4.01944753036787e-08,-4.155324972998642e-08,1.3587744263077184e-09,1.3587744263077184,13.587744263077184,2.5231325220201604,3.7846987830302403,24.0,automatic
250.0,126.0,2.7057581899030048,23.0,1.27247615308253,-4.008630938301394e-08,-4.163004874158105e-08,1.5437393585671089e-09,1.5437393585671089,15.437393585671089,2.7057581899030048,4.058637284854507,28.0,automatic
413.0,125.0,1.7841241161527712,10.0,1.5392254097658196,-4.1621238011657624e-08,-4.2267659594585894e-08,6.464215829282693e-10,0.6464215829282693,6.4642158292826934,1.7841241161527712,2.7841241161527712,12.0,automatic
137.0,128.0,2.8209479177387813,25.0,1.2815656405965272,-3.9897567916113985e-08,-4.213090143423415e-08,2.233333518120162e-09,2.233333518120162,22.33333518120162,2.8209479177387813,4.231421876608172,36.0,automatic
298.0,130.0,3.141274657157109,31.0,1.140038260161506,-3.9778825566827436e-08,-4.1826753616192036e-08,2.0479280493646e-09,2.0479280493646,20.479280493646,3.141274657157109,4.7119119857356635,40.0,automatic
5.0,129.0,2.8209479177387813,25.0,1.242748407277043,-4.105666207010472e-08,-4.240480677708547e-08,1.3481447069807473e-09,1.3481447069807473,13.481447069807473,2.8209479177387813,4.231421876608172,36.0,automatic
35.0,131.0,2.763953195770684,24.0,1.230303014972666,-4.02671069821281e-08,-4.197231362468301e-08,1.7052066425549128e-09,1.7052066425549128,17.05206642554913,2.763953195770684,4.145929793656026,36.0,automatic
376.0,133.0,2.985410660720923,28.0,1.2073870691739297,-4.046548340852496e-08,-4.214152049542008e-08,1.6760370868951213e-09,1.6760370868951213,16.760370868951213,2.985410660720923,4.478115991081385,44.0,automatic
432.0,133.0,2.6462837142006137,22.0,1.3628608270970017,-4.038258794025751e-08,-4.218612659201426e-08,1.803538651756753e-09,1.803538651756753,18.03538651756753,2.6462837142006137,3.9694255713009206,24.0,automatic
496.0,133.0,2.5231325220201604,20.0,1.2389643882700014,-4.072612469485648e-08,-4.185810098533693e-08,1.131976290480452e-09,1.131976290480452,11.31976290480452,2.5231325220201604,3.7846987830302403,24.0,automatic
15.0,134.0,2.393653682408596,18.0,1.2570482174865227,-4.16372465394943e-08,-4.23551291817148e-08,7.17882642220502e-10,0.717882642220502,7.17882642220502,2.393653682408596,3.590480523612894,16.0,automatic
455.0,134.0,2.4592453796829674,19.0,1.2801537005750372,-4.0943362478174095e-08,-4.2035155800590474e-08,1.091793322416379e-09,1.091793322416379,10.91793322416379,2.4592453796829674,3.6888680695244513,24.0,automatic
357.0,136.0,2.5231325220201604,20.0,1.347530211131618,-4.017783794552088e-08,-4.170999012842458e-08,1.532152182903701e-09,1.532152182903701,15.32152182903701,2.5231325220201604,3.7846987830302403,24.0,automatic
474.0,134.0,2.4592453796829674,19.0,1.2801537005750372,-4.100329320522178e-08,-4.235434047927811e-08,1.3510472740563273e-09,1.3510472740563273,13.510472740563273,2.4592453796829674,3.6888680695244513,24.0,automatic
413.0,138.0,3.0901936161855166,30.0,1.1240316092611387,-4.0430961689708056e-08,-4.230338213062623e-08,1.8724204409181766e-09,1.8724204409181766,18.724204409181766,3.0901936161855166,4.635290424278275,40.0,automatic
196.0,137.0,2.0342144725641096,13.0,1.332828266220388,-4.07715035066758e-08,-4.174528456246662e-08,9.737810557908233e-10,0.9737810557908233,9.737810557908233,2.0342144725641096,3.0513217088461646,16.0,automatic
390.0,137.0,2.256758334191025,16.0,1.3414659073803088,-4.05008542259111e-08,-4.214510873623567e-08,1.644254510324572e-09,1.644254510324572,16.44254510324572,2.256758334191025,3.385137501286538,16.0,automatic
208.0,140.0,2.876813695875796,26.0,1.1488518609494445,-3.953029548142695e-08,-4.159524458202668e-08,2.0649491005997334e-09,2.0649491005997334,20.649491005997334,2.876813695875796,4.315220543813694,36.0,automatic
73.0,139.0,1.7841241161527712,10.0,1.4710171098858142,-4.161384481449204e-08,-4.224190597312827e-08,6.280611586362284e-10,0.6280611586362284,6.280611586362284,1.7841241161527712,2.7841241161527712,12.0,automatic
263.0,143.0,2.763953195770684,24.0,1.230303014972666,-3.997710606995497e-08,-4.144792242755102e-08,1.4708163575960498e-09,1.4708163575960498,14.708163575960498,2.763953195770684,4.145929793656026,36.0,automatic
111.0,143.0,3.0901936161855166,30.0,1.2092175857965597,-4.0287183367127e-08,-4.1963479802120673e-08,1.6762964349936738e-09,1.6762964349936738,16.762964349936738,3.0901936161855166,4.635290424278275,40.0,automatic
52.0,145.0,2.6462837142006137,22.0,1.217151102948507,-4.0490139241455836e-08,-4.220025751067169e-08,1.7101182692158545e-09,1.7101182692158545,17.101182692158545,2.6462837142006137,3.9694255713009206,24.0,automatic
230.0,145.0,2.326213245840639,17.0,1.4253075265915784,-4.079592841321755e-08,-4.213595872215592e-08,1.340030308938367e-09,1.340030308938367,13.40030308938367,2.326213245840639,3.4893198687609583,16.0,automatic
446.0,143.0,2.8209479177387813,25.0,1.2815656405965272,-4.033057621199987e-08,-4.21359036550939e-08,1.8053274430940291e-09,1.8053274430940291,18.05327443094029,2.8209479177387813,4.231421876608172,36.0,automatic
71.0,144.0,2.9316150714175193,27.0,1.248478017202216,-4.0588236771554875e-08,-4.2325323690306504e-08,1.7370869187516291e-09,1.7370869187516291,17.37086918751629,2.9316150714175193,4.397422607126279,36.0,automatic
327.0,144.0,2.256758334191025,16.0,1.4796776500174416,-4.060907698999472e-08,-4.163312006255637e-08,1.0240430725616534e-09,1.0240430725616534,10.240430725616534,2.256758334191025,3.385137501286538,16.0,automatic
137.0,147.0,2.763953195770684,24.0,1.2303030149726657,-4.0590457217604126e-08,-4.211022641698037e-08,1.5197691993762419e-09,1.5197691993762419,15.197691993762419,2.763953195770684,4.145929793656026,36.0,automatic
175.0,146.0,1.8712051592547776,11.0,1.430983102553298,-4.12121003989796e-08,-4.18467696050584e-08,6.346692060787973e-10,0.6346692060787973,6.346692060787973,1.8712051592547776,2.8712051592547776,16.0,automatic
306.0,147.0,2.4592453796829674,19.0,1.1770161688565013,-3.994456321265716e-08,-4.189965530088102e-08,1.9550920882238643e-09,1.9550920882238643,19.550920882238643,2.4592453796829674,3.6888680695244513,24.0,automatic
166.0,149.0,2.8209479177387813,25.0,1.1907938922533645,-3.998877673438983e-08,-4.171344514247721e-08,1.724668408087382e-09,1.724668408087382,17.24668408087382,2.8209479177387813,4.231421876608172,36.0,automatic
344.0,149.0,2.256758334191025,16.0,1.176813687908651,-4.053582713936521e-08,-4.194655645051171e-08,1.410729311146497e-09,1.410729311146497,14.10729311146497,2.256758334191025,3.385137501286538,16.0,automatic
197.0,153.0,2.876813695875796,26.0,1.1211451356615063,-3.9683900610043565e-08,-4.1475244572097836e-08,1.7913439620542704e-09,1.7913439620542704,17.913439620542704,2.876813695875796,4.315220543813694,36.0,automatic
369.0,151.0,2.4592453796829674,19.0,1.2801537005750372,-4.054749069837271e-08,-4.21809165374043e-08,1.6334258390315881e-09,1.6334258390315881,16.33425839031588,2.4592453796829674,3.6888680695244513,24.0,automatic
492.0,152.0,2.5854414729132054,21.0,1.2284220982476128,-3.999472752980182e-08,-4.1709522946575817e-08,1.7147954167739954e-09,1.7147954167739954,17.147954167739954,2.5854414729132054,3.8781622093698083,24.0,automatic
157.0,152.0,2.111004122822376,14.0,1.294717943765261,-4.092478533834765e-08,-4.165880085338358e-08,7.340155150359351e-10,0.7340155150359351,7.340155150359351,2.111004122822376,3.1665061842335644,24.0,automatic
322.0,154.0,2.876813695875796,26.0,1.1211451356615063,-4.062360758894101e-08,-4.22331609684079e-08,1.6095533794668881e-09,1.6095533794668881,16.09553379466888,2.876813695875796,4.315220543813694,36.0,automatic
279.0,154.0,2.7057581899030048,23.0,1.2164519430623795,-4.0189370054122264e-08,-4.14690077832347e-08,1.2796377291124372e-09,1.2796377291124372,12.796377291124372,2.7057581899030048,4.058637284854507,28.0,automatic
420.0,154.0,1.692568750643269,9.0,1.6646373562696222,-4.163004518886737e-08,-4.2360243313055435e-08,7.30198124188064e-10,0.730198124188064,7.30198124188064,1.692568750643269,2.692568750643269,12.0,automatic
446.0,157.0,2.6462837142006137,22.0,1.3628608270970017,-4.0780726351385965e-08,-4.1955713570018816e-08,1.1749872186328503e-09,1.1749872186328503,11.749872186328503,2.6462837142006137,3.9694255713009206,24.0,automatic
8.0,158.0,2.5854414729132054,21.0,1.1618260528144841,-4.0820534508156925e-08,-4.204190950929387e-08,1.2213750011369484e-09,1.2213750011369484,12.213750011369484,2.5854414729132054,3.8781622093698083,24.0,automatic
425.0,158.0,2.1850968611841584,15.0,1.3871977968913514,-4.099289441228393e-08,-4.212926540958506e-08,1.1363709973011282e-09,1.1363709973011282,11.363709973011282,2.1850968611841584,3.2776452917762375,24.0,automatic
28.0,160.0,2.326213245840639,17.0,1.298111396050648,-4.118975027722627e-08,-4.234029837846265e-08,1.1505481012363816e-09,1.1505481012363816,11.505481012363816,2.326213245840639,3.4893198687609583,16.0,automatic
168.0,159.0,1.7841241161527712,10.0,1.612290114395414,-4.097411121506411e-08,-4.1712578280339585e-08,7.384670652754721e-10,0.7384670652754721,7.384670652754721,1.7841241161527712,2.7841241161527712,12.0,automatic
400.0,162.0,2.4592453796829674,19.0,1.2801537005750372,-4.056284197417881e-08,-4.213156756804892e-08,1.5687255938701128e-09,1.5687255938701128,15.687255938701128,2.4592453796829674,3.6888680695244513,24.0,automatic
99.0,163.0,2.5231325220201604,20.0,1.1065010026804611,-4.042013301841507e-08,-4.1793105864940117e-08,1.3729728465250446e-09,1.3729728465250446,13.729728465250446,2.5231325220201604,3.7846987830302403,24.0,automatic
490.0,163.0,2.4592453796829674,19.0,1.2801537005750372,-4.031671352322519e-08,-4.169573664114523e-08,1.3790231179200418e-09,1.3790231179200418,13.790231179200418,2.4592453796829674,3.6888680695244513,24.0,automatic
35.0,163.0,2.111004122822376,14.0,1.500400304239239,-4.123027963487402e-08,-4.202438042000267e-08,7.941007851286486e-10,0.7941007851286486,7.941007851286486,2.111004122822376,3.1665061842335644,24.0,automatic
273.0,163.0,2.256758334191025,16.0,1.304642199853956,-4.0761477748674224e-08,-4.152464150308788e-08,7.631637544136538e-10,0.7631637544136538,7.631637544136538,2.256758334191025,3.385137501286538,16.0,automatic
411.0,164.0,2.326213245840639,17.0,1.378280782824663,-4.104262529835978e-08,-4.187546309708523e-08,8.328377987254498e-10,0.8328377987254498,8.328377987254498,2.326213245840639,3.4893198687609583,16.0,automatic
501.0,165.0,2.7057581899030048,23.0,0.8152853087687374,-4.0974523329850854e-08,-4.182422408405273e-08,8.497007542018764e-10,0.8497007542018764,8.497007542018764,2.7057581899030048,4.058637284854507,28.0,automatic
255.0,167.0,3.9088200952233594,48.0,0.6317544938039172,-3.895744526971612e-08,-4.133800857175629e-08,2.380563302040173e-09,2.380563302040173,23.80563302040173,3.9088200952233594,5.8632301428350395,64.0,automatic
447.0,166.0,2.4592453796829674,19.0,1.2801537005750372,-4.059622327190482e-08,-4.210861526132703e-08,1.5123919894222126e-09,1.5123919894222126,15.123919894222126,2.4592453796829674,3.6888680695244513,24.0,automatic
343.0,168.0,2.326213245840639,17.0,1.2503645434029418,-4.0815585578002356e-08,-4.1986341514643755e-08,1.1707559366413989e-09,1.1707559366413989,11.707559366413989,2.326213245840639,3.4893198687609583,16.0,automatic
77.0,169.0,2.9316150714175193,27.0,1.1642661024177179,-4.082016147322065e-08,-4.22498018792794e-08,1.429640406058752e-09,1.429640406058752,14.29640406058752,2.9316150714175193,4.397422607126279,36.0,automatic
202.0,171.0,2.8209479177387813,25.0,1.155998164076126,-3.986699681490791e-08,-4.140292730880901e-08,1.5359304939011054e-09,1.5359304939011054,15.359304939011054,2.8209479177387813,4.231421876608172,36.0,automatic
468.0,170.0,2.6462837142006137,22.0,1.3628608270970017,-4.03651441160946e-08,-4.219857707710162e-08,1.83343296100702e-09,1.83343296100702,18.3343296100702,2.6462837142006137,3.9694255713009206,24.0,automatic
135.0,171.0,2.876813695875796,26.0,1.3328282662203883,-4.0188243843886085e-08,-4.206093962011437e-08,1.8726957762282836e-09,1.8726957762282836,18.726957762282836,2.876813695875796,4.315220543813694,36.0,automatic
304.0,171.0,2.393653682408596,18.0,1.3744708899359803,-4.103999273752379e-08,-4.209125670229241e-08,1.0512639647686228e-09,1.0512639647686228,10.512639647686228,2.393653682408596,3.590480523612894,16.0,automatic
47.0,172.0,2.256758334191025,16.0,1.3414659073803088,-4.0901781517277414e-08,-4.2103950548266766e-08,1.202169030989353e-09,1.202169030989353,12.021690309893529,2.256758334191025,3.385137501286538,16.0,automatic
373.0,172.0,2.4592453796829674,19.0,1.2801537005750372,-4.0959474034707455e-08,-4.222249749830098e-08,1.2630234635935267e-09,1.2630234635935267,12.630234635935267,2.4592453796829674,3.6888680695244513,24.0,automatic
223.0,174.0,2.256758334191025,16.0,1.3414659073803088,-3.9996727707602986e-08,-4.165892164564866e-08,1.6621939380456752e-09,1.6621939380456752,16.62193938045675,2.256758334191025,3.385137501286538,16.0,automatic
294.0,175.0,2.111004122822376,14.0,1.2947179437652614,-4.083774740593071e-08,-4.2006098155411564e-08,1.168350749480851e-09,1.168350749480851,11.68350749480851,2.111004122822376,3.1665061842335644,24.0,automatic
367.0,175.0,2.326213245840639,17.0,1.2503645434029418,-4.120324348377835e-08,-4.232298778106269e-08,1.1197442972843419e-09,1.1197442972843419,11.197442972843419,2.326213245840639,3.4893198687609583,16.0,automatic
510.0,176.0,2.111004122822376,14.0,1.3503486408337697,-4.0602035511483336e-08,-4.180869694891953e-08,1.2066614374361961e-09,1.2066614374361961,12.066614374361961,2.111004122822376,3.1665061842335644,17.0,automatic
162.0,177.0,1.9544100476116797,12.0,1.5079644737231006,-4.124222030554847e-08,-4.184234647652829e-08,6.0012617097982e-10,0.60012617097982,6.0012617097982,1.9544100476116797,2.9544100476116797,16.0,automatic
422.0,178.0,2.5231325220201604,20.0,1.2389643882700017,-4.002597719932055e-08,-4.196952652080199e-08,1.9435493214814414e-09,1.9435493214814414,19.435493214814414,2.5231325220201604,3.7846987830302403,24.0,automatic
175.0,178.0,2.6462837142006137,22.0,1.3175850953286932,-4.0181042493259156e-08,-4.1867863842526276e-08,1.6868213492671202e-09,1.6868213492671202,16.868213492671202,2.6462837142006137,3.9694255713009206,24.0,automatic
320.0,179.0,2.4592453796829674,19.0,1.3268842295691072,-4.070399484135123e-08,-4.2289260093753e-08,1.5852652524017685e-09,1.5852652524017685,15.852652524017685,2.4592453796829674,3.6888680695244513,24.0,automatic
53.0,181.0,2.4592453796829674,19.0,1.2358490431142122,-4.070412629175735e-08,-4.2079783213466726e-08,1.3756569217093784e-09,1.3756569217093784,13.756569217093784,2.4592453796829674,3.6888680695244513,24.0,automatic
397.0,182.0,3.141274657157109,31.0,1.140038260161506,-4.059785041476971e-08,-4.238890127794548e-08,1.7910508631757693e-09,1.7910508631757693,17.910508631757693,3.141274657157109,4.7119119857356635,40.0,automatic
290.0,184.0,2.9316150714175193,27.0,1.0589905252970802,-4.047169710474918e-08,-4.196926894906028e-08,1.4975718443110964e-09,1.4975718443110964,14.975718443110964,2.9316150714175193,4.397422607126279,36.0,automatic
486.0,181.0,2.5854414729132054,21.0,1.3009126076835016,-3.9874166191111726e-08,-4.161035072058894e-08,1.7361845294772138e-09,1.7361845294772138,17.361845294772138,2.5854414729132054,3.8781622093698083,24.0,automatic
9.0,182.0,2.5854414729132054,21.0,1.1618260528144841,-4.0476038520864677e-08,-4.220447280545159e-08,1.7284342845869105e-09,1.7284342845869105,17.284342845869105,2.5854414729132054,3.8781622093698083,24.0,automatic
122.0,183.0,3.0901936161855166,30.0,1.1328064426066646,-4.044006374215314e-08,-4.2021820689797096e-08,1.581756947643953e-09,1.581756947643953,15.81756947643953,3.0901936161855166,4.635290424278275,40.0,automatic
147.0,183.0,2.763953195770684,24.0,1.230303014972666,-4.074375681284437e-08,-4.2311990355869966e-08,1.568233543025599e-09,1.568233543025599,15.68233543025599,2.763953195770684,4.145929793656026,36.0,automatic
353.0,184.0,3.0382538898732494,29.0,1.1689103329366752,-3.981802265684564e-08,-4.2147609846665546e-08,2.329587189819904e-09,2.329587189819904,23.29587189819904,3.0382538898732494,4.557380834809874,40.0,automatic
220.0,187.0,3.385137501286538,36.0,1.1708043566345163,-3.938756165666746e-08,-4.1700936037614156e-08,2.3133743809466978e-09,2.313374380946698,23.133743809466978,3.385137501286538,5.077706251929807,44.0,automatic
106.0,187.0,2.1850968611841584,15.0,1.347246692390209,-4.1055674415702015e-08,-4.192433245009397e-08,8.686580343919559e-10,0.8686580343919559,8.686580343919559,2.1850968611841584,3.2776452917762375,24.0,automatic
322.0,185.0,2.0342144725641096,13.0,1.3932288539364366,-4.1248046755981704e-08,-4.223130289915389e-08,9.832561431721842e-10,0.9832561431721842,9.832561431721842,2.0342144725641096,3.0513217088461646,16.0,automatic
446.0,187.0,2.326213245840639,17.0,1.218174753098757,-4.043103629669531e-08,-4.179711865504032e-08,1.366082358345011e-09,1.366082358345011,13.66082358345011,2.326213245840639,3.4893198687609583,16.0,automatic
39.0,187.0,2.1850968611841584,15.0,1.3871977968913514,-4.1338999778872676e-08,-4.201780789969689e-08,6.788081208242147e-10,0.6788081208242147,6.788081208242147,2.1850968611841584,3.2776452917762375,24.0,automatic
170.0,188.0,2.9316150714175193,27.0,1.2484780172022165,-4.024616018227789e-08,-4.1906544012704217e-08,1.6603838304263263e-09,1.6603838304263263,16.603838304263263,2.9316150714175193,4.397422607126279,36.0,automatic
506.0,189.0,2.763953195770684,24.0,1.230303014972666,-4.0615045548975104e-08,-4.189870850268562e-08,1.2836629537105182e-09,1.2836629537105182,12.836629537105182,2.763953195770684,4.145929793656026,36.0,automatic
90.0,189.0,2.326213245840639,17.0,1.250364543402942,-4.1043563214770984e-08,-4.204076908820298e-08,9.972058734319944e-10,0.9972058734319944,9.972058734319944,2.326213245840639,3.4893198687609583,16.0,automatic
372.0,190.0,2.6462837142006137,22.0,1.25731000235922,-4.071418757689571e-08,-4.222608218640289e-08,1.5118946095071806e-09,1.5118946095071806,15.118946095071806,2.6462837142006137,3.9694255713009206,24.0,automatic
474.0,189.0,2.6462837142006137,22.0,1.3628608270970017,-4.067278425168297e-08,-4.203323733520392e-08,1.3604530835209516e-09,1.3604530835209516,13.604530835209516,2.6462837142006137,3.9694255713009206,24.0,automatic
70.0,192.0,2.9316150714175193,27.0,1.248478017202216,-3.9992904987684597e-08,-4.168365386192363e-08,1.6907488742390342e-09,1.6907488742390342,16.907488742390342,2.9316150714175193,4.397422607126279,36.0,automatic
355.0,192.0,1.692568750643269,9.0,1.6646373562696222,-4.134508557740446e-08,-4.199423209172437e-08,6.491465143199093e-10,0.6491465143199093,6.491465143199093,1.692568750643269,2.692568750643269,12.0,automatic
333.0,193.0,2.256758334191025,16.0,1.4796776500174416,-4.0912969012651956e-08,-4.181898560773334e-08,9.060165950813825e-10,0.9060165950813825,9.060165950813825,2.256758334191025,3.385137501286538,16.0,automatic
190.0,196.0,2.6462837142006137,22.0,1.217151102948507,-4.013817189729707e-08,-4.162712308186656e-08,1.488951184569487e-09,1.488951184569487,14.88951184569487,2.6462837142006137,3.9694255713009206,24.0,automatic
424.0,195.0,2.393653682408596,18.0,1.3744708899359803,-4.053103808132619e-08,-4.183583435235505e-08,1.304796271028863e-09,1.304796271028863,13.04796271028863,2.393653682408596,3.590480523612894,16.0,automatic
20.0,196.0,2.393653682408596,18.0,1.182869403904479,-4.107457840518691e-08,-4.222031080303168e-08,1.1457323978447675e-09,1.1457323978447675,11.457323978447675,2.393653682408596,3.590480523612894,16.0,automatic
104.0,198.0,2.8209479177387813,25.0,1.2815656405965272,-4.049626056712441e-08,-4.227865346706494e-08,1.7823928999405325e-09,1.7823928999405325,17.823928999405325,2.8209479177387813,4.231421876608172,36.0,automatic
265.0,197.0,2.4592453796829674,19.0,1.3974662543915228,-3.989952901406468e-08,-4.162346733949107e-08,1.7239383254263885e-09,1.7239383254263885,17.239383254263885,2.4592453796829674,3.6888680695244513,24.0,automatic
409.0,200.0,1.7841241161527712,10.0,1.612290114395414,-4.160774480510554e-08,-4.2284954204774294e-08,6.772093996687545e-10,0.6772093996687545,6.772093996687545,1.7841241161527712,2.7841241161527712,12.0,automatic
12.0,202.0,2.111004122822376,14.0,1.2947179437652614,-4.08269400509198e-08,-4.2066220728997905e-08,1.239280678078103e-09,1.239280678078103,12.39280678078103,2.111004122822376,3.1665061842335644,24.0,automatic
45.0,203.0,2.0342144725641096,13.0,1.393228853936436,-4.0850245852652733e-08,-4.166955314133247e-08,8.193072886797381e-10,0.8193072886797381,8.193072886797381,2.0342144725641096,3.0513217088461646,16.0,automatic
431.0,205.0,2.4592453796829674,19.0,1.2801537005750372,-4.054596303149083e-08,-4.173737799817445e-08,1.1914149666836238e-09,1.1914149666836238,11.914149666836238,2.4592453796829674,3.6888680695244513,24.0,automatic
147.0,206.0,2.5854414729132054,21.0,1.3009126076835016,-4.0535809375796816e-08,-4.213826798604714e-08,1.6024586102503235e-09,1.6024586102503235,16.024586102503235,2.5854414729132054,3.8781622093698083,24.0,automatic
305.0,204.0,1.8712051592547776,11.0,1.5596762428619324,-4.125810093569271e-08,-4.1993889254854366e-08,7.357883191616565e-10,0.7357883191616565,7.3578831916165655,1.8712051592547776,2.8712051592547776,16.0,automatic
88.0,207.0,2.5854414729132054,21.0,1.3009126076835018,-4.091156569074883e-08,-4.250520291293469e-08,1.593637222185862e-09,1.593637222185862,15.936372221858619,2.5854414729132054,3.8781622093698083,24.0,automatic
352.0,206.0,2.256758334191025,16.0,1.4796776500174416,-4.099674200119807e-08,-4.1976120357389846e-08,9.793783561917735e-10,0.9793783561917735,9.793783561917735,2.256758334191025,3.385137501286538,16.0,automatic
467.0,205.0,2.326213245840639,17.0,1.4253075265915784,-4.09672757939461e-08,-4.214688154036139e-08,1.179605746415291e-09,1.179605746415291,11.79605746415291,2.326213245840639,3.4893198687609583,16.0,automatic
1.0,208.0,2.5854414729132054,21.0,1.3009126076835018,-3.9969542342532804e-08,-4.168470013610204e-08,1.715157793569233e-09,1.715157793569233,17.15157793569233,2.5854414729132054,3.8781622093698083,15.0,automatic
47.0,210.0,2.256758334191025,16.0,1.3414659073803088,-4.0381472388162365e-08,-4.1710059406341315e-08,1.3285870181789505e-09,1.3285870181789505,13.285870181789505,2.256758334191025,3.385137501286538,16.0,automatic
235.0,212.0,3.2897623212397704,34.0,1.1747318946999283,-3.929795155954707e-08,-4.1509430559472094e-08,2.2114789999250206e-09,2.2114789999250206,22.114789999250206,3.2897623212397704,4.934643481859656,32.0,automatic
278.0,211.0,2.256758334191025,16.0,1.3414659073803088,-4.069789127925105e-08,-4.175263335071122e-08,1.0547420714601685e-09,1.0547420714601685,10.547420714601685,2.256758334191025,3.385137501286538,16.0,automatic
442.0,213.0,2.763953195770684,24.0,1.1431621365632298,-4.030966849200013e-08,-4.197743308509416e-08,1.6677645930940344e-09,1.6677645930940344,16.677645930940344,2.763953195770684,4.145929793656026,36.0,automatic
112.0,212.0,2.0342144725641096,13.0,1.4384513034845996,-4.1806998751781066e-08,-4.251255525389297e-08,7.055565021119037e-10,0.7055565021119037,7.055565021119037,2.0342144725641096,3.0513217088461646,16.0,automatic
135.0,212.0,2.5854414729132054,21.0,1.3009126076835016,-4.095099370715616e-08,-4.242156848022205e-08,1.4705747730658913e-09,1.4705747730658913,14.705747730658913,2.5854414729132054,3.8781622093698083,24.0,automatic
312.0,213.0,3.1915382432114616,32.0,1.1768136879086513,-4.019788590881035e-08,-4.2160174018590624e-08,1.9622881097802747e-09,1.9622881097802747,19.622881097802747,3.1915382432114616,4.787307364817193,32.0,automatic
386.0,214.0,2.763953195770684,24.0,1.1431621365632298,-4.1057806043909295e-08,-4.2685895706995325e-08,1.6280896630860298e-09,1.6280896630860298,16.280896630860298,2.763953195770684,4.145929793656026,36.0,automatic
35.0,214.0,2.4592453796829674,19.0,1.235849043114212,-4.0074599638728614e-08,-4.150879284736675e-08,1.4341932086381348e-09,1.4341932086381348,14.341932086381348,2.4592453796829674,3.6888680695244513,24.0,automatic
329.0,214.0,2.393653682408596,18.0,1.2127771900184563,-4.0812384582977757e-08,-4.178625090389687e-08,9.738663209191145e-10,0.9738663209191145,9.738663209191145,2.393653682408596,3.590480523612894,16.0,automatic
173.0,216.0,2.256758334191025,16.0,1.3414659073803088,-4.1147430351884395e-08,-4.188817293027114e-08,7.407425783867438e-10,0.7407425783867438,7.407425783867438,2.256758334191025,3.385137501286538,16.0,automatic
200.0,216.0,2.5854414729132054,21.0,1.414906721688199,-4.015048560290779e-08,-4.141907261612232e-08,1.2685870132145283e-09,1.2685870132145283,12.685870132145283,2.5854414729132054,3.8781622093698083,24.0,automatic
373.0,216.0,2.8209479177387813,25.0,1.1907938922533645,-4.0430492731502454e-08,-4.20930685862686e-08,1.6625758547661462e-09,1.6625758547661462,16.625758547661462,2.8209479177387813,4.231421876608172,36.0,automatic
507.0,217.0,1.8712051592547776,11.0,1.4822832322447796,-4.085179838853037e-08,-4.172967571491881e-08,8.778773263884432e-10,0.8778773263884432,8.778773263884432,1.8712051592547776,2.8712051592547776,16.0,automatic
264.0,218.0,2.256758334191025,16.0,1.3962634015954636,-4.035671707924848e-08,-4.158742505921964e-08,1.2307079799711573e-09,1.2307079799711573,12.307079799711573,2.256758334191025,3.385137501286538,16.0,automatic
487.0,219.0,3.0382538898732494,29.0,1.0664874046672148,-3.994598785084236e-08,-4.1736152311955266e-08,1.7901644611129086e-09,1.7901644611129086,17.901644611129086,3.0382538898732494,4.557380834809874,40.0,automatic
15.0,219.0,2.4592453796829674,19.0,1.2801537005750372,-4.049726953780919e-08,-4.2038053038595535e-08,1.5407835007863468e-09,1.5407835007863468,15.407835007863468,2.4592453796829674,3.6888680695244513,24.0,automatic
67.0,221.0,2.0342144725641096,13.0,1.332828266220388,-4.0987607974329876e-08,-4.1588124943814364e-08,6.005169694844881e-10,0.6005169694844881,6.005169694844881,2.0342144725641096,3.0513217088461646,16.0,automatic
415.0,221.0,2.763953195770684,24.0,1.3278012032165531,-4.0538594703320996e-08,-4.191909752648826e-08,1.3805028231672622e-09,1.3805028231672622,13.805028231672622,2.763953195770684,4.145929793656026,36.0,automatic
77.0,227.0,2.256758334191025,16.0,1.4796776500174416,-4.1079513124486766e-08,-4.2250176690572516e-08,1.17066356608575e-09,1.17066356608575,11.7066356608575,2.256758334191025,3.385137501286538,16.0,automatic
122.0,227.0,2.0342144725641096,13.0,1.3932288539364366,-4.185146806889861e-08,-4.2552789736305385e-08,7.013216674067735e-10,0.7013216674067735,7.013216674067735,2.0342144725641096,3.0513217088461646,16.0,automatic
175.0,228.0,2.9316150714175193,27.0,1.1642661024177179,-3.9615301261619607e-08,-4.183381463462865e-08,2.2185133730090456e-09,2.2185133730090456,22.185133730090456,2.9316150714175193,4.397422607126279,36.0,automatic
219.0,228.0,2.5231325220201604,20.0,1.347530211131618,-4.039475953732108e-08,-4.1656928573274854e-08,1.2621690359537752e-09,1.2621690359537752,12.621690359537752,2.5231325220201604,3.7846987830302403,24.0,automatic
471.0,228.0,2.7057581899030048,23.0,1.1790403893488048,-4.037171663640038e-08,-4.1787721727359894e-08,1.4160050909595157e-09,1.4160050909595157,14.160050909595157,2.7057581899030048,4.058637284854507,28.0,automatic
138.0,228.0,2.111004122822376,14.0,1.500400304239239,-4.183757340570082e-08,-4.2616060014211143e-08,7.784866085103204e-10,0.7784866085103204,7.784866085103204,2.111004122822376,3.1665061842335644,24.0,automatic
434.0,228.0,2.0342144725641096,13.0,1.5571460217520925,-4.0879889695588645e-08,-4.2110201547984616e-08,1.230311852395971e-09,1.230311852395971,12.30311852395971,2.0342144725641096,3.0513217088461646,16.0,automatic
5.0,230.0,2.763953195770684,24.0,1.230303014972666,-4.045386958750896e-08,-4.2114026044259845e-08,1.660156456750883e-09,1.660156456750883,16.60156456750883,2.763953195770684,4.145929793656026,36.0,automatic
50.0,233.0,3.3377905890622728,35.0,1.1382820133946694,-4.0073260265671706e-08,-4.172520817746772e-08,1.6519479117960145e-09,1.6519479117960145,16.519479117960145,3.3377905890622728,5.006685883593409,44.0,automatic
261.0,230.0,2.256758334191025,16.0,1.4796776500174416,-4.0788751931586376e-08,-4.1652693738569724e-08,8.639418069833482e-10,0.8639418069833482,8.639418069833482,2.256758334191025,3.385137501286538,16.0,automatic
449.0,232.0,2.763953195770684,24.0,1.3278012032165531,-4.006125564615104e-08,-4.183509005883934e-08,1.7738344126883021e-09,1.773834412688302,17.73834412688302,2.763953195770684,4.145929793656026,36.0,automatic
95.0,233.0,3.141274657157109,31.0,1.044335913627004,-4.0304282578063066e-08,-4.266752640091909e-08,2.3632438228560204e-09,2.3632438228560204,23.632438228560204,3.141274657157109,4.7119119857356635,40.0,automatic
302.0,231.0,2.985410660720923,28.0,1.2073870691739297,-4.005295295428368e-08,-4.196233049924558e-08,1.909377544961899e-09,1.9093775449618988,19.093775449618988,2.985410660720923,4.478115991081385,44.0,automatic
324.0,233.0,2.326213245840639,17.0,1.298111396050648,-4.050365731700367e-08,-4.181158708149724e-08,1.307929764493565e-09,1.307929764493565,13.07929764493565,2.326213245840639,3.4893198687609583,16.0,automatic
346.0,232.0,2.256758334191025,16.0,1.2972054426585062,-4.07905744737036e-08,-4.190116342783767e-08,1.110588954134073e-09,1.110588954134073,11.10588954134073,2.256758334191025,3.385137501286538,16.0,automatic
30.0,234.0,2.6462837142006137,22.0,1.25731000235922,-3.9851542510405125e-08,-4.14803285053722e-08,1.6287859949670747e-09,1.6287859949670747,16.287859949670747,2.6462837142006137,3.9694255713009206,24.0,automatic
423.0,235.0,2.111004122822376,14.0,1.2947179437652614,-4.144891008195373e-08,-4.2059790317239276e-08,6.108802352855491e-10,0.6108802352855491,6.108802352855491,2.111004122822376,3.1665061842335644,24.0,automatic
239.0,237.0,2.876813695875796,26.0,1.0197686539897803,-3.96868102825465e-08,-4.157960908912628e-08,1.8927988065797763e-09,1.8927988065797763,18.927988065797763,2.876813695875796,4.315220543813694,36.0,automatic
507.0,234.0,1.9544100476116797,12.0,1.3278012032165534,-4.0963115566228225e-08,-4.186521707083557e-08,9.021015046073444e-10,0.9021015046073444,9.021015046073444,1.9544100476116797,2.9544100476116797,16.0,automatic
382.0,237.0,2.6462837142006137,22.0,1.217151102948507,-4.097924843904366e-08,-4.275492138106074e-08,1.7756729420170814e-09,1.7756729420170814,17.756729420170814,2.6462837142006137,3.9694255713009206,24.0,automatic
65.0,237.0,2.326213245840639,17.0,1.2503645434029418,-4.076454374057903e-08,-4.159510602619321e-08,8.305622856141781e-10,0.8305622856141781,8.305622856141781,2.326213245840639,3.4893198687609583,16.0,automatic
205.0,240.0,2.8209479177387813,25.0,1.109335267076305,-3.975307549808349e-08,-4.139055320706575e-08,1.63747770898226e-09,1.63747770898226,16.3747770898226,2.8209479177387813,4.231421876608172,36.0,automatic
314.0,241.0,1.8712051592547776,11.0,1.5596762428619324,-4.1456058141875474e-08,-4.2059850713371816e-08,6.037925714963421e-10,0.6037925714963421,6.037925714963421,1.8712051592547776,2.8712051592547776,16.0,automatic
134.0,242.0,2.111004122822376,14.0,1.500400304239239,-4.13390459641505e-08,-4.2534097133284376e-08,1.195051169133876e-09,1.195051169133876,11.950511691338761,2.111004122822376,3.1665061842335644,24.0,automatic
121.0,243.0,2.0342144725641096,13.0,1.332828266220388,-4.181629265076481e-08,-4.2640936115390105e-08,8.246434646252965e-10,0.8246434646252965,8.246434646252965,2.0342144725641096,3.0513217088461646,16.0,automatic
360.0,244.0,2.6462837142006137,22.0,1.3175850953286932,-4.0504126275209273e-08,-4.2046194081990507e-08,1.5420678067812332e-09,1.5420678067812332,15.420678067812332,2.6462837142006137,3.9694255713009206,24.0,automatic
408.0,245.0,2.5854414729132054,21.0,1.3009126076835016,-4.0739532636280273e-08,-4.194570912829931e-08,1.2061764920190399e-09,1.2061764920190399,12.061764920190399,2.5854414729132054,3.8781622093698083,24.0,automatic
16.0,249.0,2.6462837142006137,22.0,1.1277777637249438,-3.9887645186809095e-08,-4.140495235560593e-08,1.5173071687968331e-09,1.5173071687968331,15.173071687968331,2.6462837142006137,3.9694255713009206,24.0,automatic
77.0,248.0,2.5854414729132054,21.0,1.200159547706528,-3.98243145127708e-08,-4.1664236505312147e-08,1.839921992541349e-09,1.839921992541349,18.39921992541349,2.5854414729132054,3.8781622093698083,24.0,automatic
149.0,248.0,2.5231325220201604,20.0,1.3008937295939076,-4.104442652419493e-08,-4.250511231873588e-08,1.4606857945409502e-09,1.4606857945409502,14.606857945409502,2.5231325220201604,3.7846987830302403,24.0,automatic
400.0,248.0,2.5231325220201604,20.0,1.347530211131618,-4.0413667079519655e-08,-4.211145565591323e-08,1.6977885763935774e-09,1.6977885763935774,16.977885763935774,2.5231325220201604,3.7846987830302403,24.0,automatic
434.0,248.0,2.0342144725641096,13.0,1.5571460217520925,-4.138191300739891e-08,-4.213971926958493e-08,7.578062621860226e-10,0.7578062621860226,7.5780626218602265,2.0342144725641096,3.0513217088461646,16.0,automatic
227.0,250.0,2.6462837142006137,22.0,1.217151102948507,-4.034235701055877e-08,-4.146536980442761e-08,1.1230127938688383e-09,1.1230127938688383,11.230127938688383,2.6462837142006137,3.9694255713009206,24.0,automatic
289.0,253.0,2.985410660720923,28.0,1.0982123966043789,-3.956716909669922e-08,-4.1978724496516406e-08,2.411555399817189e-09,2.411555399817189,24.11555399817189,2.985410660720923,4.478115991081385,44.0,automatic
494.0,250.0,2.256758334191025,16.0,1.3414659073803088,-4.0061856054762757e-08,-4.176573042968812e-08,1.7038743749253626e-09,1.7038743749253626,17.038743749253626,2.256758334191025,3.385137501286538,16.0,automatic
481.0,252.0,2.393653682408596,18.0,1.2127771900184563,-4.014736276758413e-08,-4.160744637715652e-08,1.4600836095723935e-09,1.4600836095723935,14.600836095723935,2.393653682408596,3.590480523612894,16.0,automatic
130.0,252.0,2.7057581899030048,23.0,1.1433285346948794,-4.064271763581928e-08,-4.254145302695633e-08,1.898735391137052e-09,1.898735391137052,18.98735391137052,2.7057581899030048,4.058637284854507,28.0,automatic
338.0,254.0,2.7057581899030048,23.0,1.1790403893488048,-4.018724553134234e-08,-4.1922868732058305e-08,1.7356232007159633e-09,1.7356232007159633,17.356232007159633,2.7057581899030048,4.058637284854507,28.0,automatic
438.0,252.0,2.111004122822376,14.0,1.500400304239239,-4.136368758622666e-08,-4.212479787213397e-08,7.611102859073071e-10,0.7611102859073071,7.611102859073071,2.111004122822376,3.1665061842335644,24.0,automatic
250.0,256.0,2.7057581899030048,23.0,1.27247615308253,-4.010873766446821e-08,-4.180520107865959e-08,1.6964634141913848e-09,1.6964634141913848,16.964634141913848,2.7057581899030048,4.058637284854507,28.0,automatic
448.0,254.0,2.1850968611841584,15.0,1.446802115179039,-4.080556692542814e-08,-4.188862412490835e-08,1.0830571994802085e-09,1.0830571994802085,10.830571994802085,2.1850968611841584,3.2776452917762375,24.0,automatic
110.0,256.0,2.326213245840639,17.0,1.298111396050648,-4.1402504535881235e-08,-4.276816589765531e-08,1.3656613617740732e-09,1.3656613617740732,13.656613617740732,2.326213245840639,3.4893198687609583,16.0,automatic
365.0,258.0,2.5231325220201604,20.0,1.2389643882700017,-4.088526850409835e-08,-4.219786475800902e-08,1.3125962539106695e-09,1.3125962539106695,13.125962539106695,2.5231325220201604,3.7846987830302403,24.0,automatic
53.0,258.0,1.692568750643269,9.0,1.6646373562696222,-4.11397209632014e-08,-4.1929586913624917e-08,7.898659504235184e-10,0.7898659504235184,7.898659504235184,1.692568750643269,2.692568750643269,12.0,automatic
86.0,260.0,2.763953195770684,24.0,1.1431621365632298,-4.0137710044518826e-08,-4.184341584334561e-08,1.7057057988267843e-09,1.7057057988267843,17.057057988267843,2.763953195770684,4.145929793656026,36.0,automatic
241.0,261.0,2.8209479177387813,25.0,1.0780241689052945,-3.9885748037704616e-08,-4.1702003628074635e-08,1.8162555903700195e-09,1.8162555903700195,18.162555903700195,2.8209479177387813,4.231421876608172,36.0,automatic
320.0,260.0,2.256758334191025,16.0,1.2217519021653156,-4.0810373747035555e-08,-4.187191393612011e-08,1.0615401890845533e-09,1.0615401890845533,10.615401890845533,2.256758334191025,3.385137501286538,16.0,automatic
100.0,260.0,2.393653682408596,18.0,0.947631740705876,-4.168509804003406e-08,-4.283145038641578e-08,1.1463523463817182e-09,1.1463523463817182,11.463523463817182,2.393653682408596,3.590480523612894,16.0,automatic
181.0,262.0,2.0342144725641096,13.0,1.3932288539364366,-4.12257250559378e-08,-4.2014059786765756e-08,7.883347308279554e-10,0.7883347308279554,7.8833473082795535,2.0342144725641096,3.0513217088461646,16.0,automatic
266.0,262.0,2.326213245840639,17.0,1.3335436244481749,-4.03300184359523e-08,-4.1743502876556704e-08,1.4134844406044067e-09,1.4134844406044067,14.134844406044067,2.326213245840639,3.4893198687609583,16.0,automatic
345.0,262.0,2.393653682408596,18.0,1.3744708899359803,-4.054145463783243e-08,-4.199974412699703e-08,1.4582894891645992e-09,1.4582894891645992,14.582894891645992,2.393653682408596,3.590480523612894,16.0,automatic
38.0,264.0,2.5231325220201604,20.0,1.1978046321169937,-4.027453925914415e-08,-4.171126199992159e-08,1.4367227407774408e-09,1.4367227407774408,14.367227407774408,2.5231325220201604,3.7846987830302403,24.0,automatic
452.0,264.0,2.6462837142006137,22.0,1.0936185984037978,-4.006104603604399e-08,-4.1777413528620855e-08,1.7163674925768646e-09,1.7163674925768646,17.163674925768646,2.6462837142006137,3.9694255713009206,24.0,automatic
4.0,266.0,2.4592453796829674,19.0,1.051175952546438,-3.9627568781952505e-08,-4.139206666309292e-08,1.7644978811404144e-09,1.7644978811404144,17.644978811404144,2.4592453796829674,3.6888680695244513,24.0,automatic
161.0,268.0,2.7057581899030048,23.0,1.1790403893488048,-4.0854295946246566e-08,-4.222795269015478e-08,1.3736567439082137e-09,1.3736567439082137,13.736567439082137,2.7057581899030048,4.058637284854507,28.0,automatic
50.0,267.0,2.5231325220201604,20.0,1.2693627443114652,-4.052700575130075e-08,-4.182202673064239e-08,1.2950209793416434e-09,1.2950209793416434,12.950209793416434,2.5231325220201604,3.7846987830302403,24.0,automatic
139.0,267.0,2.5854414729132054,21.0,1.1618260528144844,-4.117401175562918e-08,-4.255864993751857e-08,1.384638181889386e-09,1.384638181889386,13.84638181889386,2.5854414729132054,3.8781622093698083,24.0,automatic
218.0,266.0,2.111004122822376,14.0,1.500400304239239,-4.019134536292768e-08,-4.1482593360342435e-08,1.2912479974147573e-09,1.2912479974147573,12.912479974147573,2.111004122822376,3.1665061842335644,24.0,automatic
481.0,266.0,2.256758334191025,16.0,1.3414659073803088,-4.041948287181185e-08,-4.166497014068682e-08,1.2454872688749674e-09,1.2454872688749674,12.454872688749674,2.256758334191025,3.385137501286538,16.0,automatic
503.0,268.0,2.876813695875796,26.0,1.3328282662203883,-3.973299556037091e-08,-4.1762749702911606e-08,2.029754142540696e-09,2.029754142540696,20.297541425406962,2.876813695875796,4.315220543813694,36.0,automatic
150.0,268.0,2.0342144725641096,13.0,1.3932288539364366,-4.173098844262313e-08,-4.248611240598166e-08,7.551239633585283e-10,0.7551239633585283,7.551239633585283,2.0342144725641096,3.0513217088461646,16.0,automatic
411.0,268.0,2.326213245840639,17.0,1.4253075265915784,-4.081456950189022e-08,-4.205994841299798e-08,1.245378911107764e-09,1.245378911107764,12.45378911107764,2.326213245840639,3.4893198687609583,16.0,automatic
285.0,270.0,2.256758334191025,16.0,1.2217519021653158,-4.090425775871154e-08,-4.197676695127939e-08,1.0725091925678498e-09,1.0725091925678498,10.725091925678498,2.256758334191025,3.385137501286538,16.0,automatic
306.0,269.0,2.393653682408596,18.0,1.2127771900184563,-4.0580445670457266e-08,-4.214779991684736e-08,1.5673542463900958e-09,1.5673542463900958,15.673542463900958,2.393653682408596,3.590480523612894,16.0,automatic
405.0,269.0,1.7841241161527712,10.0,1.612290114395414,-4.1420214813570055e-08,-4.22223180862602e-08,8.021032726901467e-10,0.8021032726901467,8.021032726901467,1.7841241161527712,2.7841241161527712,12.0,automatic
77.0,271.0,2.111004122822376,14.0,1.4353535174681107,-4.109729800916284e-08,-4.1917630255738914e-08,8.203322465760721e-10,0.8203322465760721,8.20332246576072,2.111004122822376,3.1665061842335644,24.0,automatic
184.0,270.0,2.393653682408596,18.0,1.3744708899359803,-4.033821809912297e-08,-4.2062460181568895e-08,1.724242082445926e-09,1.724242082445926,17.24242082445926,2.393653682408596,3.590480523612894,16.0,automatic
384.0,271.0,2.326213245840639,17.0,1.2503645434029418,-4.0837925041614653e-08,-4.202551906473673e-08,1.1875940231220738e-09,1.1875940231220738,11.875940231220738,2.326213245840639,3.4893198687609583,16.0,automatic
203.0,273.0,2.6462837142006137,22.0,1.3628608270970017,-3.9975905252731536e-08,-4.127133834685992e-08,1.2954330941283843e-09,1.2954330941283843,12.954330941283843,2.6462837142006137,3.9694255713009206,24.0,automatic
338.0,274.0,2.5854414729132054,21.0,1.414906721688199,-4.054788860230474e-08,-4.1913240877988756e-08,1.3653522756840175e-09,1.3653522756840175,13.653522756840175,2.5854414729132054,3.8781622093698083,24.0,automatic
421.0,272.0,2.393653682408596,18.0,1.3744708899359803,-4.0411265445072786e-08,-4.19984083066538e-08,1.5871428615810146e-09,1.5871428615810146,15.871428615810146,2.393653682408596,3.590480523612894,16.0,automatic
233.0,275.0,2.326213245840639,17.0,1.2503645434029418,-3.996178676857198e-08,-4.1557704832939635e-08,1.5959180643676518e-09,1.5959180643676518,15.959180643676518,2.326213245840639,3.4893198687609583,16.0,automatic
455.0,275.0,2.393653682408596,18.0,1.3239153988972328,-4.057658742340209e-08,-4.187718971593313e-08,1.300602292531039e-09,1.300602292531039,13.00602292531039,2.393653682408596,3.590480523612894,16.0,automatic
368.0,276.0,2.0342144725641096,13.0,1.5571460217520925,-4.0839012172000366e-08,-4.173643297633589e-08,8.974208043355247e-10,0.8974208043355247,8.974208043355247,2.0342144725641096,3.0513217088461646,16.0,automatic
329.0,280.0,2.5231325220201604,20.0,1.1699258078548693,-4.054375679629629e-08,-4.185613278195888e-08,1.3123759856625838e-09,1.3123759856625838,13.123759856625838,2.5231325220201604,3.7846987830302403,24.0,automatic
369.0,280.0,2.6462837142006137,22.0,1.25731000235922,-4.046761858944592e-08,-4.1993651223037887e-08,1.5260326335919672e-09,1.5260326335919672,15.260326335919672,2.6462837142006137,3.9694255713009206,24.0,automatic
106.0,281.0,2.326213245840639,17.0,1.2503645434029418,-4.142482268321146e-08,-4.2620730056341927e-08,1.195907373130467e-09,1.195907373130467,11.95907373130467,2.326213245840639,3.4893198687609583,16.0,automatic
265.0,280.0,2.111004122822376,14.0,1.3503486408337697,-4.067258174700328e-08,-4.171322309787229e-08,1.0406413508690093e-09,1.0406413508690093,10.406413508690093,2.111004122822376,3.1665061842335644,24.0,automatic
488.0,285.0,2.876813695875796,26.0,1.2022380906391712,-4.0009126678342e-08,-4.175358725433398e-08,1.7444605759919796e-09,1.7444605759919796,17.444605759919796,2.876813695875796,4.315220543813694,36.0,automatic
44.0,283.0,2.111004122822376,14.0,1.2947179437652614,-4.075446824458595e-08,-4.1568689823634486e-08,8.142215790485352e-10,0.8142215790485352,8.142215790485352,2.111004122822376,3.1665061842335644,24.0,automatic
15.0,285.0,2.5854414729132054,21.0,1.2576948637228438,-3.961615036018884e-08,-4.12111624825684e-08,1.5950121223795577e-09,1.5950121223795577,15.950121223795577,2.5854414729132054,3.8781622093698083,24.0,automatic
118.0,284.0,2.7057581899030048,23.0,1.314460457011912,-4.119358365528569e-08,-4.29984456928878e-08,1.8048620376021063e-09,1.8048620376021063,18.048620376021063,2.7057581899030048,4.058637284854507,28.0,automatic
309.0,284.0,2.6462837142006137,22.0,1.217151102948507,-3.99489969993283e-08,-4.1649405702059994e-08,1.7004087027316928e-09,1.7004087027316928,17.004087027316928,2.6462837142006137,3.9694255713009206,24.0,automatic
54.0,286.0,2.0342144725641096,13.0,1.5571460217520925,-4.0846927618076734e-08,-4.180623669469696e-08,9.593090766202295e-10,0.9593090766202295,9.593090766202295,2.0342144725641096,3.0513217088461646,16.0,automatic
86.0,287.0,2.876813695875796,26.0,1.2022380906391716,-4.002194131658143e-08,-4.215902649207237e-08,2.137085175490938e-09,2.137085175490938,21.37085175490938,2.876813695875796,4.315220543813694,36.0,automatic
223.0,288.0,2.326213245840639,17.0,1.250364543402942,-4.027162603392753e-08,-4.136883546834724e-08,1.0972094344197103e-09,1.0972094344197103,10.972094344197103,2.326213245840639,3.4893198687609583,16.0,automatic
415.0,288.0,2.763953195770684,24.0,1.1431621365632298,-4.030341571592544e-08,-4.196781411280881e-08,1.6643983968833709e-09,1.6643983968833709,16.64398396883371,2.763953195770684,4.145929793656026,36.0,automatic
246.0,291.0,3.0382538898732494,29.0,1.1689103329366752,-3.994005837171244e-08,-4.177241308411794e-08,1.832354712405504e-09,1.832354712405504,18.32354712405504,3.0382538898732494,4.557380834809874,40.0,automatic
443.0,290.0,1.8712051592547776,11.0,1.4822832322447796,-4.108800766289278e-08,-4.211590898250961e-08,1.0279013196168307e-09,1.0279013196168307,10.279013196168307,1.8712051592547776,2.8712051592547776,16.0,automatic
36.0,290.0,1.8712051592547776,11.0,1.430983102553298,-4.0730405714839435e-08,-4.1390809002450624e-08,6.604032876111887e-10,0.6604032876111887,6.604032876111887,1.8712051592547776,2.8712051592547776,16.0,automatic
294.0,289.0,1.8712051592547776,11.0,1.6931479507424014,-4.1330149969098784e-08,-4.1990009691517116e-08,6.598597224183322e-10,0.6598597224183322,6.598597224183322,1.8712051592547776,2.8712051592547776,16.0,automatic
322.0,290.0,2.111004122822376,14.0,1.500400304239239,-4.099861072859312e-08,-4.1818873697252457e-08,8.202629686593355e-10,0.8202629686593355,8.202629686593355,2.111004122822376,3.1665061842335644,24.0,automatic
379.0,289.0,2.1850968611841584,15.0,1.3871977968913514,-4.0308581361614415e-08,-4.1633471781210574e-08,1.3248904195961586e-09,1.3248904195961586,13.248904195961586,2.1850968611841584,3.2776452917762375,24.0,automatic
463.0,290.0,2.7057581899030048,23.0,1.1790403893488048,-4.001460496283471e-08,-4.199180381192491e-08,1.9771988490902004e-09,1.9771988490902004,19.771988490902004,2.7057581899030048,4.058637284854507,28.0,automatic
182.0,293.0,2.7057581899030048,23.0,1.2724761530825304,-4.025833888476882e-08,-4.199363168311265e-08,1.7352927983438349e-09,1.7352927983438349,17.35292798343835,2.7057581899030048,4.058637284854507,28.0,automatic
398.0,294.0,2.7057581899030048,23.0,1.27247615308253,-4.033012857007634e-08,-4.235033124189158e-08,2.020202671815241e-09,2.020202671815241,20.20202671815241,2.7057581899030048,4.058637284854507,28.0,automatic
47.0,296.0,2.763953195770684,24.0,1.0349032021490827,-4.031364042589303e-08,-4.1686190499490294e-08,1.3725500735972673e-09,1.3725500735972673,13.725500735972673,2.763953195770684,4.145929793656026,36.0,automatic
189.0,295.0,2.111004122822376,14.0,1.4353535174681107,-4.075956283600135e-08,-4.222155780553294e-08,1.4619949695315881e-09,1.4619949695315881,14.619949695315881,2.111004122822376,3.1665061842335644,24.0,automatic
356.0,297.0,2.876813695875796,26.0,1.1775984918438862,-4.024547806125156e-08,-4.2079696171981595e-08,1.8342181107300348e-09,1.8342181107300348,18.34218110730035,2.876813695875796,4.315220543813694,36.0,automatic
18.0,296.0,1.9544100476116797,12.0,1.4373655585403924,-4.038669842998388e-08,-4.1207618650673794e-08,8.209202206899135e-10,0.8209202206899135,8.209202206899135,1.9544100476116797,2.9544100476116797,16.0,automatic
37.0,296.0,2.0342144725641096,13.0,1.393228853936436,-4.0660268041392555e-08,-4.1457983712689384e-08,7.977156712968281e-10,0.7977156712968281,7.977156712968281,2.0342144725641096,3.0513217088461646,16.0,automatic
285.0,297.0,2.111004122822376,14.0,1.500400304239239,-4.06144593512181e-08,-4.1707657771894446e-08,1.0931984206763445e-09,1.0931984206763445,10.931984206763445,2.111004122822376,3.1665061842335644,24.0,automatic
217.0,298.0,2.876813695875796,26.0,1.2022380906391716,-3.9276354613093645e-08,-4.137659459502174e-08,2.100239981928098e-09,2.100239981928098,21.00239981928098,2.876813695875796,4.315220543813694,36.0,automatic
126.0,299.0,1.8712051592547776,11.0,1.3725291727209639,-4.216652271793464e-08,-4.276975218431289e-08,6.032294663782523e-10,0.6032294663782523,6.0322946637825225,1.8712051592547776,2.8712051592547776,16.0,automatic
505.0,299.0,2.763953195770684,24.0,1.1097582375130814,-4.019097943341876e-08,-4.187064561733678e-08,1.679666183918016e-09,1.679666183918016,16.79666183918016,2.763953195770684,4.145929793656026,36.0,automatic
305.0,301.0,2.326213245840639,17.0,1.298111396050648,-4.042372481194434e-08,-4.156438748736946e-08,1.1406626754251192e-09,1.1406626754251192,11.406626754251192,2.326213245840639,3.4893198687609583,16.0,automatic
164.0,303.0,2.6462837142006137,22.0,1.217151102948507,-4.121142183066695e-08,-4.2666876254315866e-08,1.4554544236489164e-09,1.4554544236489164,14.554544236489164,2.6462837142006137,3.9694255713009206,24.0,automatic
264.0,303.0,2.4592453796829674,19.0,1.2801537005750372,-4.0235157428014645e-08,-4.1466513778232184e-08,1.2313563502175384e-09,1.2313563502175384,12.313563502175384,2.4592453796829674,3.6888680695244513,24.0,automatic
420.0,301.0,1.5957691216057308,8.0,1.8288145488861385,-4.1471512446378256e-08,-4.214307303129772e-08,6.715605849194617e-10,0.6715605849194617,6.715605849194617,1.5957691216057308,2.5957691216057306,12.0,automatic
149.0,303.0,2.256758334191025,16.0,1.2898320915163308,-4.23093950985276e-08,-4.3053759668509883e-08,7.44364569982281e-10,0.744364569982281,7.4436456998228095,2.256758334191025,3.385137501286538,16.0,automatic
105.0,303.0,1.9544100476116797,12.0,1.4373655585403924,-4.156006738753604e-08,-4.250431651087183e-08,9.442491233357941e-10,0.9442491233357941,9.442491233357941,1.9544100476116797,2.9544100476116797,16.0,automatic
371.0,305.0,2.1850968611841584,15.0,1.387197796891351,-4.077426041249055e-08,-4.164606259848824e-08,8.718021859976943e-10,0.8718021859976943,8.718021859976943,2.1850968611841584,3.2776452917762375,24.0,automatic
66.0,306.0,2.6462837142006137,22.0,1.217151102948507,-4.015535637336143e-08,-4.193269198538019e-08,1.77733561201876e-09,1.77733561201876,17.7733561201876,2.6462837142006137,3.9694255713009206,24.0,automatic
247.0,306.0,2.763953195770684,24.0,1.230303014972666,-4.012692400578999e-08,-4.182038004785227e-08,1.6934560420622802e-09,1.6934560420622802,16.9345604206228,2.763953195770684,4.145929793656026,36.0,automatic
460.0,307.0,2.7057581899030048,23.0,1.27247615308253,-4.026099631460056e-08,-4.2012075596176146e-08,1.751079281575585e-09,1.751079281575585,17.51079281575585,2.7057581899030048,4.058637284854507,28.0,automatic
141.0,307.0,2.111004122822376,14.0,1.3918782161502878,-4.235004524844044e-08,-4.300184563987841e-08,6.518003914379733e-10,0.6518003914379733,6.518003914379733,2.111004122822376,3.1665061842335644,24.0,automatic
414.0,307.0,2.4592453796829674,19.0,1.2801537005750367,-4.094408012633721e-08,-4.208454384979632e-08,1.1404637234591064e-09,1.1404637234591064,11.404637234591064,2.4592453796829674,3.6888680695244513,24.0,automatic
443.0,309.0,2.5854414729132054,21.0,1.2576948637228433,-4.0362309050578915e-08,-4.197575087516725e-08,1.6134418245883353e-09,1.6134418245883353,16.134418245883353,2.5854414729132054,3.8781622093698083,24.0,automatic
330.0,310.0,2.8209479177387813,25.0,1.1907938922533645,-4.014178855982209e-08,-4.1844790743539306e-08,1.7030021837172171e-09,1.7030021837172171,17.03002183717217,2.8209479177387813,4.231421876608172,36.0,automatic
229.0,310.0,1.8712051592547776,11.0,1.4822832322447796,-4.1164550879102535e-08,-4.184655644223767e-08,6.820055631351352e-10,0.6820055631351352,6.820055631351352,1.8712051592547776,2.8712051592547776,16.0,automatic
395.0,311.0,2.256758334191025,16.0,1.2898320915163313,-4.116235174933536e-08,-4.214016513515162e-08,9.778133858162619e-10,0.9778133858162619,9.778133858162619,2.256758334191025,3.385137501286538,16.0,automatic
48.0,312.0,2.326213245840639,17.0,1.4253075265915784,-4.0428034253636724e-08,-4.172428269555439e-08,1.296248441917669e-09,1.296248441917669,12.96248441917669,2.326213245840639,3.4893198687609583,16.0,automatic
5.0,314.0,2.7057581899030048,23.0,1.2164519430623795,-3.960933270263922e-08,-4.103430484292403e-08,1.4249721402848081e-09,1.4249721402848081,14.249721402848081,2.7057581899030048,4.058637284854507,28.0,automatic
115.0,314.0,2.256758334191025,16.0,1.3414659073803088,-4.071332782018544e-08,-4.227840122439375e-08,1.5650734042083059e-09,1.5650734042083059,15.650734042083059,2.256758334191025,3.385137501286538,16.0,automatic
88.0,314.0,2.256758334191025,16.0,1.3414659073803088,-4.095355521371857e-08,-4.215157112241741e-08,1.1980159086988351e-09,1.1980159086988351,11.980159086988351,2.256758334191025,3.385137501286538,16.0,automatic
372.0,316.0,2.4592453796829674,19.0,1.2358490431142122,-4.019617350081717e-08,-4.160006383813197e-08,1.403890337314806e-09,1.403890337314806,14.03890337314806,2.4592453796829674,3.6888680695244513,24.0,automatic
464.0,315.0,2.393653682408596,18.0,1.2570482174865227,-4.077340420849396e-08,-4.2000023015020815e-08,1.226618806526858e-09,1.226618806526858,12.26618806526858,2.393653682408596,3.590480523612894,16.0,automatic
209.0,316.0,2.111004122822376,14.0,1.3918782161502878,-4.098966854826358e-08,-4.1641847303708346e-08,6.521787554447656e-10,0.6521787554447656,6.521787554447656,2.111004122822376,3.1665061842335644,24.0,automatic
287.0,317.0,2.8209479177387813,25.0,1.155998164076126,-4.001937981001902e-08,-4.165394074107098e-08,1.6345609310519649e-09,1.6345609310519649,16.34560931051965,2.8209479177387813,4.231421876608172,36.0,automatic
133.0,317.0,2.763953195770684,24.0,1.1930384709859614,-4.073435988516394e-08,-4.241578999142348e-08,1.6814301062595405e-09,1.6814301062595405,16.814301062595405,2.763953195770684,4.145929793656026,36.0,automatic
225.0,316.0,1.8712051592547776,11.0,1.430983102553298,-4.1427291819218226e-08,-4.2096075958397705e-08,6.687841391794791e-10,0.6687841391794791,6.687841391794791,1.8712051592547776,2.8712051592547776,16.0,automatic
393.0,318.0,2.0342144725641096,13.0,1.332828266220388,-4.0841591442131175e-08,-4.189998392689631e-08,1.058392484765136e-09,1.058392484765136,10.58392484765136,2.0342144725641096,3.0513217088461646,16.0,automatic
413.0,321.0,2.5231325220201604,20.0,1.2389643882700014,-4.081637783315273e-08,-4.206523485095204e-08,1.2488570177993097e-09,1.2488570177993097,12.488570177993097,2.5231325220201604,3.7846987830302403,24.0,automatic
504.0,319.0,2.763953195770684,24.0,1.230303014972666,-4.044628454380472e-08,-4.2001301991945184e-08,1.555017448140461e-09,1.555017448140461,15.55017448140461,2.763953195770684,4.145929793656026,36.0,automatic
163.0,323.0,2.6462837142006137,22.0,1.217151102948507,-4.026949795843393e-08,-4.2474356476418507e-08,2.204858517984576e-09,2.204858517984576,22.04858517984576,2.6462837142006137,3.9694255713009206,24.0,automatic
450.0,326.0,2.6462837142006137,22.0,1.217151102948507,-4.012348142623523e-08,-4.185879554086114e-08,1.7353141146259077e-09,1.7353141146259077,17.353141146259077,2.6462837142006137,3.9694255713009206,24.0,automatic
245.0,327.0,2.7057581899030048,23.0,1.11904675662114,-3.9536846685450655e-08,-4.125794816900452e-08,1.7211014835538663e-09,1.7211014835538663,17.211014835538663,2.7057581899030048,4.058637284854507,28.0,automatic
322.0,325.0,2.763953195770684,24.0,1.230303014972666,-4.0046078453315204e-08,-4.183832480464389e-08,1.7922463513286857e-09,1.7922463513286857,17.922463513286857,2.763953195770684,4.145929793656026,36.0,automatic
25.0,327.0,1.9544100476116797,12.0,1.4373655585403928,-4.0429984693446386e-08,-4.142402687534741e-08,9.940421819010226e-10,0.9940421819010226,9.940421819010226,1.9544100476116797,2.9544100476116797,16.0,automatic
310.0,327.0,2.5854414729132054,21.0,1.3009126076835018,-4.0165996750829436e-08,-4.165564071456629e-08,1.489643963736853e-09,1.489643963736853,14.89643963736853,2.5854414729132054,3.8781622093698083,24.0,automatic
54.0,328.0,2.0342144725641096,13.0,1.332828266220388,-4.0829622349747297e-08,-4.1744836920543094e-08,9.15214570795797e-10,0.915214570795797,9.15214570795797,2.0342144725641096,3.0513217088461646,16.0,automatic
202.0,329.0,2.763953195770684,24.0,1.230303014972666,-4.014919241512871e-08,-4.184122026629211e-08,1.6920278511634024e-09,1.6920278511634024,16.920278511634024,2.763953195770684,4.145929793656026,36.0,automatic
293.0,329.0,2.326213245840639,17.0,1.250364543402942,-4.044111534540207e-08,-4.180600576830784e-08,1.3648904229057734e-09,1.3648904229057734,13.648904229057734,2.326213245840639,3.4893198687609583,16.0,automatic
415.0,328.0,1.9544100476116797,12.0,1.4373655585403924,-4.0985625560097105e-08,-4.2066668370921434e-08,1.0810428108243286e-09,1.0810428108243286,10.810428108243286,1.9544100476116797,2.9544100476116797,16.0,automatic
101.0,329.0,2.326213245840639,17.0,1.298111396050648,-4.084415294869359e-08,-4.232086858735329e-08,1.476715638659698e-09,1.476715638659698,14.76715638659698,2.326213245840639,3.4893198687609583,16.0,automatic
269.0,330.0,2.5854414729132054,21.0,1.3009126076835016,-3.9786058891877474e-08,-4.162328792745029e-08,1.8372290355728182e-09,1.8372290355728182,18.372290355728182,2.5854414729132054,3.8781622093698083,24.0,automatic
83.0,332.0,2.0342144725641096,13.0,1.3932288539364366,-4.096370176398523e-08,-4.2014089984832026e-08,1.0503882208467985e-09,1.0503882208467985,10.503882208467985,2.0342144725641096,3.0513217088461646,16.0,automatic
347.0,334.0,2.6462837142006137,22.0,1.2171511029485071,-4.024839128646818e-08,-4.201887016108685e-08,1.770478874618675e-09,1.770478874618675,17.70478874618675,2.6462837142006137,3.9694255713009206,24.0,automatic
478.0,332.0,2.0342144725641096,13.0,1.5571460217520925,-4.1477878909290666e-08,-4.220464511206501e-08,7.267662027743427e-10,0.7267662027743427,7.267662027743427,2.0342144725641096,3.0513217088461646,16.0,automatic
174.0,336.0,2.1850968611841584,15.0,1.446802115179039,-4.132440878379384e-08,-4.258221153463637e-08,1.2578027508425293e-09,1.2578027508425293,12.578027508425293,2.1850968611841584,3.2776452917762375,24.0,automatic
298.0,336.0,2.256758334191025,16.0,1.3414659073803088,-4.076045101442105e-08,-4.191595159852568e-08,1.1555005841046295e-09,1.1555005841046295,11.555005841046295,2.256758334191025,3.385137501286538,16.0,automatic
23.0,338.0,2.763953195770684,24.0,1.230303014972666,-3.9901749460113933e-08,-4.135412723371701e-08,1.4523777736030752e-09,1.4523777736030752,14.523777736030752,2.763953195770684,4.145929793656026,36.0,automatic
135.0,337.0,2.1850968611841584,15.0,1.387197796891351,-4.125302766055938e-08,-4.246462914636595e-08,1.2116014858065682e-09,1.2116014858065682,12.116014858065682,2.1850968611841584,3.2776452917762375,24.0,automatic
52.0,339.0,2.5854414729132054,21.0,1.1618260528144841,-3.936744263910441e-08,-4.152620469710655e-08,2.1587620580021394e-09,2.1587620580021394,21.587620580021394,2.5854414729132054,3.8781622093698083,24.0,automatic
188.0,337.0,1.7841241161527712,10.0,1.612290114395414,-4.183930002454872e-08,-4.2686870926900156e-08,8.475709023514355e-10,0.8475709023514355,8.475709023514355,1.7841241161527712,2.7841241161527712,12.0,automatic
432.0,339.0,2.5231325220201604,20.0,1.2389643882700014,-4.0236280085537146e-08,-4.165936573485851e-08,1.423085649321365e-09,1.423085649321365,14.23085649321365,2.5231325220201604,3.7846987830302403,24.0,automatic
453.0,339.0,2.4592453796829674,19.0,1.2358490431142117,-4.0719925209486973e-08,-4.197954162066253e-08,1.259616411175557e-09,1.259616411175557,12.59616411175557,2.4592453796829674,3.6888680695244513,24.0,automatic
233.0,340.0,2.1850968611841584,15.0,1.3871977968913514,-4.054561131283663e-08,-4.1837623143692326e-08,1.2920118308556994e-09,1.2920118308556994,12.920118308556994,2.1850968611841584,3.2776452917762375,24.0,automatic
403.0,341.0,2.763953195770684,24.0,1.1097582375130814,-4.038029643993468e-08,-4.1988386101365904e-08,1.6080896614312223e-09,1.6080896614312223,16.080896614312223,2.763953195770684,4.145929793656026,36.0,automatic
483.0,340.0,2.111004122822376,14.0,1.500400304239239,-4.125277541788819e-08,-4.233703343459183e-08,1.084258016703643e-09,1.084258016703643,10.84258016703643,2.111004122822376,3.1665061842335644,24.0,automatic
115.0,341.0,2.111004122822376,14.0,1.2947179437652614,-4.147168652934852e-08,-4.224652982998123e-08,7.748433006327105e-10,0.7748433006327105,7.7484330063271045,2.111004122822376,3.1665061842335644,24.0,automatic
381.0,340.0,2.256758334191025,16.0,1.3414659073803088,-4.035655010170558e-08,-4.1767611591581044e-08,1.4110614898754648e-09,1.4110614898754648,14.110614898754648,2.256758334191025,3.385137501286538,16.0,automatic
507.0,342.0,2.0342144725641096,13.0,1.332828266220388,-4.046673041102622e-08,-4.191680424980859e-08,1.450073838782373e-09,1.450073838782373,14.50073838782373,2.0342144725641096,3.0513217088461646,16.0,automatic
91.0,343.0,2.256758334191025,16.0,1.341465907380309,-4.1065327138767316e-08,-4.204682824138217e-08,9.815011026148568e-10,0.9815011026148568,9.815011026148568,2.256758334191025,3.385137501286538,16.0,automatic
71.0,345.0,2.7057581899030048,23.0,1.1790403893488046,-3.988947483435368e-08,-4.171380751927245e-08,1.8243326849187724e-09,1.8243326849187724,18.243326849187724,2.7057581899030048,4.058637284854507,28.0,automatic
206.0,348.0,2.876813695875796,26.0,1.2384256479434992,-3.9481250269091106e-08,-4.173131351592474e-08,2.2500632468336335e-09,2.2500632468336335,22.500632468336335,2.876813695875796,4.315220543813694,36.0,automatic
465.0,346.0,2.111004122822376,14.0,1.500400304239239,-4.0824744473866303e-08,-4.2074722372831275e-08,1.2499778989649712e-09,1.2499778989649712,12.499778989649712,2.111004122822376,3.1665061842335644,24.0,automatic
398.0,350.0,2.1850968611841584,15.0,1.387197796891351,-4.045805113150891e-08,-4.1916528914498485e-08,1.4584777829895756e-09,1.4584777829895756,14.584777829895756,2.1850968611841584,3.2776452917762375,24.0,automatic
415.0,350.0,3.0382538898732494,29.0,0.6399157502577701,-4.112807516776229e-08,-4.239532458427675e-08,1.2672494165144599e-09,1.2672494165144599,12.672494165144599,3.0382538898732494,4.557380834809874,40.0,automatic
110.0,351.0,2.393653682408596,18.0,1.2127771900184563,-4.124734687138698e-08,-4.244412821208243e-08,1.196781340695452e-09,1.196781340695452,11.96781340695452,2.393653682408596,3.590480523612894,16.0,automatic
155.0,351.0,2.111004122822376,14.0,1.1350547623261935,-4.158751920613213e-08,-4.245643658862264e-08,8.689173824905083e-10,0.8689173824905083,8.689173824905083,2.111004122822376,3.1665061842335644,24.0,automatic
245.0,352.0,2.4592453796829674,19.0,1.2801537005750372,-3.994015429498177e-08,-4.16581524831372e-08,1.717998188155434e-09,1.717998188155434,17.17998188155434,2.4592453796829674,3.6888680695244513,24.0,automatic
99.0,354.0,2.7057581899030048,23.0,1.1790403893488046,-3.985803331829629e-08,-4.2004344891211076e-08,2.146311572914783e-09,2.146311572914783,21.46311572914783,2.7057581899030048,4.058637284854507,28.0,automatic
178.0,353.0,2.7057581899030048,23.0,1.314460457011912,-4.0116034938364464e-08,-4.213414506182289e-08,2.0181101234584276e-09,2.0181101234584276,20.181101234584276,2.7057581899030048,4.058637284854507,28.0,automatic
317.0,352.0,1.7841241161527712,10.0,1.8656479534119152,-4.109961082576774e-08,-4.186226121305481e-08,7.626503872870671e-10,0.7626503872870671,7.626503872870671,1.7841241161527712,2.7841241161527712,12.0,automatic
230.0,354.0,2.393653682408596,18.0,1.2127771900184563,-4.0652363253457224e-08,-4.2123115662207056e-08,1.4707524087498314e-09,1.4707524087498314,14.707524087498314,2.393653682408596,3.590480523612894,16.0,automatic
266.0,354.0,2.326213245840639,17.0,1.1454006794618754,-4.105039153046164e-08,-4.191749169990544e-08,8.671001694438019e-10,0.8671001694438019,8.671001694438019,2.326213245840639,3.4893198687609583,16.0,automatic
362.0,355.0,1.8712051592547776,11.0,1.4822832322447796,-4.048300894510248e-08,-4.134283138057526e-08,8.59822435472779e-10,0.859822435472779,8.59822435472779,1.8712051592547776,2.8712051592547776,16.0,automatic
511.0,358.0,2.8209479177387813,25.0,1.1907938922533645,-3.990555086375025e-08,-4.0883206153807805e-08,9.776552900575552e-10,0.9776552900575552,9.776552900575552,2.8209479177387813,4.231421876608172,20.0,automatic
4.0,356.0,1.8712051592547776,11.0,1.5596762428619324,-4.1220737045932765e-08,-4.191307390044585e-08,6.92336854513087e-10,0.692336854513087,6.92336854513087,1.8712051592547776,2.8712051592547776,16.0,automatic
18.0,358.0,2.876813695875796,26.0,1.2022380906391716,-4.0178530724688244e-08,-4.199310410513135e-08,1.8145733804431075e-09,1.8145733804431075,18.145733804431075,2.876813695875796,4.315220543813694,36.0,automatic
142.0,356.0,2.0342144725641096,13.0,1.5571460217520925,-4.1727684418901845e-08,-4.257614527602982e-08,8.48460857127975e-10,0.848460857127975,8.48460857127975,2.0342144725641096,3.0513217088461646,16.0,automatic
387.0,356.0,1.5957691216057308,8.0,1.8288145488861385,-4.105828921296961e-08,-4.167556610923384e-08,6.172768962642294e-10,0.6172768962642294,6.172768962642294,1.5957691216057308,2.5957691216057306,12.0,automatic
442.0,359.0,2.256758334191025,16.0,1.3414659073803088,-4.056899172155681e-08,-4.197123004701098e-08,1.4022383254541637e-09,1.4022383254541637,14.022383254541637,2.256758334191025,3.385137501286538,16.0,automatic
339.0,360.0,2.6462837142006137,22.0,1.2171511029485071,-4.0164398029673976e-08,-4.184588320299554e-08,1.6814851733215619e-09,1.6814851733215619,16.81485173321562,2.6462837142006137,3.9694255713009206,24.0,automatic
127.0,361.0,2.876813695875796,26.0,1.1211451356615063,-4.061455527448743e-08,-4.2345490669504215e-08,1.730935395016786e-09,1.730935395016786,17.30935395016786,2.876813695875796,4.315220543813694,36.0,automatic
363.0,360.0,2.393653682408596,18.0,1.3239153988972323,-3.970259854213509e-08,-4.134490794172052e-08,1.6423093995854288e-09,1.6423093995854288,16.423093995854288,2.393653682408596,3.590480523612894,16.0,automatic
290.0,364.0,3.1915382432114616,32.0,1.0780241689052945,-3.936557746442304e-08,-4.176332701888441e-08,2.3977495544613703e-09,2.3977495544613703,23.977495544613703,3.1915382432114616,4.787307364817193,32.0,automatic
327.0,363.0,2.111004122822376,14.0,1.2947179437652614,-4.074435011602873e-08,-4.158202848714154e-08,8.376783711128155e-10,0.8376783711128155,8.376783711128155,2.111004122822376,3.1665061842335644,24.0,automatic
54.0,365.0,2.6462837142006137,22.0,1.217151102948507,-3.9570046794779046e-08,-4.145882392947442e-08,1.888777134695374e-09,1.8887771346953741,18.88777134695374,2.6462837142006137,3.9694255713009206,24.0,automatic
314.0,364.0,2.326213245840639,17.0,1.2503645434029418,-4.068659364975247e-08,-4.1870029221513505e-08,1.1834355717610379e-09,1.1834355717610379,11.834355717610379,2.326213245840639,3.4893198687609583,16.0,automatic
213.0,365.0,2.326213245840639,17.0,1.2503645434029418,-4.063890557404193e-08,-4.204053638545702e-08,1.4016308114150888e-09,1.4016308114150888,14.016308114150888,2.326213245840639,3.4893198687609583,16.0,automatic
87.0,368.0,2.111004122822376,14.0,1.294717943765261,-4.122040309084696e-08,-4.200027703404885e-08,7.79873943201892e-10,0.779873943201892,7.79873943201892,2.111004122822376,3.1665061842335644,24.0,automatic
196.0,368.0,2.4592453796829674,19.0,1.2801537005750372,-4.077772430832738e-08,-4.246779283789692e-08,1.690068529569544e-09,1.690068529569544,16.90068529569544,2.4592453796829674,3.6888680695244513,24.0,automatic
29.0,368.0,2.393653682408596,18.0,1.3239153988972323,-4.017970312020225e-08,-4.1369203174213e-08,1.1895000540107503e-09,1.1895000540107503,11.895000540107503,2.393653682408596,3.590480523612894,16.0,automatic
167.0,369.0,2.763953195770684,24.0,1.109758237513081,-4.017445220938498e-08,-4.205079839891823e-08,1.876346189533251e-09,1.8763461895332512,18.76346189533251,2.763953195770684,4.145929793656026,36.0,automatic
417.0,369.0,2.985410660720923,28.0,1.1286030800767899,-3.9683754948782735e-08,-4.2133244448905316e-08,2.4494895001225814e-09,2.4494895001225814,24.494895001225814,2.985410660720923,4.478115991081385,44.0,automatic
231.0,370.0,2.5231325220201604,20.0,1.1978046321169937,-4.026580668892166e-08,-4.208226123125769e-08,1.8164545423360323e-09,1.8164545423360323,18.164545423360323,2.5231325220201604,3.7846987830302403,24.0,automatic
389.0,370.0,2.763953195770684,24.0,1.3278012032165531,-4.008026266433262e-08,-4.1667382433274724e-08,1.5871197689421024e-09,1.5871197689421024,15.871197689421024,2.763953195770684,4.145929793656026,36.0,automatic
486.0,373.0,3.6996385101659595,43.0,0.9941584211054686,-3.9394297601802464e-08,-4.19437924392696e-08,2.5494948374671367e-09,2.5494948374671367,25.494948374671367,3.6996385101659595,5.549457765248939,52.0,automatic
22.0,372.0,2.4592453796829674,19.0,1.3974662543915228,-4.0790528288425776e-08,-4.203232784050215e-08,1.2417995520763725e-09,1.2417995520763725,12.417995520763725,2.4592453796829674,3.6888680695244513,24.0,automatic
261.0,371.0,2.5231325220201604,20.0,1.347530211131618,-4.042951928795446e-08,-4.1913306603191813e-08,1.4837873152373504e-09,1.4837873152373504,14.837873152373504,2.5231325220201604,3.7846987830302403,24.0,automatic
94.0,373.0,2.256758334191025,16.0,1.3414659073803088,-4.061817193701245e-08,-4.196616032459133e-08,1.34798838757888e-09,1.34798838757888,13.4798838757888,2.256758334191025,3.385137501286538,16.0,automatic
465.0,375.0,2.763953195770684,24.0,1.1930384709859614,-4.032103362305861e-08,-4.1834724129330425e-08,1.5136905062718142e-09,1.5136905062718142,15.136905062718142,2.763953195770684,4.145929793656026,36.0,automatic
74.0,378.0,2.985410660720923,28.0,1.2073870691739297,-3.997358888341296e-08,-4.1744955936451333e-08,1.7713670530383752e-09,1.7713670530383752,17.71367053038375,2.985410660720923,4.478115991081385,44.0,automatic
444.0,377.0,2.1850968611841584,15.0,1.4378358467122618,-4.14037835128056e-08,-4.235739048397136e-08,9.536069711657547e-10,0.9536069711657547,9.536069711657547,2.1850968611841584,3.2776452917762375,24.0,automatic
113.0,379.0,2.326213245840639,17.0,1.4253075265915784,-4.1245140636192446e-08,-4.2260518640091504e-08,1.015378003899059e-09,1.015378003899059,10.15378003899059,2.326213245840639,3.4893198687609583,16.0,automatic
285.0,379.0,2.9316150714175193,27.0,1.0882958272169045,-3.995533859324496e-08,-4.1722412191802505e-08,1.7670735985575448e-09,1.7670735985575448,17.670735985575448,2.9316150714175193,4.397422607126279,36.0,automatic
90.0,380.0,2.111004122822376,14.0,1.500400304239239,-4.108925466539404e-08,-4.195105063331539e-08,8.617959679213527e-10,0.8617959679213527,8.617959679213527,2.111004122822376,3.1665061842335644,24.0,automatic
146.0,380.0,2.1850968611841584,15.0,1.446802115179039,-4.122411922935498e-08,-4.231662309450712e-08,1.092503865152139e-09,1.092503865152139,10.92503865152139,2.1850968611841584,3.2776452917762375,24.0,automatic
166.0,383.0,2.6462837142006137,22.0,1.1788859533308307,-4.0762131447991123e-08,-4.2131148347834824e-08,1.3690168998437002e-09,1.3690168998437002,13.690168998437002,2.6462837142006137,3.9694255713009206,24.0,automatic
335.0,384.0,3.431831258788849,37.0,1.1079692847082196,-3.887436506033737e-08,-4.1484966573079873e-08,2.6106015127425053e-09,2.6106015127425053,26.106015127425053,3.431831258788849,5.147746888183273,52.0,automatic
50.0,382.0,2.0342144725641096,13.0,1.292458343568125,-4.0659617894789335e-08,-4.156030541935252e-08,9.006875245631818e-10,0.9006875245631818,9.006875245631818,2.0342144725641096,3.0513217088461646,16.0,automatic
180.0,385.0,1.8712051592547776,11.0,1.4822832322447796,-4.157327282428014e-08,-4.24617550009998e-08,8.884821767196627e-10,0.8884821767196627,8.884821767196627,1.8712051592547776,2.8712051592547776,16.0,automatic
313.0,384.0,1.8712051592547776,11.0,1.4822832322447796,-4.14777723278803e-08,-4.2093970975543016e-08,6.161986476627135e-10,0.6161986476627135,6.161986476627135,1.8712051592547776,2.8712051592547776,16.0,automatic
360.0,387.0,2.7057581899030048,23.0,1.1790403893488048,-3.9182580735541706e-08,-4.0863834982474145e-08,1.6812542469324399e-09,1.6812542469324399,16.8125424693244,2.7057581899030048,4.058637284854507,28.0,automatic
436.0,385.0,2.1850968611841584,15.0,1.446802115179039,-4.112644447218372e-08,-4.236324180340034e-08,1.2367973312166214e-09,1.2367973312166214,12.367973312166214,2.1850968611841584,3.2776452917762375,24.0,automatic
145.0,386.0,2.4592453796829674,19.0,1.1379144005111441,-4.089621441494273e-08,-4.219954519157909e-08,1.3033307766363578e-09,1.3033307766363578,13.033307766363578,2.4592453796829674,3.6888680695244513,24.0,automatic
506.0,386.0,2.7057581899030048,23.0,1.27247615308253,-4.051888424783101e-08,-4.197672609507208e-08,1.4578418472410704e-09,1.4578418472410704,14.578418472410704,2.7057581899030048,4.058637284854507,28.0,automatic
231.0,386.0,2.393653682408596,18.0,1.3744708899359803,-4.04865083680761e-08,-4.186880353529432e-08,1.382295167218217e-09,1.382295167218217,13.822951672182171,2.393653682408596,3.590480523612894,16.0,automatic
260.0,392.0,3.523362819972964,39.0,1.021894997668909,-3.9474560509233925e-08,-4.1860072741428667e-08,2.385512232194742e-09,2.385512232194742,23.85512232194742,3.523362819972964,5.285044229959446,52.0,automatic
387.0,393.0,2.4592453796829674,19.0,1.3268842295691072,-4.0683787005946215e-08,-4.209407755695338e-08,1.410290551007165e-09,1.410290551007165,14.10290551007165,2.4592453796829674,3.6888680695244513,24.0,automatic
62.0,394.0,2.393653682408596,18.0,1.1708043566345165,-4.0430435888083593e-08,-4.1689450114290594e-08,1.2590142262070003e-09,1.2590142262070003,12.590142262070003,2.393653682408596,3.590480523612894,16.0,automatic
191.0,394.0,2.6462837142006137,22.0,1.217151102948507,-4.0656090050106286e-08,-4.230476058353361e-08,1.648670533427321e-09,1.648670533427321,16.48670533427321,2.6462837142006137,3.9694255713009206,24.0,automatic
134.0,397.0,2.5231325220201604,20.0,1.2389643882700014,-4.0983728410992626e-08,-4.2176992565146065e-08,1.1932641541534394e-09,1.1932641541534394,11.932641541534394,2.5231325220201604,3.7846987830302403,24.0,automatic
509.0,398.0,2.4592453796829674,19.0,1.1770161688565013,-4.064384739876914e-08,-4.20071231133079e-08,1.3632757145387586e-09,1.3632757145387586,13.632757145387586,2.4592453796829674,3.6888680695244513,19.0,automatic
312.0,400.0,2.4592453796829674,19.0,1.3974662543915228,-4.054800228914246e-08,-4.213963755717032e-08,1.5916352680278578e-09,1.5916352680278578,15.916352680278578,2.4592453796829674,3.6888680695244513,24.0,automatic
346.0,399.0,2.0342144725641096,13.0,1.5571460217520925,-4.066836822858022e-08,-4.164340872137018e-08,9.75040492789958e-10,0.9750404927899581,9.75040492789958,2.0342144725641096,3.0513217088461646,16.0,automatic
42.0,402.0,2.7057581899030048,23.0,1.1790403893488048,-3.977559259737973e-08,-4.153749522117778e-08,1.7619026237980506e-09,1.7619026237980506,17.619026237980506,2.7057581899030048,4.058637284854507,28.0,automatic
78.0,401.0,2.111004122822376,14.0,1.2947179437652614,-4.10237852577211e-08,-4.190159508254965e-08,8.77809824828546e-10,0.877809824828546,8.77809824828546,2.111004122822376,3.1665061842335644,24.0,automatic
290.0,403.0,2.4592453796829674,19.0,1.1770161688565015,-4.032407829868134e-08,-4.1700939590327835e-08,1.3768612916464917e-09,1.3768612916464917,13.768612916464917,2.4592453796829674,3.6888680695244513,24.0,automatic
168.0,403.0,2.4592453796829674,19.0,1.235849043114212,-4.0715711691063916e-08,-4.2336552041888353e-08,1.6208403508244373e-09,1.6208403508244373,16.208403508244373,2.4592453796829674,3.6888680695244513,24.0,automatic
199.0,403.0,2.111004122822376,14.0,1.3503486408337697,-4.133966413633061e-08,-4.2245645204275206e-08,9.059810679445945e-10,0.9059810679445945,9.059810679445945,2.111004122822376,3.1665061842335644,24.0,automatic
375.0,402.0,2.5854414729132054,21.0,1.200159547706528,-3.98155499681252e-08,-4.163887545871603e-08,1.8233254905908325e-09,1.8233254905908325,18.233254905908325,2.5854414729132054,3.8781622093698083,24.0,automatic
431.0,404.0,3.2897623212397704,34.0,1.0789583326647454,-4.02241049357599e-08,-4.204207471047994e-08,1.8179697747200407e-09,1.8179697747200407,18.179697747200407,3.2897623212397704,4.934643481859656,32.0,automatic
142.0,403.0,1.7841241161527712,10.0,1.612290114395414,-4.149418231236268e-08,-4.2372001018975425e-08,8.77818706612743e-10,0.877818706612743,8.77818706612743,1.7841241161527712,2.7841241161527712,12.0,automatic
94.0,404.0,2.326213245840639,17.0,1.4253075265915784,-4.071635473223978e-08,-4.199281278260969e-08,1.2764580503699108e-09,1.2764580503699108,12.764580503699108,2.326213245840639,3.4893198687609583,16.0,automatic
106.0,405.0,2.9316150714175193,27.0,1.1642661024177179,-4.043480572590852e-08,-4.2174622905122305e-08,1.7398171792137873e-09,1.7398171792137873,17.398171792137873,2.9316150714175193,4.397422607126279,36.0,automatic
322.0,405.0,2.5231325220201604,20.0,1.2693627443114652,-4.0817546675953054e-08,-4.2256040444499376e-08,1.4384937685463228e-09,1.4384937685463228,14.384937685463228,2.5231325220201604,3.7846987830302403,24.0,automatic
13.0,404.0,1.8712051592547776,11.0,1.5596762428619324,-4.137825726502342e-08,-4.203612213871111e-08,6.578648736876858e-10,0.6578648736876858,6.578648736876858,1.8712051592547776,2.8712051592547776,16.0,automatic
222.0,406.0,2.6462837142006137,22.0,1.217151102948507,-3.962669126167384e-08,-4.147318577452097e-08,1.84649451284713e-09,1.84649451284713,18.4649451284713,2.6462837142006137,3.9694255713009206,24.0,automatic
116.0,408.0,2.393653682408596,18.0,1.2127771900184563,-4.11574347936039e-08,-4.22296082547291e-08,1.0721734611252032e-09,1.0721734611252032,10.721734611252032,2.393653682408596,3.590480523612894,16.0,automatic
341.0,408.0,1.692568750643269,9.0,1.7671458676442586,-4.091210215051433e-08,-4.17449861345176e-08,8.328839840032742e-10,0.8328839840032742,8.328839840032742,1.692568750643269,2.692568750643269,12.0,automatic
18.0,413.0,3.0382538898732494,29.0,1.2505080359301415,-4.014755461412278e-08,-4.200051328950849e-08,1.8529586753857075e-09,1.8529586753857075,18.529586753857075,3.0382538898732494,4.557380834809874,40.0,automatic
402.0,412.0,3.385137501286538,36.0,1.1424264698803188,-3.921286051422612e-08,-4.199177716657232e-08,2.7789166523461972e-09,2.7789166523461972,27.789166523461972,3.385137501286538,5.077706251929807,44.0,automatic
137.0,413.0,2.256758334191025,16.0,1.4796776500174416,-4.112909124387443e-08,-4.23445296604541e-08,1.2154384165796728e-09,1.2154384165796728,12.154384165796728,2.256758334191025,3.385137501286538,16.0,automatic
177.0,415.0,2.7057581899030048,23.0,1.1790403893488048,-4.0761239716857744e-08,-4.2483510043211936e-08,1.7222703263541916e-09,1.7222703263541916,17.222703263541916,2.7057581899030048,4.058637284854507,28.0,automatic
66.0,416.0,2.985410660720923,28.0,1.2073870691739297,-4.0051556737807914e-08,-4.17263432694881e-08,1.6747865316801835e-09,1.6747865316801835,16.747865316801835,2.985410660720923,4.478115991081385,44.0,automatic
365.0,416.0,2.876813695875796,26.0,1.0479885743570188,-3.9399388640504185e-08,-4.107334206082669e-08,1.6739534203225048e-09,1.6739534203225048,16.73953420322505,2.876813695875796,4.315220543813694,36.0,automatic
472.0,417.0,2.876813695875796,26.0,1.1211451356615063,-3.954400185079976e-08,-4.193378266847958e-08,2.3897808176798208e-09,2.3897808176798208,23.897808176798208,2.876813695875796,4.315220543813694,36.0,automatic
40.0,417.0,1.9544100476116797,12.0,1.4373655585403924,-4.083948113020597e-08,-4.179537604898087e-08,9.558949187749022e-10,0.9558949187749022,9.558949187749022,1.9544100476116797,2.9544100476116797,16.0,automatic
261.0,419.0,2.985410660720923,28.0,1.2073870691739297,-3.94779497980835e-08,-4.187937285848875e-08,2.40142306040525e-09,2.40142306040525,24.0142306040525,2.985410660720923,4.478115991081385,44.0,automatic
372.0,418.0,2.111004122822376,14.0,1.257430246230862,-4.0447286409062144e-08,-4.1287973928660904e-08,8.406875195987595e-10,0.8406875195987595,8.406875195987595,2.111004122822376,3.1665061842335644,24.0,automatic
185.0,419.0,2.393653682408596,18.0,1.2127771900184563,-4.1155931995717765e-08,-4.244475526604674e-08,1.288823270328976e-09,1.288823270328976,12.88823270328976,2.393653682408596,3.590480523612894,16.0,automatic
206.0,419.0,2.985410660720923,28.0,1.1286030800767899,-3.967168638041585e-08,-4.198854419712461e-08,2.3168578167087617e-09,2.3168578167087617,23.168578167087617,2.985410660720923,4.478115991081385,44.0,automatic
236.0,419.0,3.2897623212397704,34.0,1.1057596701548218,-3.953996952077432e-08,-4.168040668162121e-08,2.1404371608468864e-09,2.1404371608468864,21.404371608468864,3.2897623212397704,4.934643481859656,32.0,automatic
425.0,419.0,3.2410224072142872,33.0,0.9128633272113801,-4.0109100041263446e-08,-4.207554127333424e-08,1.9664412320707925e-09,1.9664412320707925,19.664412320707925,3.2410224072142872,4.86153361082143,32.0,automatic
83.0,421.0,2.1850968611841584,15.0,1.446802115179039,-4.039135603761679e-08,-4.1752715063125834e-08,1.3613590255090458e-09,1.3613590255090458,13.613590255090458,2.1850968611841584,3.2776452917762375,24.0,automatic
326.0,422.0,2.8209479177387813,25.0,1.1559981640761265,-4.0368497877807386e-08,-4.229109862308178e-08,1.9226007452743943e-09,1.9226007452743943,19.226007452743943,2.8209479177387813,4.231421876608172,36.0,automatic
494.0,425.0,2.763953195770684,24.0,1.3278012032165531,-4.032985501112307e-08,-4.218633975483499e-08,1.856484743711917e-09,1.856484743711917,18.56484743711917,2.763953195770684,4.145929793656026,36.0,automatic
21.0,430.0,2.393653682408596,18.0,1.3239153988972323,-4.0702449410900954e-08,-4.211791804209497e-08,1.4154686311940168e-09,1.4154686311940168,14.154686311940168,2.393653682408596,3.590480523612894,16.0,automatic
454.0,429.0,2.7057581899030048,23.0,1.1790403893488048,-4.0256690425621855e-08,-4.176865608940261e-08,1.5119656637807566e-09,1.5119656637807566,15.119656637807566,2.7057581899030048,4.058637284854507,28.0,automatic
65.0,430.0,2.876813695875796,26.0,1.2022380906391716,-3.986210117545852e-08,-4.195615410651499e-08,2.094052931056467e-09,2.094052931056467,20.94052931056467,2.876813695875796,4.315220543813694,36.0,automatic
157.0,431.0,2.393653682408596,18.0,1.2898320915163313,-4.1210547863101965e-08,-4.238122031097191e-08,1.170672447869947e-09,1.170672447869947,11.70672447869947,2.393653682408596,3.590480523612894,16.0,automatic
131.0,432.0,1.9544100476116797,12.0,1.5079644737231006,-4.1088405566824804e-08,-4.1970730890739105e-08,8.823253239143014e-10,0.8823253239143014,8.823253239143014,1.9544100476116797,2.9544100476116797,16.0,automatic
0.0,437.0,2.1850968611841584,15.0,1.2576242881690396,-4.073416093319793e-08,-4.168374800883612e-08,9.495870756381919e-10,0.9495870756381919,9.495870756381919,2.1850968611841584,3.2776452917762375,13.0,automatic
310.0,435.0,2.7057581899030048,23.0,1.1790403893488048,-3.9919779482033846e-08,-4.199823955275406e-08,2.0784600707202117e-09,2.0784600707202117,20.784600707202117,2.7057581899030048,4.058637284854507,28.0,automatic
110.0,438.0,3.141274657157109,31.0,1.2158780105262765,-4.017214649820744e-08,-4.197764980062857e-08,1.8055033024211298e-09,1.8055033024211298,18.055033024211298,3.141274657157109,4.7119119857356635,40.0,automatic
349.0,437.0,2.326213245840639,17.0,1.4253075265915784,-4.0766778397482994e-08,-4.206514603311007e-08,1.2983676356270735e-09,1.2983676356270735,12.983676356270735,2.326213245840639,3.4893198687609583,16.0,automatic
437.0,438.0,2.326213245840639,17.0,1.4253075265915784,-4.0711448434649355e-08,-4.2134042033126207e-08,1.4225935984768512e-09,1.4225935984768512,14.225935984768512,2.326213245840639,3.4893198687609583,16.0,automatic
495.0,437.0,2.8209479177387813,25.0,1.155998164076126,-4.047624457825805e-08,-4.228632199954063e-08,1.8100774212825854e-09,1.8100774212825854,18.100774212825854,2.8209479177387813,4.231421876608172,36.0,automatic
49.0,439.0,2.6462837142006137,22.0,1.2171511029485071,-3.9834890941392587e-08,-4.194607683416507e-08,2.1111858927724825e-09,2.1111858927724825,21.111858927724825,2.6462837142006137,3.9694255713009206,24.0,automatic
394.0,440.0,3.3377905890622728,35.0,1.138282013394669,-3.913221036100367e-08,-4.15868957048815e-08,2.454685343877827e-09,2.454685343877827,24.54685343877827,3.3377905890622728,5.006685883593409,44.0,automatic
80.0,439.0,1.692568750643269,9.0,1.9471165152225645,-4.088787974865227e-08,-4.217976368181553e-08,1.2918839331632626e-09,1.2918839331632626,12.918839331632626,1.692568750643269,2.692568750643269,12.0,automatic
293.0,441.0,2.985410660720923,28.0,1.1737826689577704,-3.9541610874493927e-08,-4.165799971644901e-08,2.116388841955086e-09,2.116388841955086,21.163888419550858,2.985410660720923,4.478115991081385,44.0,automatic
140.0,443.0,2.6462837142006137,22.0,1.0936185984037976,-4.07813409708524e-08,-4.211582371738132e-08,1.33448274652892e-09,1.33448274652892,13.3448274652892,2.6462837142006137,3.9694255713009206,24.0,automatic
417.0,443.0,2.4592453796829674,19.0,1.3974662543915228,-4.012665755226408e-08,-4.185959667779571e-08,1.7329391255316295e-09,1.7329391255316295,17.329391255316295,2.4592453796829674,3.6888680695244513,24.0,automatic
269.0,444.0,3.0382538898732494,29.0,1.1689103329366746,-3.977816476208318e-08,-4.2002186617651205e-08,2.2240218555680258e-09,2.224021855568026,22.240218555680258,3.0382538898732494,4.557380834809874,40.0,automatic
129.0,444.0,2.0342144725641096,13.0,1.5571460217520925,-4.113251605986079e-08,-4.218170879255467e-08,1.0491927326938821e-09,1.0491927326938821,10.491927326938821,2.0342144725641096,3.0513217088461646,16.0,automatic
195.0,446.0,2.8209479177387813,25.0,1.1323062421575825,-3.99179604926303e-08,-4.163333144902026e-08,1.715370956389961e-09,1.715370956389961,17.15370956389961,2.8209479177387813,4.231421876608172,36.0,automatic
214.0,446.0,2.6462837142006137,22.0,1.3175850953286932,-4.004481368724555e-08,-4.1795303218350455e-08,1.750489531104904e-09,1.750489531104904,17.50489531104904,2.6462837142006137,3.9694255713009206,24.0,automatic
463.0,448.0,2.6462837142006137,22.0,1.3628608270970017,-4.0393469902255674e-08,-4.197207736922337e-08,1.5786074669676964e-09,1.5786074669676964,15.786074669676964,2.6462837142006137,3.9694255713009206,24.0,automatic
237.0,450.0,2.5231325220201604,20.0,1.1978046321169942,-4.0075633478409145e-08,-4.165886124951612e-08,1.5832277711069764e-09,1.5832277711069764,15.832277711069764,2.5231325220201604,3.7846987830302403,24.0,automatic
357.0,450.0,2.876813695875796,26.0,1.2384256479434992,-3.9924902495158676e-08,-4.1965964925338994e-08,2.041062430180318e-09,2.041062430180318,20.410624301803182,2.876813695875796,4.315220543813694,36.0,automatic
31.0,450.0,2.5231325220201604,20.0,1.2389643882700017,-4.0524028577237914e-08,-4.2246476539276046e-08,1.7224479620381317e-09,1.7224479620381317,17.224479620381317,2.5231325220201604,3.7846987830302403,24.0,automatic
169.0,452.0,2.393653682408596,18.0,1.3744708899359803,-4.087432969868132e-08,-4.1986366383639506e-08,1.1120366849581842e-09,1.1120366849581842,11.120366849581842,2.393653682408596,3.590480523612894,16.0,automatic
335.0,452.0,2.5854414729132054,21.0,1.3009126076835018,-4.100921913163802e-08,-4.223180916085312e-08,1.2225900292150982e-09,1.2225900292150982,12.225900292150982,2.5854414729132054,3.8781622093698083,24.0,automatic
455.0,451.0,2.256758334191025,16.0,1.4796776500174416,-4.1145270301967685e-08,-4.196069980366701e-08,8.154295016993274e-10,0.8154295016993274,8.154295016993274,2.256758334191025,3.385137501286538,16.0,automatic
103.0,454.0,2.5854414729132054,21.0,1.1618260528144837,-4.04412610066629e-08,-4.201553061022878e-08,1.574269603565881e-09,1.574269603565881,15.74269603565881,2.5854414729132054,3.8781622093698083,24.0,automatic
423.0,454.0,2.0342144725641096,13.0,1.332828266220388,-4.118352237014733e-08,-4.1843698284083075e-08,6.601759139357455e-10,0.6601759139357455,6.601759139357455,2.0342144725641096,3.0513217088461646,16.0,automatic
499.0,455.0,2.393653682408596,18.0,1.2127771900184563,-4.072696313528468e-08,-4.2119532750461985e-08,1.3925696151773082e-09,1.3925696151773082,13.925696151773082,2.393653682408596,3.590480523612894,16.0,automatic
372.0,458.0,2.326213245840639,17.0,1.218174753098757,-4.0899465147958836e-08,-4.186734336997233e-08,9.678782220134963e-10,0.9678782220134963,9.678782220134963,2.326213245840639,3.4893198687609583,16.0,automatic
130.0,458.0,2.393653682408596,18.0,1.3744708899359803,-4.0711626070333296e-08,-4.208717641063231e-08,1.3755503402990144e-09,1.3755503402990144,13.755503402990144,2.393653682408596,3.590480523612894,16.0,automatic
150.0,458.0,2.0342144725641096,13.0,1.5571460217520925,-4.094165007018091e-08,-4.19180263833141e-08,9.76376313133187e-10,0.9763763131331871,9.76376313133187,2.0342144725641096,3.0513217088461646,16.0,automatic
457.0,459.0,2.111004122822376,14.0,1.500400304239239,-4.1489379043468944e-08,-4.2182826121006656e-08,6.934470775377122e-10,0.6934470775377122,6.934470775377122,2.111004122822376,3.1665061842335644,24.0,automatic
294.0,462.0,2.256758334191025,16.0,1.4796776500174416,-4.07484606057551e-08,-4.188149915762551e-08,1.1330385518704134e-09,1.1330385518704134,11.330385518704134,2.256758334191025,3.385137501286538,16.0,automatic
81.0,464.0,2.6462837142006137,22.0,1.25731000235922,-4.0070158746630113e-08,-4.156594890503129e-08,1.495790158401178e-09,1.495790158401178,14.957901584011779,2.6462837142006137,3.9694255713009206,24.0,automatic
32.0,464.0,1.9544100476116797,12.0,1.5079644737231006,-4.133819331286759e-08,-4.231716133062946e-08,9.78968017761872e-10,0.978968017761872,9.78968017761872,1.9544100476116797,2.9544100476116797,16.0,automatic
271.0,464.0,2.111004122822376,14.0,1.2947179437652614,-4.049968893582445e-08,-4.194038716320847e-08,1.4406982273840185e-09,1.4406982273840185,14.406982273840185,2.111004122822376,3.1665061842335644,24.0,automatic
417.0,466.0,3.141274657157109,31.0,1.0443359136270036,-3.983094742920912e-08,-4.1628220870393307e-08,1.7972734411841884e-09,1.7972734411841884,17.972734411841884,3.141274657157109,4.7119119857356635,40.0,automatic
12.0,467.0,2.8209479177387813,25.0,1.2815656405965272,-4.010804488530084e-08,-4.21150385676583e-08,2.0069936823574608e-09,2.006993682357461,20.069936823574608,2.8209479177387813,4.231421876608172,36.0,automatic
72.0,468.0,2.4592453796829674,19.0,1.2801537005750372,-3.976690265972138e-08,-4.144431819952388e-08,1.677415539802496e-09,1.677415539802496,16.77415539802496,2.4592453796829674,3.6888680695244513,24.0,automatic
464.0,470.0,2.5854414729132054,21.0,1.2284220982476128,-4.101113404431089e-08,-4.247082507902178e-08,1.459691034710886e-09,1.459691034710886,14.59691034710886,2.5854414729132054,3.8781622093698083,24.0,automatic
125.0,472.0,2.393653682408596,18.0,1.3239153988972328,-4.062444958208289e-08,-4.209672077593041e-08,1.4722711938475186e-09,1.4722711938475186,14.722711938475186,2.393653682408596,3.590480523612894,16.0,automatic
225.0,473.0,3.2410224072142872,33.0,1.1697571821464494,-3.981909557637664e-08,-4.194599512175046e-08,2.126899545373817e-09,2.126899545373817,21.26899545373817,3.2410224072142872,4.86153361082143,32.0,automatic
146.0,472.0,1.4927053303604616,7.0,1.8865422955842652,-4.15618330862344e-08,-4.2263151200927496e-08,7.013181146930947e-10,0.7013181146930947,7.013181146930947,1.4927053303604616,2.4927053303604616,12.0,automatic
423.0,472.0,2.111004122822376,14.0,1.500400304239239,-4.086983551587764e-08,-4.1792665328443945e-08,9.228298125663059e-10,0.9228298125663059,9.22829812566306,2.111004122822376,3.1665061842335644,24.0,automatic
53.0,474.0,2.8209479177387813,25.0,1.242748407277043,-4.020990473918573e-08,-4.2115955167787433e-08,1.906050428601702e-09,1.9060504286017022,19.06050428601702,2.8209479177387813,4.231421876608172,36.0,automatic
245.0,473.0,2.393653682408596,18.0,1.2898320915163313,-4.0965339564991154e-08,-4.234642503320174e-08,1.3810854682105855e-09,1.3810854682105855,13.810854682105855,2.393653682408596,3.590480523612894,16.0,automatic
311.0,474.0,2.4592453796829674,19.0,1.2801537005750372,-4.069887893365376e-08,-4.204529879814345e-08,1.3464198644896896e-09,1.3464198644896896,13.464198644896896,2.4592453796829674,3.6888680695244513,24.0,automatic
288.0,476.0,2.8209479177387813,25.0,1.190793892253364,-3.957465466442045e-08,-4.1659891536482974e-08,2.0852368720625236e-09,2.0852368720625236,20.852368720625236,2.8209479177387813,4.231421876608172,36.0,automatic
29.0,477.0,2.9316150714175193,27.0,1.1980820884424093,-4.034881229131315e-08,-4.209022996803924e-08,1.741417676726087e-09,1.741417676726087,17.41417676726087,2.9316150714175193,4.397422607126279,36.0,automatic
269.0,478.0,2.4592453796829674,19.0,1.137914400511144,-4.066683345627098e-08,-4.177899270985108e-08,1.1121592535801028e-09,1.1121592535801028,11.121592535801028,2.4592453796829674,3.6888680695244513,24.0,automatic
397.0,477.0,2.0342144725641096,13.0,1.2022380906391714,-4.084504112711329e-08,-4.1528823047087826e-08,6.837819199745354e-10,0.6837819199745354,6.837819199745354,2.0342144725641096,3.0513217088461646,16.0,automatic
342.0,478.0,2.876813695875796,26.0,1.2022380906391716,-3.9908915283604074e-08,-4.1753954960199735e-08,1.8450396765956611e-09,1.8450396765956611,18.45039676595661,2.876813695875796,4.315220543813694,36.0,automatic
378.0,478.0,2.393653682408596,18.0,1.3239153988972323,-4.088771987653672e-08,-4.189922719888273e-08,1.0115073223460058e-09,1.0115073223460058,10.115073223460058,2.393653682408596,3.590480523612894,16.0,automatic
196.0,479.0,2.876813695875796,26.0,1.2022380906391712,-3.9882834812488e-08,-4.171015888232432e-08,1.8273240698363225e-09,1.8273240698363225,18.273240698363225,2.876813695875796,4.315220543813694,36.0,automatic
301.0,482.0,2.6462837142006137,22.0,1.217151102948507,-4.052104429774772e-08,-4.2012343826058896e-08,1.491299528311174e-09,1.491299528311174,14.91299528311174,2.6462837142006137,3.9694255713009206,24.0,automatic
463.0,483.0,2.4592453796829674,19.0,1.3974662543915228,-4.143359433328442e-08,-4.257231722704091e-08,1.1387228937564942e-09,1.1387228937564942,11.387228937564942,2.4592453796829674,3.6888680695244513,24.0,automatic
489.0,482.0,2.5231325220201604,20.0,1.2389643882700017,-4.077002557778542e-08,-4.198645342512464e-08,1.2164278473392187e-09,1.2164278473392187,12.164278473392187,2.5231325220201604,3.7846987830302403,24.0,automatic
12.0,483.0,2.111004122822376,14.0,1.500400304239239,-4.124963481899613e-08,-4.2107446418526706e-08,8.57811599530578e-10,0.857811599530578,8.57811599530578,2.111004122822376,3.1665061842335644,24.0,automatic
483.0,485.0,2.393653682408596,18.0,1.3239153988972323,-4.0982694571312095e-08,-4.218597737803975e-08,1.2032828067276569e-09,1.2032828067276569,12.032828067276569,2.393653682408596,3.590480523612894,16.0,automatic
130.0,485.0,2.393653682408596,18.0,1.2127771900184563,-4.0869316819680535e-08,-4.2106561792820685e-08,1.2372449731401503e-09,1.2372449731401503,12.372449731401503,2.393653682408596,3.590480523612894,16.0,automatic
425.0,486.0,3.141274657157109,31.0,1.140038260161506,-3.945804749605486e-08,-4.1757955315802064e-08,2.2999078197472045e-09,2.2999078197472045,22.999078197472045,3.141274657157109,4.7119119857356635,40.0,automatic
348.0,486.0,2.5854414729132054,21.0,1.3009126076835016,-4.028870037586785e-08,-4.1794239180603654e-08,1.5055388047358065e-09,1.5055388047358065,15.055388047358065,2.5854414729132054,3.8781622093698083,24.0,automatic
103.0,486.0,2.985410660720923,28.0,1.2073870691739297,-3.9983344635174944e-08,-4.188296642837486e-08,1.8996217931999126e-09,1.8996217931999126,18.996217931999126,2.985410660720923,4.478115991081385,44.0,automatic
368.0,487.0,2.763953195770684,24.0,1.3278012032165531,-4.040177614683671e-08,-4.210102844126595e-08,1.6992522944292432e-09,1.6992522944292432,16.992522944292432,2.763953195770684,4.145929793656026,36.0,automatic
79.0,489.0,2.5231325220201604,20.0,1.2693627443114652,-4.0323069327996564e-08,-4.153232779913196e-08,1.2092584711353993e-09,1.2092584711353993,12.092584711353993,2.5231325220201604,3.7846987830302403,24.0,automatic
68.0,490.0,2.5854414729132054,21.0,1.2576948637228438,-4.064618863708347e-08,-4.2262383814772875e-08,1.6161951776894057e-09,1.6161951776894057,16.161951776894057,2.5854414729132054,3.8781622093698083,24.0,automatic
123.0,490.0,2.256758334191025,16.0,1.3962634015954636,-4.038854228838318e-08,-4.2046581327781496e-08,1.658039039398318e-09,1.658039039398318,16.58039039398318,2.256758334191025,3.385137501286538,16.0,automatic
174.0,491.0,3.431831258788849,37.0,1.2033266998743644,-3.8939770519164085e-08,-4.148293974992612e-08,2.5431692307620324e-09,2.5431692307620324,25.431692307620324,3.431831258788849,5.147746888183273,52.0,automatic
471.0,490.0,2.7057581899030048,23.0,1.1433285346948794,-4.0823856295446603e-08,-4.236878758945295e-08,1.5449312940063464e-09,1.5449312940063464,15.449312940063464,2.7057581899030048,4.058637284854507,28.0,automatic
273.0,492.0,2.393653682408596,18.0,1.3239153988972323,-4.080450466403818e-08,-4.188976809871292e-08,1.0852634346747436e-09,1.0852634346747436,10.852634346747436,2.393653682408596,3.590480523612894,16.0,automatic
201.0,494.0,2.6462837142006137,22.0,1.3628608270970017,-4.042136225734794e-08,-4.179226564815508e-08,1.3709033908071433e-09,1.3709033908071433,13.709033908071433,2.6462837142006137,3.9694255713009206,24.0,automatic
220.0,493.0,2.5231325220201604,20.0,1.347530211131618,-4.108823148385454e-08,-4.222608751547341e-08,1.1378560316188668e-09,1.1378560316188668,11.378560316188668,2.5231325220201604,3.7846987830302403,24.0,automatic
511.0,495.0,2.4592453796829674,19.0,1.2801537005750372,-4.01032593799755e-08,-4.1402678618851496e-08,1.2994192388759984e-09,1.2994192388759984,12.994192388759984,2.4592453796829674,3.6888680695244513,13.0,automatic
338.0,495.0,2.1850968611841584,15.0,1.293629002686353,-4.0951505297925905e-08,-4.164714439980344e-08,6.956391018775321e-10,0.6956391018775321,6.956391018775321,2.1850968611841584,3.2776452917762375,24.0,automatic
7.0,496.0,2.326213245840639,17.0,1.2503645434029418,-4.0805606005278605e-08,-4.194367875243188e-08,1.1380727471532737e-09,1.1380727471532737,11.380727471532737,2.326213245840639,3.4893198687609583,16.0,automatic
55.0,496.0,2.0342144725641096,13.0,1.5571460217520925,-4.092087024787361e-08,-4.220801841370303e-08,1.2871481658294215e-09,1.2871481658294215,12.871481658294215,2.0342144725641096,3.0513217088461646,16.0,automatic
318.0,496.0,1.692568750643269,9.0,1.6646373562696222,-4.0676354728930164e-08,-4.165047506887731e-08,9.741203399471488e-10,0.9741203399471488,9.741203399471488,1.692568750643269,2.692568750643269,12.0,automatic
258.0,498.0,2.256758334191025,16.0,1.4796776500174416,-4.066027514681991e-08,-4.190443547713585e-08,1.2441603303159354e-09,1.2441603303159354,12.441603303159354,2.256758334191025,3.385137501286538,16.0,automatic
125.0,499.0,2.0342144725641096,13.0,1.393228853936436,-4.102723494270322e-08,-4.203978676287079e-08,1.0125518201675732e-09,1.0125518201675732,10.125518201675732,2.0342144725641096,3.0513217088461646,16.0,automatic
454.0,502.0,2.5854414729132054,21.0,1.414906721688199,-4.065842418299326e-08,-4.218095561725477e-08,1.5225314342615093e-09,1.5225314342615093,15.225314342615093,2.5854414729132054,3.8781622093698083,24.0,automatic
232.0,502.0,1.9544100476116797,12.0,1.4973045520592334,-4.157075039756819e-08,-4.219976368347034e-08,6.290132859021469e-10,0.6290132859021469,6.290132859021469,1.9544100476116797,2.9544100476116797,16.0,automatic
327.0,503.0,2.7057581899030048,23.0,1.063518310950036,-3.927182845586685e-08,-4.1346201129499605e-08,2.0743726736327517e-09,2.0743726736327517,20.743726736327517,2.7057581899030048,4.058637284854507,28.0,automatic
357.0,504.0,2.5231325220201604,20.0,1.1978046321169942,-4.0554802183123684e-08,-4.1814729456746136e-08,1.259927273622452e-09,1.259927273622452,12.59927273622452,2.5231325220201604,3.7846987830302403,24.0,automatic
386.0,504.0,2.876813695875796,26.0,1.2022380906391716,-4.038462719790914e-08,-4.220340521499111e-08,1.8187780170819678e-09,1.8187780170819678,18.18778017081968,2.876813695875796,4.315220543813694,36.0,automatic
167.0,505.0,2.4592453796829674,19.0,1.2801537005750367,-4.0210547780361594e-08,-4.146969523333155e-08,1.2591474529699553e-09,1.2591474529699553,12.591474529699553,2.4592453796829674,3.6888680695244513,24.0,automatic
100.0,506.0,2.763953195770684,24.0,1.269341157978135,-4.048132140610505e-08,-4.189485558470096e-08,1.41353417859591e-09,1.41353417859591,14.135341785959099,2.763953195770684,4.145929793656026,36.0,automatic
227.0,505.0,2.111004122822376,14.0,1.500400304239239,-4.130616204633952e-08,-4.236185446870877e-08,1.0556924223692477e-09,1.0556924223692477,10.556924223692477,2.111004122822376,3.1665061842335644,24.0,automatic
197.0,509.0,2.9316150714175193,27.0,1.248478017202216,-3.934571068953119e-08,-4.1649874660265596e-08,2.3041639707344075e-09,2.3041639707344075,23.041639707344075,2.9316150714175193,4.397422607126279,26.0,automatic
273.0,508.0,2.393653682408596,18.0,1.3744708899359803,-4.034730238799966e-08,-4.188633440094236e-08,1.5390320129426982e-09,1.5390320129426982,15.390320129426982,2.393653682408596,3.590480523612894,16.0,automatic
291.0,509.0,2.6462837142006137,22.0,1.3628608270970017,-3.9920074357269186e-08,-4.1567865594061004e-08,1.647791236791818e-09,1.647791236791818,16.47791236791818,2.6462837142006137,3.9694255713009206,19.0,automatic
478.0,509.0,2.5854414729132054,21.0,1.1618260528144841,-4.091846506071306e-08,-4.228197525435462e-08,1.3635101936415595e-09,1.3635101936415595,13.635101936415595,2.5854414729132054,3.8781622093698083,19.0,automatic
444.0,509.0,2.393653682408596,18.0,1.3744708899359803,-4.0667469392019484e-08,-4.206282966379149e-08,1.395360271772006e-09,1.395360271772006,13.95360271772006,2.393653682408596,3.590480523612894,13.0,automatic
497.0,509.0,2.326213245840639,17.0,1.2503645434029418,-4.0635359965790485e-08,-4.1955271257165805e-08,1.3199112913753197e-09,1.3199112913753197,13.199112913753197,2.326213245840639,3.4893198687609583,13.0,automatic
56.0,510.0,2.1850968611841584,15.0,1.3871977968913514,-4.038278689222352e-08,-4.175121759431022e-08,1.3684307020866981e-09,1.3684307020866981,13.684307020866981,2.1850968611841584,3.2776452917762375,17.0,automatic
412.0,511.0,2.111004122822376,14.0,1.6221273277073744,-3.978072982135927e-08,-4.127133124143256e-08,1.4906014200732898e-09,1.4906014200732898,14.906014200732898,2.111004122822376,3.1665061842335644,13.0,automatic
167.0,467.0,2.5231325220201604,21.0,1.0,-4.1436116759996366e-08,-4.202705206068913e-08,5.909353006927631e-10,0.5909353006927631,5.909353006927631,2.5231325220201604,3.7846987830302403,24.0,false_negative
181.0,456.0,2.5231325220201604,21.0,1.0,-4.161663014201622e-08,-4.208382797799004e-08,4.671978359738205e-10,0.4671978359738205,4.671978359738205,2.5231325220201604,3.7846987830302403,24.0,false_negative
129.0,421.0,2.5231325220201604,21.0,1.0,-4.1415777474185234e-08,-4.211510074014768e-08,6.993232659624482e-10,0.6993232659624482,6.993232659624482,2.5231325220201604,3.7846987830302403,24.0,false_negative
432.0,468.0,2.5231325220201604,21.0,1.0,-4.123201335914928e-08,-4.193179847788997e-08,6.997851187406923e-10,0.6997851187406923,6.997851187406923,2.5231325220201604,3.7846987830302403,24.0,false_negative
511.0,77.0,2.5231325220201604,13.0,1.0,-4.073722692510273e-08,-4.194574643179294e-08,1.2085195066902088e-09,1.2085195066902088,12.085195066902088,2.5231325220201604,3.7846987830302403,13.0,false_negative
358.0,27.0,2.5231325220201604,21.0,1.0,-4.129885411430223e-08,-4.176569845526501e-08,4.668443409627798e-10,0.4668443409627798,4.668443409627798,2.5231325220201604,3.7846987830302403,24.0,false_negative
370.0,4.0,2.5231325220201604,21.0,1.0,-4.114792062637207e-08,-4.1728064559265476e-08,5.801439328934066e-10,0.5801439328934066,5.801439328934066,2.5231325220201604,3.7846987830302403,24.0,false_negative
193.0,245.0,2.5231325220201604,21.0,1.0,-4.124286689943801e-08,-4.144763110502936e-08,2.0476420559134567e-10,0.20476420559134567,2.0476420559134567,2.5231325220201604,3.7846987830302403,24.0,false_negative
191.0,228.0,2.5231325220201604,21.0,1.0,-4.111785756322206e-08,-4.13954968081498e-08,2.7763924492774095e-10,0.27763924492774095,2.7763924492774095,2.5231325220201604,3.7846987830302403,24.0,false_negative
291.0,199.0,2.5231325220201604,21.0,1.0,-4.134568953872986e-08,-4.19869703449649e-08,6.41280806235045e-10,0.641280806235045,6.41280806235045,2.5231325220201604,3.7846987830302403,24.0,false_negative
366.0,231.0,2.5231325220201604,21.0,1.0,-4.1503469105919066e-08,-4.213355886406589e-08,6.300897581468234e-10,0.6300897581468234,6.300897581468234,2.5231325220201604,3.7846987830302403,24.0,false_negative
340.0,225.0,2.5231325220201604,21.0,1.0,-4.1465714417654453e-08,-4.1902580960595515e-08,4.368665429410612e-10,0.4368665429410612,4.368665429410612,2.5231325220201604,3.7846987830302403,24.0,false_negative
408.0,227.0,2.5231325220201604,21.0,1.0,-4.1661099459133766e-08,-4.2550100332050533e-08,8.890008729167675e-10,0.8890008729167675,8.890008729167675,2.5231325220201604,3.7846987830302403,24.0,false_negative
0.0,396.0,2.5231325220201604,13.0,1.0,-4.045947576969411e-08,-4.1892004531973726e-08,1.4325287622796168e-09,1.4325287622796168,14.325287622796168,2.5231325220201604,3.7846987830302403,13.0,false_negative
0.0,416.0,2.5231325220201604,13.0,1.0,-3.984565566383935e-08,-4.174682644020322e-08,1.9011707763638697e-09,1.9011707763638697,19.011707763638697,2.5231325220201604,3.7846987830302403,13.0,false_negative
0.0,334.0,2.5231325220201604,13.0,1.0,-3.993725172790619e-08,-4.141284648540022e-08,1.4755947574940365e-09,1.4755947574940365,14.755947574940365,2.5231325220201604,3.7846987830302403,13.0,false_negative
161.0,97.0,2.5231325220201604,21.0,1.0,-4.138885856264096e-08,-4.1949316909040135e-08,5.60458346399173e-10,0.560458346399173,5.60458346399173,2.5231325220201604,3.7846987830302403,24.0,false_negative
184.0,246.0,2.5231325220201604,21.0,1.0,-4.1567389530428045e-08,-4.204280301678409e-08,4.754134863560466e-10,0.47541348635604663,4.754134863560466,2.5231325220201604,3.7846987830302403,24.0,false_negative
192.0,29.0,2.5231325220201604,21.0,1.0,-4.193149649722727e-08,-4.223426941507569e-08,3.027729178484151e-10,0.3027729178484151,3.027729178484151,2.5231325220201604,3.7846987830302403,24.0,false_negative
