cx,cy,r,area,circularity,peak_value_m,local_background_m,local_height_m,local_height_nm,local_height_A,background_inner_radius_px,background_outer_radius_px,background_pixel_count,manual_status
138.0,1.0,2.5231325220201604,20.0,1.2389643882700014,2.141318011794624e-09,4.089343308422144e-10,1.7323836809524096e-09,1.7323836809524096,17.323836809524096,2.5231325220201604,3.7846987830302403,15.0,automatic
447.0,1.0,3.0901936161855166,30.0,1.0365281423822896,2.1725192755894795e-09,3.3879701821781794e-10,1.8337222573716616e-09,1.8337222573716616,18.337222573716616,3.0901936161855166,4.635290424278275,25.0,automatic
415.0,4.0,2.5231325220201604,20.0,1.106501002680461,1.6771037891771812e-09,9.496617728310675e-11,1.5821376118940744e-09,1.5821376118940744,15.821376118940744,2.5231325220201604,3.7846987830302403,24.0,automatic
322.0,8.0,1.5957691216057308,8.0,1.8288145488861385,1.123163673177885e-09,2.0938422870542261e-10,9.137794444724623e-10,0.9137794444724623,9.137794444724623,1.5957691216057308,2.5957691216057306,12.0,automatic
394.0,11.0,2.876813695875796,26.0,1.2384256479434992,2.8798075035751936e-10,-1.9592719668892755e-09,2.247252717246795e-09,2.247252717246795,22.47252717246795,2.876813695875796,4.315220543813694,36.0,automatic
67.0,12.0,3.523362819972964,39.0,1.1038279369855124,1.7483420267083716e-09,-2.3156127015866446e-10,1.979903296867036e-09,1.979903296867036,19.79903296867036,3.523362819972964,5.285044229959446,52.0,automatic
109.0,13.0,3.141274657157109,31.0,1.2158780105262765,1.8398587098289454e-09,2.0251839788487658e-10,1.6373403119440688e-09,1.6373403119440688,16.373403119440688,3.141274657157109,4.7119119857356635,40.0,automatic
9.0,17.0,3.9088200952233594,48.0,1.0560236756623294,2.789858788432298e-09,6.544949582298898e-10,2.135363830202408e-09,2.135363830202408,21.35363830202408,3.9088200952233594,5.8632301428350395,64.0,automatic
174.0,15.0,3.6125759969217834,41.0,1.0742998693442378,2.6833490984756736e-09,5.832439531339162e-10,2.1001051453417574e-09,2.1001051453417574,21.001051453417574,3.6125759969217834,5.418863995382675,52.0,automatic
269.0,15.0,3.523362819972964,39.0,1.1038279369855124,2.012644717552803e-09,1.5919036228106975e-10,1.853454355271733e-09,1.853454355271733,18.53454355271733,3.523362819972964,5.285044229959446,52.0,automatic
475.0,15.0,3.431831258788849,37.0,1.1741605384881055,2.28797047974183e-09,3.3533859022938373e-10,1.952631889512446e-09,1.9526318895124462,19.52631889512446,3.431831258788849,5.147746888183273,52.0,automatic
97.0,17.0,2.876813695875796,26.0,1.2022380906391716,1.6002982272667055e-09,-1.8451561806243078e-10,1.7848138453291362e-09,1.7848138453291362,17.848138453291362,2.876813695875796,4.315220543813694,36.0,automatic
212.0,18.0,3.141274657157109,31.0,1.1400382601615053,-6.109003858334461e-10,-2.0186645688369254e-09,1.4077641830034793e-09,1.4077641830034793,14.077641830034793,3.141274657157109,4.7119119857356635,40.0,automatic
324.0,18.0,3.1915382432114616,32.0,1.255099881833576,2.3925865733076535e-09,4.944618048341454e-10,1.898124768473508e-09,1.898124768473508,18.98124768473508,3.1915382432114616,4.787307364817193,32.0,automatic
494.0,17.0,2.7057581899030048,23.0,1.314460457011912,1.6023142812571223e-09,3.204228549158472e-10,1.281891426341275e-09,1.281891426341275,12.81891426341275,2.7057581899030048,4.058637284854507,28.0,automatic
81.0,24.0,3.3377905890622728,35.0,1.2092828327793383,2.0585484428181644e-09,-6.206368405314855e-11,2.120612126871313e-09,2.120612126871313,21.20612126871313,3.3377905890622728,5.006685883593409,44.0,automatic
125.0,23.0,2.5854414729132054,21.0,1.2576948637228438,-7.875751162345068e-10,-2.2961187395864613e-09,1.5085436233519545e-09,1.5085436233519545,15.085436233519545,2.5854414729132054,3.8781622093698083,24.0,automatic
248.0,25.0,2.876813695875796,26.0,1.2384256479434992,1.9797246064712226e-09,2.0826231017512242e-10,1.7714622962961002e-09,1.7714622962961002,17.714622962961002,2.876813695875796,4.315220543813694,36.0,automatic
438.0,26.0,3.5682482323055424,40.0,1.0480974335065731,1.79522485765915e-09,2.6670139707807294e-10,1.5285234605810771e-09,1.5285234605810771,15.285234605810771,3.5682482323055424,5.352372348458314,52.0,automatic
174.0,26.0,3.141274657157109,31.0,1.249524838656446,2.4212221116926003e-09,6.332314117507565e-10,1.7879906999418438e-09,1.7879906999418438,17.879906999418438,3.141274657157109,4.7119119857356635,40.0,automatic
447.0,27.0,2.5854414729132054,21.0,1.414906721688199,1.6280998771378563e-09,1.2957366429811046e-10,1.4985262128397459e-09,1.4985262128397459,14.985262128397459,2.5854414729132054,3.8781622093698083,24.0,automatic
29.0,32.0,3.523362819972964,39.0,1.2376286757036785,2.4618163063649945e-09,3.35590943922881e-10,2.1262253624421135e-09,2.1262253624421135,21.262253624421135,3.523362819972964,5.285044229959446,52.0,automatic
320.0,30.0,3.2410224072142872,33.0,1.1401809566205188,2.6392501517591427e-09,6.47621817284616e-10,1.9916283344745267e-09,1.9916283344745267,19.916283344745267,3.2410224072142872,4.86153361082143,32.0,automatic
111.0,32.0,2.876813695875796,26.0,1.1211451356615063,1.5602408254267175e-09,1.715756564601989e-10,1.3886651689665186e-09,1.3886651689665186,13.886651689665186,2.876813695875796,4.315220543813694,36.0,automatic
364.0,32.0,3.949327084834294,49.0,1.1568326904292365,3.5549503341059108e-09,4.5551355742912136e-10,3.0994367766767894e-09,3.0994367766767894,30.994367766767894,3.949327084834294,5.923990627251441,64.0,automatic
233.0,34.0,3.6125759969217834,41.0,1.0742998693442378,1.3750772742682216e-09,-1.7185618900183997e-10,1.5469334632700615e-09,1.5469334632700615,15.469334632700615,3.6125759969217834,5.418863995382675,52.0,automatic
497.0,33.0,2.111004122822376,14.0,1.4353535174681107,1.002637417535368e-09,-7.375565490384123e-12,1.0100129830257522e-09,1.0100129830257523,10.100129830257522,2.111004122822376,3.1665061842335644,24.0,automatic
147.0,38.0,3.141274657157109,31.0,1.2158780105262772,2.3550952299444816e-09,3.8156031112457356e-10,1.973534918819908e-09,1.973534918819908,19.73534918819908,3.141274657157109,4.7119119857356635,40.0,automatic
351.0,36.0,2.876813695875796,26.0,1.2022380906391712,1.7063062074385016e-09,5.209612428946908e-11,1.6542100831490325e-09,1.6542100831490325,16.542100831490323,2.876813695875796,4.315220543813694,36.0,automatic
402.0,39.0,3.2410224072142872,33.0,1.213589115655796,2.206721472219897e-09,1.8312271837794825e-10,2.0235987538419486e-09,2.0235987538419486,20.235987538419486,3.2410224072142872,4.86153361082143,32.0,automatic
305.0,40.0,2.876813695875796,26.0,1.3328282662203883,1.2876171240350232e-09,-1.724394516067207e-10,1.4600565756417438e-09,1.4600565756417438,14.600565756417438,2.876813695875796,4.315220543813694,36.0,automatic
483.0,41.0,3.2897623212397704,34.0,1.0789583326647456,1.8728976147741605e-09,1.973043395331331e-10,1.6755932752410274e-09,1.6755932752410274,16.755932752410274,3.2897623212397704,4.934643481859656,32.0,automatic
291.0,45.0,3.0901936161855166,30.0,1.2092175857965604,2.3940647242426394e-09,2.999017978400076e-10,2.094162926402632e-09,2.094162926402632,20.941629264026318,3.0901936161855166,4.635290424278275,40.0,automatic
365.0,54.0,3.5682482323055424,40.0,1.1321312174210385,3.0239921677832626e-09,5.251106771630987e-10,2.498881490620164e-09,2.498881490620164,24.98881490620164,3.5682482323055424,5.352372348458314,52.0,automatic
62.0,53.0,3.1915382432114616,32.0,1.1768136879086508,1.8277449553849578e-09,-4.7126604701963615e-11,1.8748715600869215e-09,1.8748715600869215,18.748715600869215,3.1915382432114616,4.787307364817193,32.0,automatic
165.0,54.0,3.523362819972964,39.0,1.1678595163140688,2.678076205242519e-09,4.887875104664374e-10,2.1892886947760815e-09,2.1892886947760815,21.892886947760815,3.523362819972964,5.285044229959446,52.0,automatic
477.0,55.0,3.6125759969217834,41.0,1.1604344978565644,1.9650847615793055e-09,7.879407543098793e-11,1.8862906861483175e-09,1.8862906861483175,18.862906861483175,3.6125759969217834,5.418863995382675,52.0,automatic
0.0,58.0,2.4592453796829674,19.0,1.0858586384011444,2.7282662795613533e-09,1.2188799969337083e-09,1.509386282627645e-09,1.509386282627645,15.09386282627645,2.4592453796829674,3.6888680695244513,13.0,automatic
271.0,57.0,3.742410318509555,44.0,1.1529071768572303,1.9206061185883527e-09,-1.5514364792856838e-10,2.075749766516921e-09,2.075749766516921,20.75749766516921,3.742410318509555,5.613615477764332,52.0,automatic
79.0,59.0,3.0901936161855166,30.0,1.293629002686353,1.6993307871970842e-09,-2.4428765954542797e-10,1.943618446742512e-09,1.9436184467425122,19.43618446742512,3.0901936161855166,4.635290424278275,40.0,automatic
191.0,60.0,3.742410318509555,44.0,1.1529071768572303,2.568020018856032e-09,6.821689393921027e-11,2.4998031249168218e-09,2.4998031249168218,24.998031249168218,3.742410318509555,5.613615477764332,52.0,automatic
456.0,63.0,3.3377905890622728,35.0,1.1106924012725323,2.427199774501787e-09,2.5376672985188975e-10,2.1734330446498973e-09,2.1734330446498973,21.734330446498973,3.3377905890622728,5.006685883593409,44.0,automatic
44.0,62.0,2.5854414729132054,21.0,1.414906721688199,1.561255125182015e-09,-3.542699662274773e-12,1.5647978248442898e-09,1.5647978248442898,15.647978248442898,2.5854414729132054,3.8781622093698083,24.0,automatic
341.0,65.0,3.2410224072142872,33.0,1.1401809566205192,2.5460531460907987e-09,6.95138835382636e-10,1.8509143107081627e-09,1.8509143107081627,18.509143107081627,3.2410224072142872,4.86153361082143,32.0,automatic
385.0,65.0,2.763953195770684,24.0,1.230303014972666,2.37260389113203e-09,6.171542721311596e-10,1.7554496190008706e-09,1.7554496190008706,17.554496190008706,2.763953195770684,4.145929793656026,36.0,automatic
294.0,67.0,2.5854414729132054,21.0,1.2576948637228433,-9.82513181924105e-10,-2.6922634122072964e-09,1.7097502302831913e-09,1.7097502302831913,17.097502302831913,2.5854414729132054,3.8781622093698083,24.0,automatic
497.0,70.0,2.876813695875796,26.0,1.1211451356615063,1.598972398930698e-09,4.514036713865188e-11,1.5538320317920462e-09,1.5538320317920462,15.538320317920462,2.876813695875796,4.315220543813694,36.0,automatic
248.0,71.0,3.5682482323055424,40.0,1.1065010026804607,2.6125321905823284e-09,2.976650870234465e-10,2.314867103558882e-09,2.314867103558882,23.14867103558882,3.5682482323055424,5.352372348458314,52.0,automatic
132.0,72.0,3.477898169151024,38.0,1.235849043114212,2.397678944277004e-09,3.380464241864445e-10,2.0596325200905596e-09,2.0596325200905596,20.596325200905596,3.477898169151024,5.216847253726536,52.0,automatic
436.0,72.0,3.0382538898732494,29.0,1.215703478563405,2.1312640541282235e-09,2.4496267514440007e-10,1.8863013789838234e-09,1.8863013789838234,18.863013789838234,3.0382538898732494,4.557380834809874,40.0,automatic
207.0,74.0,2.5854414729132054,21.0,1.1618260528144841,1.6138115288555355e-09,3.592579402370011e-11,1.5778857348318354e-09,1.5778857348318354,15.778857348318354,2.5854414729132054,3.8781622093698083,24.0,automatic
232.0,76.0,3.141274657157109,31.0,1.249524838656446,2.3841921770184626e-09,3.390192709895601e-10,2.0451729060289026e-09,2.0451729060289026,20.451729060289026,3.141274657157109,4.7119119857356635,40.0,automatic
412.0,76.0,3.8678889139475245,47.0,1.1433738600259475,2.7596809282215418e-09,5.167265781924613e-10,2.2429543500290805e-09,2.2429543500290805,22.429543500290805,3.8678889139475245,5.801833370921287,56.0,automatic
52.0,75.0,1.4927053303604616,7.0,1.8865422955842652,-1.1237464292435106e-09,-1.8423292891256438e-09,7.185828598821331e-10,0.7185828598821331,7.185828598821331,1.4927053303604616,2.4927053303604616,12.0,automatic
63.0,79.0,2.985410660720923,28.0,1.1737826689577704,1.6882594211509172e-09,1.0202778899515152e-10,1.5862316321557657e-09,1.5862316321557657,15.862316321557657,2.985410660720923,4.478115991081385,44.0,automatic
95.0,79.0,3.5682482323055424,40.0,1.132131217421039,2.1177468667588073e-09,4.0509958235124266e-11,2.077236908523683e-09,2.077236908523683,20.772369085236832,3.5682482323055424,5.352372348458314,52.0,automatic
193.0,82.0,2.7057581899030048,23.0,1.1790403893488046,-7.754508701829366e-10,-1.880598232695263e-09,1.1051473625123265e-09,1.1051473625123265,11.051473625123265,2.7057581899030048,4.058637284854507,28.0,automatic
350.0,82.0,3.0382538898732494,29.0,1.2505080359301415,1.7841724764267042e-09,4.21945658968248e-10,1.3622268174584562e-09,1.3622268174584562,13.622268174584562,3.0382538898732494,4.557380834809874,40.0,automatic
286.0,85.0,3.2897623212397704,34.0,1.0789583326647456,1.86879711705501e-09,7.316741656993031e-11,1.7956297004850796e-09,1.7956297004850796,17.956297004850796,3.2897623212397704,4.934643481859656,32.0,automatic
509.0,85.0,2.393653682408596,18.0,1.3744708899359803,1.5653797147408e-09,-9.752060964318687e-11,1.6629003243839868e-09,1.6629003243839868,16.62900324383987,2.393653682408596,3.590480523612894,13.0,automatic
476.0,87.0,2.876813695875796,26.0,1.2924583435681247,1.5340495540527854e-09,-1.0841250466797625e-10,1.6424620587207617e-09,1.6424620587207617,16.424620587207617,2.876813695875796,4.315220543813694,36.0,automatic
28.0,88.0,3.2897623212397704,34.0,1.2503645434029416,2.5326873931419414e-09,7.771710497372908e-10,1.7555163434046506e-09,1.7555163434046506,17.555163434046506,3.2897623212397704,4.934643481859656,32.0,automatic
331.0,90.0,2.763953195770684,24.0,1.2303030149726657,1.3841280344095708e-09,-1.5658293411879853e-10,1.5407109685283693e-09,1.5407109685283693,15.407109685283693,2.763953195770684,4.145929793656026,36.0,automatic
375.0,93.0,2.5231325220201604,20.0,1.3008937295939076,1.8285140068741157e-09,3.5316721769262927e-10,1.4753467891814864e-09,1.4753467891814864,14.753467891814864,2.5231325220201604,3.7846987830302403,24.0,automatic
428.0,95.0,3.141274657157109,31.0,1.2158780105262765,2.0675277045967277e-09,3.9622700953589884e-10,1.671300695060829e-09,1.671300695060829,16.71300695060829,3.141274657157109,4.7119119857356635,40.0,automatic
51.0,94.0,2.5231325220201604,20.0,1.347530211131618,-2.52342868822808e-10,-2.02522643100167e-09,1.7728835621788619e-09,1.772883562178862,17.72883562178862,2.5231325220201604,3.7846987830302403,24.0,automatic
101.0,96.0,2.763953195770684,24.0,1.1930384709859612,-5.524296020631425e-10,-2.3043595920313464e-09,1.751929989968204e-09,1.751929989968204,17.51929989968204,2.763953195770684,4.145929793656026,36.0,automatic
446.0,97.0,2.393653682408596,18.0,1.3239153988972323,1.1146504830250592e-09,9.874664974596215e-11,1.015903833279097e-09,1.015903833279097,10.15903833279097,2.393653682408596,3.590480523612894,16.0,automatic
458.0,97.0,2.6462837142006137,22.0,1.3175850953286932,1.456473275318615e-09,5.4870521321026544e-11,1.4016027539975884e-09,1.4016027539975884,14.016027539975884,2.6462837142006137,3.9694255713009206,24.0,automatic
406.0,99.0,2.5231325220201604,20.0,1.347530211131618,1.3750764971121043e-09,5.240421430130482e-10,8.510343540990561e-10,0.8510343540990561,8.510343540990561,2.5231325220201604,3.7846987830302403,24.0,automatic
490.0,101.0,2.7057581899030048,23.0,1.27247615308253,1.6820776993498043e-09,6.155163358168014e-11,1.6205260657681242e-09,1.6205260657681242,16.205260657681244,2.7057581899030048,4.058637284854507,28.0,automatic
163.0,104.0,3.6996385101659595,43.0,0.9941584211054686,2.225347905948638e-09,8.054519204381272e-11,2.1448027139048254e-09,2.1448027139048254,21.448027139048254,3.6996385101659595,5.549457765248939,52.0,automatic
299.0,104.0,2.256758334191025,16.0,1.3414659073803088,1.232527413463913e-09,-5.294164932834189e-11,1.285469062792255e-09,1.285469062792255,12.85469062792255,2.256758334191025,3.385137501286538,16.0,automatic
323.0,104.0,3.141274657157109,31.0,1.2158780105262765,1.852763165111071e-09,1.0288075946718322e-10,1.7498824056438878e-09,1.7498824056438878,17.498824056438878,3.141274657157109,4.7119119857356635,40.0,automatic
137.0,105.0,2.256758334191025,16.0,1.3414659073803088,1.5764596295042566e-09,4.0680540880355665e-10,1.1696542207007e-09,1.1696542207007,11.696542207006999,2.256758334191025,3.385137501286538,16.0,automatic
123.0,106.0,2.876813695875796,26.0,1.2384256479434992,2.094025841614666e-09,2.0833834657452144e-10,1.8856874950401448e-09,1.8856874950401448,18.856874950401448,2.876813695875796,4.315220543813694,36.0,automatic
336.0,106.0,3.2410224072142872,33.0,1.1401809566205192,2.2169817093242727e-09,1.5043346429655102e-10,2.0665482450277217e-09,2.0665482450277217,20.665482450277217,3.2410224072142872,4.86153361082143,32.0,automatic
9.0,108.0,3.1915382432114616,32.0,1.105630018541109,2.1650903292425028e-09,4.478916265648891e-10,1.7171987026776137e-09,1.7171987026776137,17.171987026776137,3.1915382432114616,4.787307364817193,32.0,automatic
144.0,110.0,2.876813695875796,26.0,1.2384256479434992,2.223100148412982e-09,3.183140973028742e-10,1.9047860511101078e-09,1.9047860511101078,19.047860511101078,2.876813695875796,4.315220543813694,36.0,automatic
210.0,110.0,3.5682482323055424,40.0,1.1321312174210385,3.0587199439935375e-09,8.233309034544334e-10,2.235389040539104e-09,2.235389040539104,22.35389040539104,3.5682482323055424,5.352372348458314,52.0,automatic
268.0,110.0,2.985410660720923,28.0,1.2424554991254615,1.7441218469471664e-09,5.8480826084506e-11,1.6856410208626604e-09,1.6856410208626604,16.856410208626606,2.985410660720923,4.478115991081385,44.0,automatic
493.0,109.0,2.9316150714175193,27.0,1.1642661024177179,1.8114603150820585e-09,7.372622651269367e-11,1.7377340885693648e-09,1.7377340885693648,17.37734088569365,2.9316150714175193,4.397422607126279,36.0,automatic
309.0,111.0,3.385137501286538,36.0,1.0780241689052947,2.4112438712364792e-09,2.8282949593450013e-10,2.128414375301979e-09,2.128414375301979,21.28414375301979,3.385137501286538,5.077706251929807,44.0,automatic
467.0,111.0,2.985410660720923,28.0,1.2073870691739297,1.9778241266976693e-09,5.242806883076767e-11,1.9253960578669016e-09,1.9253960578669016,19.253960578669016,2.985410660720923,4.478115991081385,44.0,automatic
240.0,113.0,2.5231325220201604,20.0,1.347530211131618,-1.0268584871298003e-09,-2.3244517421971977e-09,1.2975932550673974e-09,1.2975932550673974,12.975932550673974,2.5231325220201604,3.7846987830302403,24.0,automatic
353.0,112.0,2.256758334191025,16.0,1.3414659073803088,-1.0838399067125692e-09,-2.5338331433033545e-09,1.4499932365907853e-09,1.4499932365907853,14.499932365907853,2.256758334191025,3.385137501286538,16.0,automatic
390.0,113.0,2.985410660720923,28.0,0.6832938126995834,1.3575928159426098e-09,5.34393224116414e-10,8.231995918261958e-10,0.8231995918261958,8.231995918261958,2.985410660720923,4.478115991081385,44.0,automatic
78.0,115.0,3.5682482323055424,40.0,1.1065010026804611,2.228605966436703e-09,4.164517342086782e-10,1.8121542322280249e-09,1.8121542322280249,18.12154232228025,3.5682482323055424,5.352372348458314,52.0,automatic
95.0,114.0,2.1850968611841584,15.0,1.331202320491566,-9.124486721745484e-10,-1.895974488519414e-09,9.835258163448657e-10,0.9835258163448657,9.835258163448657,2.1850968611841584,3.2776452917762375,24.0,automatic
166.0,114.0,2.6462837142006137,22.0,1.25731000235922,1.4494714317692114e-09,1.589549464275919e-10,1.2905164853416196e-09,1.2905164853416196,12.905164853416196,2.6462837142006137,3.9694255713009206,24.0,automatic
430.0,119.0,2.393653682408596,18.0,1.3744708899359803,1.6511152445275457e-09,4.0950072499601475e-10,1.241614519531531e-09,1.241614519531531,12.416145195315309,2.393653682408596,3.590480523612894,16.0,automatic
409.0,121.0,3.0382538898732494,29.0,1.2505080359301415,2.0586126137089877e-09,6.790580042714822e-10,1.3795546094375055e-09,1.3795546094375055,13.795546094375055,3.0382538898732494,4.557380834809874,40.0,automatic
369.0,123.0,3.6125759969217834,41.0,1.1604344978565644,2.1625827795190844e-09,2.15314044371695e-10,1.9472687351473894e-09,1.9472687351473894,19.472687351473894,3.6125759969217834,5.418863995382675,52.0,automatic
448.0,122.0,2.5231325220201604,20.0,1.2389643882700017,2.015137834376901e-09,3.589045449725603e-10,1.6562332894043408e-09,1.6562332894043408,16.562332894043408,2.5231325220201604,3.7846987830302403,24.0,automatic
13.0,125.0,2.9316150714175193,27.0,1.2860574036336336,1.8304727733564619e-09,5.5853087779778043e-11,1.7746196855766838e-09,1.7746196855766838,17.74619685576684,2.9316150714175193,4.397422607126279,36.0,automatic
244.0,125.0,2.8209479177387813,25.0,1.2815656405965272,-7.325885453823844e-10,-2.287608991125012e-09,1.5550204457426275e-09,1.5550204457426275,15.550204457426275,2.8209479177387813,4.231421876608172,36.0,automatic
288.0,127.0,2.9316150714175193,27.0,1.1318618593521357,1.8231591791817436e-09,-9.221089170008412e-11,1.9153700708818278e-09,1.9153700708818278,19.153700708818278,2.9316150714175193,4.397422607126279,36.0,automatic
471.0,124.0,1.9544100476116797,12.0,1.4373655585403924,-2.11066414346206e-10,-1.0559002006083062e-09,8.448337862621003e-10,0.8448337862621003,8.448337862621003,1.9544100476116797,2.9544100476116797,16.0,automatic
155.0,128.0,2.876813695875796,26.0,1.2022380906391712,1.4219271315951687e-09,-2.4969279421860335e-10,1.671619925813772e-09,1.671619925813772,16.71619925813772,2.876813695875796,4.315220543813694,36.0,automatic
208.0,128.0,3.0901936161855166,30.0,1.2092175857965604,2.5665913838679444e-09,5.973255501334762e-10,1.969265833734468e-09,1.9692658337344682,19.69265833734468,3.0901936161855166,4.635290424278275,40.0,automatic
481.0,133.0,3.7846987830302403,45.0,0.7158230825915767,2.0874615369592675e-09,4.177236057056888e-10,1.6697379312535787e-09,1.6697379312535787,16.697379312535787,3.7846987830302403,5.6770481745453605,56.0,automatic
38.0,131.0,3.6125759969217834,41.0,1.2277497479199184,2.4678259435972905e-09,3.242806440040269e-10,2.1435452995932636e-09,2.1435452995932636,21.435452995932636,3.6125759969217834,5.418863995382675,52.0,automatic
127.0,132.0,3.477898169151024,38.0,1.051175952546438,1.6815773218326058e-09,-1.056997024628803e-10,1.787277024295486e-09,1.787277024295486,17.87277024295486,3.477898169151024,5.216847253726536,52.0,automatic
271.0,133.0,3.477898169151024,38.0,1.137914400511144,1.7790484641011517e-09,1.887741282735611e-10,1.5902743358275906e-09,1.5902743358275906,15.902743358275906,3.477898169151024,5.216847253726536,52.0,automatic
342.0,130.0,2.6462837142006137,22.0,1.3628608270970017,8.659324923776524e-10,-4.187955399137522e-10,1.2847280322914045e-09,1.2847280322914045,12.847280322914045,2.6462837142006137,3.9694255713009206,24.0,automatic
421.0,133.0,2.4592453796829674,19.0,1.235849043114212,1.9162291753360705e-09,3.41637551581897e-10,1.5745916237541735e-09,1.5745916237541735,15.745916237541735,2.4592453796829674,3.6888680695244513,24.0,automatic
240.0,134.0,2.111004122822376,14.0,1.3503486408337697,-1.40350098210007e-09,-2.199550319659238e-09,7.960493375591682e-10,0.7960493375591682,7.960493375591682,2.111004122822376,3.1665061842335644,24.0,automatic
405.0,135.0,2.985410660720923,28.0,1.2073870691739297,2.0494048680319565e-09,5.89418458485369e-10,1.4599864095465875e-09,1.4599864095465875,14.599864095465875,2.985410660720923,4.478115991081385,44.0,automatic
504.0,136.0,2.8209479177387813,25.0,1.2815656405965272,2.470668392096087e-10,-1.5650216678153583e-09,1.812088507024967e-09,1.812088507024967,18.12088507024967,2.8209479177387813,4.231421876608172,36.0,automatic
162.0,138.0,2.8209479177387813,25.0,1.2815656405965272,-8.957056207847813e-10,-2.3867152698642258e-09,1.4910096490794444e-09,1.4910096490794444,14.910096490794444,2.8209479177387813,4.231421876608172,36.0,automatic
50.0,141.0,2.985410660720923,28.0,1.2947179437652612,1.7461250223504976e-09,2.6757246418540603e-10,1.4785525581650916e-09,1.4785525581650916,14.785525581650916,2.985410660720923,4.478115991081385,44.0,automatic
78.0,141.0,2.326213245840639,17.0,1.4253075265915784,1.0834494412748086e-09,-1.2919609826411715e-10,1.2126455395389257e-09,1.2126455395389257,12.126455395389257,2.326213245840639,3.4893198687609583,16.0,automatic
122.0,143.0,2.5854414729132054,21.0,1.3009126076835016,9.051114857605569e-10,-2.8920569931922824e-11,9.340320556924797e-10,0.9340320556924797,9.340320556924798,2.5854414729132054,3.8781622093698083,24.0,automatic
426.0,144.0,3.0382538898732494,29.0,1.1374342679116787,2.4259374509227882e-09,5.011567827395425e-10,1.9247806681832458e-09,1.9247806681832458,19.247806681832458,3.0382538898732494,4.557380834809874,40.0,automatic
98.0,144.0,3.385137501286538,36.0,1.0529332270693823,2.023836875864049e-09,9.271277842670678e-11,1.9311240974373423e-09,1.9311240974373423,19.311240974373423,3.385137501286538,5.077706251929807,44.0,automatic
350.0,144.0,1.381976597885342,6.0,2.0943951023931953,-1.3531550879797294e-10,-7.802537782541918e-10,6.449382694562189e-10,0.6449382694562189,6.449382694562189,1.381976597885342,2.381976597885342,16.0,automatic
394.0,144.0,2.326213245840639,17.0,1.2981113960506478,1.3241479024372893e-09,-6.141834957285042e-11,1.3855662520101397e-09,1.3855662520101397,13.855662520101397,2.326213245840639,3.4893198687609583,16.0,automatic
18.0,147.0,3.1915382432114616,32.0,1.1768136879086513,1.9897572478555503e-09,2.1764134938706547e-10,1.7721158984684848e-09,1.7721158984684848,17.72115898468485,3.1915382432114616,4.787307364817193,32.0,automatic
311.0,146.0,3.2410224072142872,33.0,1.2135891156557967,1.756895962046201e-09,-2.750456112865507e-13,1.7571710076574876e-09,1.7571710076574876,17.571710076574874,3.2410224072142872,4.86153361082143,32.0,automatic
336.0,147.0,2.7057581899030048,23.0,1.27247615308253,1.1941263533543633e-09,-2.549843391985718e-10,1.4491106925529351e-09,1.4491106925529351,14.491106925529351,2.7057581899030048,4.058637284854507,28.0,automatic
402.0,144.0,1.5957691216057308,8.0,1.5707963267948966,8.529856265759861e-10,1.5197056807414455e-10,7.010150585018415e-10,0.7010150585018415,7.010150585018415,1.5957691216057308,2.5957691216057306,12.0,automatic
456.0,147.0,2.876813695875796,26.0,1.2022380906391716,1.694465345813967e-09,3.0413961626951647e-10,1.3903257295444504e-09,1.3903257295444504,13.903257295444504,2.876813695875796,4.315220543813694,36.0,automatic
296.0,147.0,2.326213245840639,17.0,1.4253075265915784,1.027561702393598e-09,1.0031933964094186e-10,9.27242362752656e-10,0.927242362752656,9.27242362752656,2.326213245840639,3.4893198687609583,16.0,automatic
127.0,151.0,3.1915382432114616,32.0,1.105630018541109,1.7012258268778169e-09,1.2847686803318936e-10,1.5727489588446275e-09,1.5727489588446275,15.727489588446275,3.1915382432114616,4.787307364817193,32.0,automatic
237.0,150.0,3.0901936161855166,30.0,1.293629002686353,2.225007733613893e-09,2.436816026740729e-10,1.98132613093982e-09,1.98132613093982,19.8132613093982,3.0901936161855166,4.635290424278275,40.0,automatic
47.0,150.0,2.326213245840639,17.0,1.1454006794618754,1.1624332607595989e-09,4.917670437531996e-12,1.1575155903220669e-09,1.1575155903220669,11.575155903220669,2.326213245840639,3.4893198687609583,16.0,automatic
484.0,151.0,2.876813695875796,26.0,1.2022380906391712,2.5734741004868056e-09,4.5585020480576333e-10,2.1176238956810423e-09,2.1176238956810423,21.176238956810423,2.876813695875796,4.315220543813694,36.0,automatic
220.0,152.0,3.385137501286538,36.0,1.2438337708587477,2.6127926489039055e-09,4.0353434482831574e-10,2.2092583040755898e-09,2.2092583040755898,22.092583040755898,3.385137501286538,5.077706251929807,44.0,automatic
280.0,152.0,2.1850968611841584,15.0,1.387197796891351,-7.265482659946088e-10,-1.9143174823099685e-09,1.1877692163153597e-09,1.1877692163153597,11.877692163153597,2.1850968611841584,3.2776452917762375,24.0,automatic
435.0,153.0,2.876813695875796,26.0,1.2022380906391712,2.4284836364074636e-09,8.382687599617356e-10,1.590214876445728e-09,1.590214876445728,15.90214876445728,2.876813695875796,4.315220543813694,36.0,automatic
358.0,155.0,3.1915382432114616,32.0,1.1768136879086508,1.1428552548764515e-09,-2.6930718766138284e-10,1.4121624425378343e-09,1.4121624425378343,14.121624425378343,3.1915382432114616,4.787307364817193,32.0,automatic
78.0,156.0,2.8209479177387813,25.0,1.2815656405965272,1.7601429203040198e-09,5.395403568364543e-11,1.7061888846203743e-09,1.7061888846203743,17.061888846203743,2.8209479177387813,4.231421876608172,36.0,automatic
124.0,158.0,2.4592453796829674,19.0,1.2801537005750372,1.028035323535903e-09,-3.1075786388612414e-10,1.3387931874220271e-09,1.3387931874220271,13.387931874220271,2.4592453796829674,3.6888680695244513,24.0,automatic
14.0,161.0,2.9316150714175193,27.0,1.2484780172022165,1.9062240674827535e-09,2.440693133709537e-10,1.6621547541117998e-09,1.6621547541117998,16.621547541117998,2.9316150714175193,4.397422607126279,36.0,automatic
411.0,158.0,1.2615662610100802,5.0,1.9634954084936203,-1.1351857232000384e-09,-1.9658841221570356e-09,8.306983989569972e-10,0.8306983989569972,8.306983989569972,1.2615662610100802,2.2615662610100804,16.0,automatic
187.0,162.0,3.141274657157109,31.0,1.1400382601615053,2.1045150067067198e-09,6.428804988356518e-10,1.461634507871068e-09,1.461634507871068,14.61634507871068,3.141274657157109,4.7119119857356635,40.0,automatic
64.0,163.0,3.1915382432114616,32.0,1.255099881833576,2.0959622926142174e-09,3.717301327865741e-10,1.7242321598276433e-09,1.7242321598276433,17.242321598276433,3.1915382432114616,4.787307364817193,32.0,automatic
262.0,163.0,3.3377905890622728,35.0,1.1106924012725319,2.5351978294452238e-09,2.6732584201827336e-10,2.2678719874269504e-09,2.2678719874269504,22.678719874269504,3.3377905890622728,5.006685883593409,44.0,automatic
486.0,163.0,3.2897623212397704,34.0,1.1747318946999283,2.1135853067733024e-09,4.4062764548158384e-10,1.6729576612917185e-09,1.6729576612917185,16.729576612917185,3.2897623212397704,4.934643481859656,32.0,automatic
445.0,164.0,2.876813695875796,26.0,1.3328282662203883,2.4343895788092595e-09,7.504606658326196e-10,1.68392891297664e-09,1.68392891297664,16.8392891297664,2.876813695875796,4.315220543813694,36.0,automatic
347.0,168.0,3.3377905890622728,35.0,0.8091987148532883,9.568940084747624e-10,-8.881539947935835e-11,1.0457094079541207e-09,1.0457094079541207,10.457094079541207,3.3377905890622728,5.006685883593409,44.0,automatic
201.0,168.0,2.326213245840639,17.0,1.4253075265915784,1.952640937830097e-09,3.7249357764945756e-10,1.5801473601806393e-09,1.5801473601806393,15.801473601806393,2.326213245840639,3.4893198687609583,16.0,automatic
308.0,171.0,3.2410224072142872,33.0,1.1401809566205188,2.041463220692208e-09,4.1625954419477473e-11,1.9998372662727304e-09,1.9998372662727304,19.998372662727306,3.2410224072142872,4.86153361082143,32.0,automatic
508.0,169.0,2.985410660720923,28.0,0.7134834993290642,1.6871400942974901e-09,1.167656665801431e-10,1.570374427717347e-09,1.570374427717347,15.70374427717347,2.985410660720923,4.478115991081385,39.0,automatic
163.0,171.0,3.385137501286538,36.0,1.0780241689052947,2.9818241209511598e-09,3.0675123552370565e-10,2.675072885427454e-09,2.675072885427454,26.75072885427454,3.385137501286538,5.077706251929807,44.0,automatic
79.0,171.0,3.431831258788849,37.0,1.1079692847082196,3.1851343784694564e-09,4.814369874983626e-10,2.7036973909710937e-09,2.7036973909710937,27.036973909710937,3.431831258788849,5.147746888183273,52.0,automatic
217.0,171.0,2.876813695875796,26.0,1.1211451356615063,2.084249883793632e-09,4.564392058759026e-10,1.6278106779177293e-09,1.6278106779177293,16.278106779177293,2.876813695875796,4.315220543813694,36.0,automatic
234.0,171.0,2.985410660720923,28.0,1.0108601073016557,2.155312817109234e-09,2.484449312945003e-10,1.9068678858147337e-09,1.9068678858147337,19.068678858147337,2.985410660720923,4.478115991081385,44.0,automatic
315.0,171.0,2.111004122822376,14.0,1.0410011159824166,1.5794856533801749e-09,-1.710244307284725e-10,1.7505100841086474e-09,1.7505100841086474,17.505100841086474,2.111004122822376,3.1665061842335644,24.0,automatic
39.0,175.0,2.6462837142006137,22.0,1.3175850953286932,-8.80412354131721e-10,-2.339356819369698e-09,1.4589444652379768e-09,1.4589444652379768,14.589444652379768,2.6462837142006137,3.9694255713009206,24.0,automatic
300.0,175.0,3.141274657157109,31.0,1.140038260161506,2.1496657787167806e-09,3.137615306458841e-10,1.8359042480708965e-09,1.8359042480708965,18.359042480708965,3.141274657157109,4.7119119857356635,40.0,automatic
152.0,176.0,2.7057581899030048,23.0,1.27247615308253,1.961777629233552e-09,3.756707861457542e-10,1.5861068430877978e-09,1.5861068430877978,15.861068430877978,2.7057581899030048,4.058637284854507,28.0,automatic
244.0,178.0,2.5854414729132054,21.0,1.1618260528144841,2.0044588211476366e-09,5.650282741687107e-10,1.439430546978926e-09,1.439430546978926,14.39430546978926,2.5854414729132054,3.8781622093698083,24.0,automatic
183.0,182.0,3.0382538898732494,29.0,1.2505080359301415,1.867298760060976e-09,9.137935200187464e-11,1.7759194080591012e-09,1.7759194080591012,17.759194080591012,3.0382538898732494,4.557380834809874,40.0,automatic
406.0,182.0,2.5854414729132054,21.0,1.2576948637228438,1.1189054127669351e-09,-9.948966997463948e-11,1.2183950827415746e-09,1.2183950827415746,12.183950827415746,2.5854414729132054,3.8781622093698083,24.0,automatic
134.0,187.0,3.6996385101659595,43.0,1.1894885778814956,2.4720347990836444e-09,-7.80804657041223e-11,2.5501152647877667e-09,2.5501152647877667,25.501152647877667,3.6996385101659595,5.549457765248939,52.0,automatic
272.0,186.0,2.8209479177387813,25.0,1.2815656405965272,1.905171576055409e-09,4.097394645796726e-10,1.4954321114757363e-09,1.4954321114757363,14.954321114757363,2.8209479177387813,4.231421876608172,36.0,automatic
475.0,187.0,3.431831258788849,37.0,1.1741605384881055,2.7141084935067283e-09,5.936687252905415e-10,2.120439768216187e-09,2.120439768216187,21.20439768216187,3.431831258788849,5.147746888183273,52.0,automatic
20.0,187.0,2.256758334191025,16.0,1.176813687908651,8.306504373223333e-10,8.393676552420626e-11,7.467136717981271e-10,0.7467136717981271,7.467136717981271,2.256758334191025,3.385137501286538,16.0,automatic
450.0,186.0,1.381976597885342,6.0,2.0943951023931953,-9.596754502183558e-10,-1.951712458314603e-09,9.92037008096247e-10,0.9920370080962471,9.92037008096247,1.381976597885342,2.381976597885342,16.0,automatic
347.0,189.0,2.763953195770684,24.0,1.3278012032165531,7.908270704959364e-10,-5.604861574859399e-10,1.3513132279818763e-09,1.3513132279818763,13.513132279818763,2.763953195770684,4.145929793656026,36.0,automatic
293.0,192.0,3.9088200952233594,48.0,0.6317544938039172,2.11648010228771e-09,1.5239621370399803e-10,1.964083888583712e-09,1.964083888583712,19.64083888583712,3.9088200952233594,5.8632301428350395,64.0,automatic
357.0,189.0,1.5957691216057308,8.0,1.5707963267948966,1.6822690462880985e-10,-9.223411201464415e-10,1.0905680247752514e-09,1.0905680247752514,10.905680247752514,1.5957691216057308,2.5957691216057306,12.0,automatic
65.0,193.0,3.141274657157109,31.0,1.1400382601615053,2.1348243173235915e-09,5.268383229672935e-10,1.607985994356298e-09,1.607985994356298,16.07985994356298,3.141274657157109,4.7119119857356635,40.0,automatic
376.0,193.0,2.763953195770684,24.0,1.1097582375130814,1.2976070218329028e-09,-1.8627725056896693e-10,1.4838842724018697e-09,1.4838842724018697,14.838842724018697,2.763953195770684,4.145929793656026,36.0,automatic
393.0,191.0,2.8209479177387813,25.0,1.190793892253364,1.6525419921364914e-09,-8.037696896945334e-11,1.7329189611059448e-09,1.7329189611059448,17.329189611059448,2.8209479177387813,4.231421876608172,36.0,automatic
417.0,191.0,2.985410660720923,28.0,1.1286030800767899,1.9498316294885853e-09,-2.4349267394030427e-11,1.9741808968826158e-09,1.9741808968826158,19.741808968826156,2.985410660720923,4.478115991081385,44.0,automatic
494.0,191.0,3.0382538898732494,29.0,1.2505080359301415,2.1339214839599663e-09,2.6332615254975877e-10,1.8705953314102075e-09,1.8705953314102075,18.705953314102075,3.0382538898732494,4.557380834809874,40.0,automatic
104.0,193.0,3.0382538898732494,29.0,1.0950462278531092,2.0240080722544462e-09,2.335833818034594e-10,1.7904246904509868e-09,1.7904246904509868,17.90424690450987,3.0382538898732494,4.557380834809874,40.0,automatic
35.0,195.0,3.1915382432114616,32.0,1.1768136879086508,1.1320719917051747e-09,-1.9788448657465096e-09,3.1109168574516843e-09,3.1109168574516843,31.109168574516843,3.1915382432114616,4.787307364817193,32.0,automatic
181.0,195.0,3.141274657157109,31.0,0.8278598567373682,2.880676808203475e-09,3.256224196529489e-11,2.84811456623818e-09,2.84811456623818,28.481145662381802,3.141274657157109,4.7119119857356635,40.0,automatic
87.0,195.0,2.5854414729132054,21.0,1.3009126076835018,2.127542808594285e-09,4.1200223788173673e-10,1.7155405707125482e-09,1.7155405707125482,17.15540570712548,2.5854414729132054,3.8781622093698083,24.0,automatic
6.0,199.0,3.431831258788849,37.0,1.2033266998743648,2.203664362099289e-09,5.060104002474475e-10,1.6976539618518416e-09,1.6976539618518416,16.976539618518416,3.431831258788849,5.147746888183273,52.0,automatic
477.0,200.0,2.5854414729132054,21.0,1.3009126076835018,1.6562643478934547e-09,2.1004620959219622e-10,1.4462181383012584e-09,1.4462181383012584,14.462181383012584,2.5854414729132054,3.8781622093698083,24.0,automatic
116.0,201.0,2.763953195770684,24.0,1.1431621365632298,1.7285026743252274e-09,3.1051562709993874e-10,1.4179870472252887e-09,1.4179870472252887,14.179870472252887,2.763953195770684,4.145929793656026,36.0,automatic
170.0,202.0,2.9316150714175193,27.0,1.2860574036336336,1.933770921169753e-09,2.0214900586790208e-10,1.7316219153018508e-09,1.7316219153018508,17.31621915301851,2.9316150714175193,4.397422607126279,36.0,automatic
218.0,205.0,2.876813695875796,26.0,1.2022380906391716,1.9227772707353097e-09,4.366905309582947e-10,1.486086739777015e-09,1.486086739777015,14.86086739777015,2.876813695875796,4.315220543813694,36.0,automatic
273.0,204.0,2.326213245840639,17.0,1.4253075265915784,1.8478502061824997e-09,3.449222851781286e-10,1.5029279210043711e-09,1.5029279210043711,15.029279210043711,2.326213245840639,3.4893198687609583,16.0,automatic
401.0,207.0,2.8209479177387813,25.0,1.2815656405965272,1.5387294771684878e-09,1.7157769649500665e-10,1.3671517806734812e-09,1.3671517806734812,13.671517806734812,2.8209479177387813,4.231421876608172,36.0,automatic
462.0,209.0,2.393653682408596,18.0,1.3239153988972323,1.5426657729022963e-09,-4.553776626614603e-11,1.5882035391684424e-09,1.5882035391684424,15.882035391684424,2.393653682408596,3.590480523612894,16.0,automatic
430.0,209.0,2.393653682408596,18.0,1.3744708899359803,1.0568250718989702e-09,-8.94064804829453e-11,1.1462315523819155e-09,1.1462315523819155,11.462315523819155,2.393653682408596,3.590480523612894,16.0,automatic
190.0,211.0,3.0901936161855166,30.0,1.293629002686353,1.840899432892229e-09,3.301532519595085e-10,1.5107461809327205e-09,1.5107461809327205,15.107461809327205,3.0901936161855166,4.635290424278275,40.0,automatic
305.0,211.0,2.876813695875796,26.0,1.2022380906391716,1.8089064690585133e-09,2.2995456927521474e-10,1.5789518997832985e-09,1.5789518997832985,15.789518997832985,2.876813695875796,4.315220543813694,36.0,automatic
228.0,213.0,2.4592453796829674,19.0,1.2801537005750372,1.4733652076159842e-09,1.9799548112153786e-10,1.2753697264944464e-09,1.2753697264944464,12.753697264944464,2.4592453796829674,3.6888680695244513,24.0,automatic
204.0,213.0,2.6462837142006137,22.0,1.217151102948507,1.8134085344456707e-09,4.265096192890283e-10,1.3868989151566424e-09,1.3868989151566424,13.868989151566424,2.6462837142006137,3.9694255713009206,24.0,automatic
252.0,215.0,1.5957691216057308,8.0,1.8288145488861385,1.1943073197073772e-09,2.460182058072746e-10,9.482891139001026e-10,0.9482891139001026,9.482891139001026,1.5957691216057308,2.5957691216057306,12.0,automatic
263.0,215.0,2.326213245840639,17.0,1.1872122054039382,1.528353554824946e-09,1.539992577903604e-10,1.3743542970345857e-09,1.3743542970345857,13.743542970345857,2.326213245840639,3.4893198687609583,16.0,automatic
62.0,220.0,2.985410660720923,28.0,1.2073870691739297,9.377451037906326e-10,-2.440913027257352e-10,1.1818364065163678e-09,1.1818364065163678,11.818364065163678,2.985410660720923,4.478115991081385,44.0,automatic
132.0,218.0,2.1850968611841584,15.0,1.387197796891351,1.3838670209764814e-09,1.35893692132516e-10,1.2479733288439654e-09,1.2479733288439654,12.479733288439654,2.1850968611841584,3.2776452917762375,24.0,automatic
373.0,219.0,2.763953195770684,24.0,1.230303014972666,1.6891700260757148e-09,-5.0921293223704645e-11,1.7400913192994194e-09,1.7400913192994194,17.400913192994196,2.763953195770684,4.145929793656026,36.0,automatic
458.0,217.0,2.326213245840639,17.0,1.2981113960506478,1.2510781299823748e-09,2.7834813447202844e-12,1.2482946486376545e-09,1.2482946486376545,12.482946486376544,2.326213245840639,3.4893198687609583,16.0,automatic
442.0,220.0,2.4592453796829674,19.0,1.3974662543915228,1.3781529251133406e-09,9.686691899990496e-11,1.2812860061134357e-09,1.2812860061134357,12.812860061134357,2.4592453796829674,3.6888680695244513,24.0,automatic
39.0,220.0,2.9316150714175193,27.0,1.2484780172022165,1.4898607902935623e-09,-2.716864649920936e-10,1.761547255285656e-09,1.761547255285656,17.61547255285656,2.9316150714175193,4.397422607126279,36.0,automatic
118.0,220.0,2.876813695875796,26.0,1.3328282662203883,1.8598274031944584e-09,2.746299021527676e-10,1.5851975010416908e-09,1.5851975010416908,15.851975010416908,2.876813695875796,4.315220543813694,36.0,automatic
147.0,220.0,2.5231325220201604,20.0,1.347530211131618,-1.5303999734150864e-10,-1.8526307155042332e-09,1.6995907181627246e-09,1.6995907181627246,16.995907181627246,2.5231325220201604,3.7846987830302403,24.0,automatic
271.0,222.0,2.985410660720923,28.0,1.2073870691739297,1.8220107644850714e-09,3.4488027711443436e-10,1.477130487370637e-09,1.477130487370637,14.77130487370637,2.985410660720923,4.478115991081385,44.0,automatic
292.0,222.0,2.5854414729132054,21.0,1.1618260528144841,1.882015210341592e-09,6.355788673140239e-10,1.2464363430275682e-09,1.2464363430275682,12.464363430275682,2.5854414729132054,3.8781622093698083,24.0,automatic
423.0,224.0,2.5854414729132054,21.0,1.3009126076835018,1.4101002587807443e-09,9.011877008524571e-11,1.3199814886954986e-09,1.3199814886954986,13.199814886954986,2.5854414729132054,3.8781622093698083,24.0,automatic
217.0,225.0,3.141274657157109,31.0,1.17056665736022,2.2588975134851808e-09,5.802986147163125e-10,1.6785988987688683e-09,1.6785988987688683,16.785988987688683,3.141274657157109,4.7119119857356635,40.0,automatic
324.0,225.0,2.0342144725641096,13.0,1.5571460217520925,-6.152748310839229e-10,-1.8240939314573268e-09,1.208819100373404e-09,1.208819100373404,12.088191003734039,2.0342144725641096,3.0513217088461646,16.0,automatic
23.0,227.0,2.7057581899030048,23.0,1.27247615308253,1.1500844721012982e-09,-5.551701806605358e-11,1.2056014901673517e-09,1.2056014901673517,12.056014901673517,2.7057581899030048,4.058637284854507,28.0,automatic
364.0,226.0,2.256758334191025,16.0,1.2898320915163313,1.032422036750802e-09,-3.1035797543044197e-10,1.3427800121812439e-09,1.3427800121812439,13.427800121812439,2.256758334191025,3.385137501286538,16.0,automatic
493.0,228.0,2.876813695875796,26.0,1.2924583435681247,2.168848212136254e-09,5.598621843905249e-10,1.608986027745729e-09,1.608986027745729,16.08986027745729,2.876813695875796,4.315220543813694,36.0,automatic
89.0,229.0,3.2897623212397704,34.0,1.1747318946999288,2.266476561985087e-09,2.5474808373893154e-10,2.0117284782461553e-09,2.0117284782461553,20.117284782461553,3.2897623212397704,4.934643481859656,32.0,automatic
249.0,227.0,1.692568750643269,9.0,1.6646373562696222,-7.067449403486137e-10,-1.5331083069725082e-09,8.263633666238945e-10,0.8263633666238945,8.263633666238945,1.692568750643269,2.692568750643269,12.0,automatic
164.0,229.0,2.763953195770684,24.0,1.230303014972666,1.578248531863835e-09,4.971733962022551e-11,1.5285311922436096e-09,1.5285311922436096,15.285311922436096,2.763953195770684,4.145929793656026,36.0,automatic
377.0,230.0,2.5231325220201604,20.0,1.1978046321169937,1.1066004779181071e-09,-1.912911357093705e-10,1.2978916136274776e-09,1.2978916136274776,12.978916136274776,2.5231325220201604,3.7846987830302403,24.0,automatic
406.0,230.0,2.876813695875796,26.0,1.2384256479434992,1.8414002544986374e-09,1.8333153745109243e-10,1.658068717047545e-09,1.658068717047545,16.58068717047545,2.876813695875796,4.315220543813694,36.0,automatic
4.0,232.0,2.985410660720923,28.0,1.2073870691739297,1.5985291978992677e-09,-2.62101881864929e-10,1.8606310797641967e-09,1.8606310797641967,18.606310797641967,2.985410660720923,4.478115991081385,44.0,automatic
184.0,233.0,3.0382538898732494,29.0,1.2505080359301415,1.6927732549021357e-09,-2.2056086124155883e-11,1.7148293410262916e-09,1.7148293410262916,17.148293410262916,3.0382538898732494,4.557380834809874,40.0,automatic
126.0,234.0,2.8209479177387813,25.0,1.2815656405965272,1.5105631190337476e-09,-1.9524432418038806e-11,1.5300875514517864e-09,1.5300875514517864,15.300875514517864,2.8209479177387813,4.231421876608172,36.0,automatic
505.0,233.0,2.876813695875796,26.0,1.2022380906391716,1.8106109944682203e-09,4.812587273139712e-10,1.329352267154249e-09,1.329352267154249,13.29352267154249,2.876813695875796,4.315220543813694,36.0,automatic
482.0,236.0,2.876813695875796,26.0,1.2022380906391712,1.850592012964114e-09,3.3082227235414763e-10,1.5197697406099664e-09,1.5197697406099664,15.197697406099664,2.876813695875796,4.315220543813694,36.0,automatic
110.0,236.0,2.9316150714175193,27.0,1.2484780172022165,1.220921475031389e-09,-1.776757421745323e-10,1.3985972172059213e-09,1.3985972172059213,13.985972172059213,2.9316150714175193,4.397422607126279,36.0,automatic
317.0,237.0,2.7057581899030048,23.0,1.27247615308253,1.5350662962987371e-09,2.064671975054999e-10,1.3285990987932372e-09,1.3285990987932372,13.285990987932372,2.7057581899030048,4.058637284854507,28.0,automatic
232.0,237.0,2.7057581899030048,23.0,1.27247615308253,1.976969477013313e-09,4.488115018519423e-10,1.5281579751613705e-09,1.5281579751613705,15.281579751613705,2.7057581899030048,4.058637284854507,28.0,automatic
211.0,239.0,2.7057581899030048,23.0,1.27247615308253,1.7973267318893704e-09,4.3561992901786084e-10,1.3617068028715096e-09,1.3617068028715096,13.617068028715096,2.7057581899030048,4.058637284854507,28.0,automatic
282.0,239.0,2.6462837142006137,22.0,1.3175850953286932,1.8088934794491252e-09,6.354395898355847e-10,1.1734538896135405e-09,1.1734538896135405,11.734538896135405,2.6462837142006137,3.9694255713009206,24.0,automatic
33.0,240.0,2.985410660720923,28.0,1.1286030800767899,1.7423538167804509e-09,2.0404097161863533e-10,1.5383128451618155e-09,1.5383128451618155,15.383128451618155,2.985410660720923,4.478115991081385,44.0,automatic
139.0,242.0,3.0382538898732494,29.0,1.1689103329366752,1.5876294723327078e-09,1.5906444911228945e-10,1.4285650232204183e-09,1.4285650232204183,14.285650232204183,3.0382538898732494,4.557380834809874,40.0,automatic
448.0,241.0,2.6462837142006137,22.0,1.3628608270970017,1.7404656604824709e-09,1.9650089194689357e-10,1.5439647685355773e-09,1.5439647685355773,15.439647685355773,2.6462837142006137,3.9694255713009206,24.0,automatic
498.0,241.0,2.6462837142006137,22.0,1.3628608270970017,1.843843744353535e-09,4.527843794344122e-10,1.3910593649191227e-09,1.3910593649191227,13.910593649191227,2.6462837142006137,3.9694255713009206,24.0,automatic
74.0,243.0,3.1915382432114616,32.0,1.255099881833576,1.443001274026301e-09,-7.094615346592281e-11,1.5139474274922238e-09,1.5139474274922238,15.139474274922238,3.1915382432114616,4.787307364817193,32.0,automatic
247.0,240.0,1.4927053303604616,7.0,1.8865422955842652,-4.168644041069314e-10,-1.6522956891584784e-09,1.235431285051547e-09,1.235431285051547,12.35431285051547,1.4927053303604616,2.4927053303604616,12.0,automatic
425.0,249.0,3.3377905890622728,35.0,0.851448619168259,1.2556442552380531e-09,-1.519893030876851e-10,1.4076335583257382e-09,1.4076335583257382,14.076335583257382,3.3377905890622728,5.006685883593409,44.0,automatic
268.0,246.0,3.1915382432114616,32.0,1.1768136879086508,1.5762678939879038e-09,2.593330966638163e-10,1.3169347973240875e-09,1.3169347973240875,13.169347973240875,3.1915382432114616,4.787307364817193,32.0,automatic
308.0,248.0,2.9316150714175193,27.0,1.248478017202216,1.772580415781988e-09,3.985588942212459e-10,1.374021521560742e-09,1.374021521560742,13.74021521560742,2.9316150714175193,4.397422607126279,36.0,automatic
374.0,249.0,3.0901936161855166,30.0,1.1766561392189778,1.1647872666387116e-09,-4.0890239805246864e-10,1.5736896646911802e-09,1.5736896646911802,15.736896646911802,3.0901936161855166,4.635290424278275,40.0,automatic
154.0,251.0,2.876813695875796,26.0,1.3328282662203883,1.2422226580710571e-09,-2.3149539923883466e-10,1.4737180573098918e-09,1.4737180573098918,14.737180573098918,2.876813695875796,4.315220543813694,36.0,automatic
81.0,252.0,2.6462837142006137,22.0,1.217151102948507,1.4933383418735957e-09,4.673548180400555e-11,1.4466028600695902e-09,1.4466028600695902,14.466028600695902,2.6462837142006137,3.9694255713009206,24.0,automatic
454.0,253.0,2.6462837142006137,22.0,1.217151102948507,1.7261666540591136e-09,1.184760622940928e-10,1.6076905917650208e-09,1.6076905917650208,16.07690591765021,2.6462837142006137,3.9694255713009206,24.0,automatic
408.0,253.0,4.442433223290478,62.0,0.7167188617271981,1.7676117236575806e-09,-2.8731352019750744e-10,2.054925243855088e-09,2.054925243855088,20.54925243855088,4.442433223290478,6.6636498349357165,76.0,automatic
484.0,253.0,2.8209479177387813,25.0,1.2815656405965272,1.5236822914488357e-09,6.649908054767728e-11,1.4571832109011584e-09,1.4571832109011584,14.571832109011584,2.8209479177387813,4.231421876608172,36.0,automatic
165.0,255.0,2.8209479177387813,25.0,1.2815656405965272,1.8192878314948757e-09,1.938987026495198e-10,1.625389128845356e-09,1.625389128845356,16.25389128845356,2.8209479177387813,4.231421876608172,36.0,automatic
183.0,257.0,2.763953195770684,24.0,1.230303014972666,1.540824356993653e-09,-4.7522225737894885e-11,1.588346582731548e-09,1.588346582731548,15.88346582731548,2.763953195770684,4.145929793656026,36.0,automatic
67.0,257.0,2.8209479177387813,25.0,1.2815656405965272,1.5883262483029625e-09,2.5408034010077074e-10,1.3342459082021918e-09,1.3342459082021918,13.342459082021918,2.8209479177387813,4.231421876608172,36.0,automatic
294.0,257.0,2.763953195770684,24.0,1.3278012032165531,1.6265453428587762e-09,2.222120681905082e-10,1.404333274668268e-09,1.404333274668268,14.04333274668268,2.763953195770684,4.145929793656026,36.0,automatic
470.0,257.0,2.5854414729132054,21.0,1.2576948637228433,1.5767445127323754e-09,-5.13489840925363e-11,1.6280934968249117e-09,1.6280934968249117,16.280934968249117,2.5854414729132054,3.8781622093698083,24.0,automatic
112.0,258.0,3.0901936161855166,30.0,1.2092175857965604,3.8077407893410964e-10,-1.9275058216194907e-09,2.3082799005536003e-09,2.3082799005536003,23.082799005536003,3.0901936161855166,4.635290424278275,40.0,automatic
229.0,260.0,2.763953195770684,24.0,1.3278012032165531,1.5813415021881383e-09,-1.272242901306786e-11,1.5940639312012062e-09,1.5940639312012062,15.940639312012062,2.763953195770684,4.145929793656026,36.0,automatic
348.0,261.0,2.7057581899030048,23.0,1.27247615308253,1.6446404238479317e-09,2.0023255969947584e-10,1.444407864148456e-09,1.444407864148456,14.444078641484559,2.7057581899030048,4.058637284854507,28.0,automatic
129.0,262.0,2.393653682408596,18.0,1.3239153988972323,1.160744833583749e-09,2.2032466823196373e-10,9.404201653517852e-10,0.9404201653517852,9.404201653517852,2.393653682408596,3.590480523612894,16.0,automatic
197.0,261.0,2.5231325220201604,20.0,1.347530211131618,1.2061979193234151e-09,-2.1041666325993802e-10,1.4166145825833532e-09,1.4166145825833532,14.166145825833532,2.5231325220201604,3.7846987830302403,24.0,automatic
316.0,260.0,2.1850968611841584,15.0,1.387197796891351,1.2172237662255725e-09,2.0942342304763883e-10,1.0078003431779337e-09,1.0078003431779337,10.078003431779337,2.1850968611841584,3.2776452917762375,24.0,automatic
373.0,260.0,1.7841241161527712,10.0,1.612290114395414,9.794993705014576e-10,1.660163395644787e-10,8.134830309369789e-10,0.8134830309369789,8.13483030936979,1.7841241161527712,2.7841241161527712,12.0,automatic
455.0,259.0,1.4927053303604616,7.0,1.8865422955842652,1.0107106263035348e-09,3.2597304022718987e-10,6.847375860763449e-10,0.6847375860763449,6.847375860763449,1.4927053303604616,2.4927053303604616,12.0,automatic
393.0,265.0,3.0382538898732494,29.0,1.2505080359301415,-3.320729802247513e-10,-2.1768690183776584e-09,1.8447960381529072e-09,1.8447960381529072,18.44796038152907,3.0382538898732494,4.557380834809874,40.0,automatic
17.0,265.0,3.3377905890622728,35.0,1.138282013394669,1.7625996218129103e-09,1.5521092050496677e-10,1.6073887013079435e-09,1.6073887013079435,16.073887013079435,3.3377905890622728,5.006685883593409,44.0,automatic
272.0,265.0,2.393653682408596,18.0,1.3744708899359803,1.7576257116402871e-09,4.4075468275117657e-10,1.3168710288891106e-09,1.3168710288891106,13.168710288891106,2.393653682408596,3.590480523612894,16.0,automatic
444.0,265.0,2.0342144725641096,13.0,1.332828266220388,1.3262766440647056e-09,5.120832924365715e-10,8.141933516281341e-10,0.8141933516281341,8.141933516281341,2.0342144725641096,3.0513217088461646,16.0,automatic
423.0,268.0,2.326213245840639,17.0,1.2052043694842207,1.5150204424330127e-09,2.1442209119371114e-10,1.3005983512393016e-09,1.3005983512393016,13.005983512393016,2.326213245840639,3.4893198687609583,16.0,automatic
260.0,268.0,2.393653682408596,18.0,1.3744708899359803,1.7323776857480766e-09,5.956447834964962e-10,1.1367329022515804e-09,1.1367329022515804,11.367329022515804,2.393653682408596,3.590480523612894,16.0,automatic
356.0,269.0,2.9316150714175193,27.0,1.2860574036336336,1.841136576530289e-09,4.244710416489994e-10,1.4166655348812895e-09,1.4166655348812895,14.166655348812895,2.9316150714175193,4.397422607126279,36.0,automatic
46.0,271.0,3.2410224072142872,33.0,1.213589115655796,2.4627113681674473e-09,4.986872303991419e-10,1.9640241377683054e-09,1.9640241377683054,19.640241377683054,3.2410224072142872,4.86153361082143,32.0,automatic
156.0,273.0,2.8209479177387813,25.0,1.2815656405965272,2.0368053910146955e-09,5.967875915668941e-10,1.4400177994478014e-09,1.4400177994478014,14.400177994478014,2.8209479177387813,4.231421876608172,36.0,automatic
288.0,273.0,2.5854414729132054,21.0,1.2576948637228433,1.9277239804438295e-09,6.253588202831395e-10,1.30236516016069e-09,1.30236516016069,13.0236516016069,2.5854414729132054,3.8781622093698083,24.0,automatic
115.0,275.0,2.0342144725641096,13.0,1.332828266220388,-5.525397916983366e-10,-1.2181489150719926e-09,6.656091233736561e-10,0.6656091233736561,6.656091233736561,2.0342144725641096,3.0513217088461646,16.0,automatic
180.0,276.0,2.985410660720923,28.0,1.2947179437652612,2.272847021700386e-09,5.415593251623108e-10,1.7312876965380752e-09,1.7312876965380752,17.312876965380752,2.985410660720923,4.478115991081385,44.0,automatic
129.0,276.0,2.326213245840639,17.0,1.4253075265915784,1.475850774923515e-09,4.992411206661274e-10,9.766096542573877e-10,0.9766096542573877,9.766096542573877,2.326213245840639,3.4893198687609583,16.0,automatic
384.0,276.0,2.8209479177387813,25.0,1.2815656405965272,1.3855663283379727e-09,-1.2858408782179254e-10,1.5141504161597652e-09,1.5141504161597652,15.141504161597652,2.8209479177387813,4.231421876608172,36.0,automatic
470.0,275.0,1.9544100476116797,12.0,1.4373655585403924,-2.3057210307708687e-10,-1.2218928091556336e-09,9.913207060785467e-10,0.9913207060785467,9.913207060785467,1.9544100476116797,2.9544100476116797,16.0,automatic
317.0,277.0,3.1915382432114616,32.0,1.1768136879086508,3.811829740740791e-10,-1.4622889565885089e-09,1.843471930662588e-09,1.843471930662588,18.43471930662588,3.1915382432114616,4.787307364817193,32.0,automatic
211.0,279.0,3.385137501286538,36.0,1.0780241689052943,2.0335015615824403e-10,-1.5164713929038953e-09,1.7198215490621394e-09,1.7198215490621394,17.198215490621394,3.385137501286538,5.077706251929807,44.0,automatic
32.0,279.0,2.393653682408596,18.0,1.3744708899359803,1.4810509485485568e-09,4.838748290936223e-10,9.971761194549345e-10,0.9971761194549345,9.971761194549345,2.393653682408596,3.590480523612894,16.0,automatic
145.0,279.0,3.3377905890622728,35.0,1.073355474593179,2.0420214408289894e-09,6.151193721048998e-10,1.4269020687240896e-09,1.4269020687240896,14.269020687240896,3.3377905890622728,5.006685883593409,44.0,automatic
343.0,279.0,2.7057581899030048,23.0,1.27247615308253,1.76163073017932e-09,5.89046866839027e-10,1.172583863340293e-09,1.172583863340293,11.72583863340293,2.7057581899030048,4.058637284854507,28.0,automatic
271.0,281.0,2.876813695875796,26.0,1.1211451356615063,2.4133632869904886e-09,8.622213221176622e-10,1.5511419648728264e-09,1.5511419648728264,15.511419648728264,2.876813695875796,4.315220543813694,36.0,automatic
508.0,281.0,2.6462837142006137,22.0,1.25731000235922,1.6942286462651168e-09,3.34412400548878e-10,1.3598162457162388e-09,1.3598162457162388,13.598162457162388,2.6462837142006137,3.9694255713009206,24.0,automatic
499.0,282.0,1.8712051592547776,11.0,1.5596762428619324,1.0618510515314483e-09,4.118398677643853e-10,6.50011183767063e-10,0.650011183767063,6.50011183767063,1.8712051592547776,2.8712051592547776,16.0,automatic
78.0,283.0,2.763953195770684,24.0,1.230303014972666,3.16903697727966e-10,-1.1106053854348374e-09,1.4275090831628034e-09,1.4275090831628034,14.275090831628034,2.763953195770684,4.145929793656026,36.0,automatic
34.0,286.0,1.8712051592547776,11.0,1.4822832322447796,1.4225005617873876e-09,5.362496835470409e-10,8.862508782403467e-10,0.8862508782403467,8.862508782403467,1.8712051592547776,2.8712051592547776,16.0,automatic
432.0,287.0,3.141274657157109,31.0,1.1400382601615053,2.053239134269802e-09,2.8946821328812433e-10,1.7637709209816776e-09,1.7637709209816776,17.637709209816776,3.141274657157109,4.7119119857356635,40.0,automatic
439.0,286.0,2.111004122822376,14.0,1.500400304239239,1.3222489769759704e-09,2.7143902403548026e-10,1.0508099529404902e-09,1.0508099529404902,10.508099529404902,2.111004122822376,3.1665061842335644,24.0,automatic
357.0,286.0,2.326213245840639,17.0,1.4253075265915784,1.6488062026809303e-09,3.5006948728710796e-10,1.2987367153938223e-09,1.2987367153938223,12.987367153938223,2.326213245840639,3.4893198687609583,16.0,automatic
492.0,288.0,2.876813695875796,26.0,1.2384256479434992,1.780532721262773e-09,2.7036917149558803e-10,1.510163549767185e-09,1.510163549767185,15.10163549767185,2.876813695875796,4.315220543813694,36.0,automatic
63.0,289.0,3.1915382432114616,32.0,1.2898320915163313,2.1186266074835203e-09,3.4981263719036093e-10,1.7688139702931593e-09,1.7688139702931593,17.688139702931593,3.1915382432114616,4.787307364817193,32.0,automatic
298.0,289.0,2.985410660720923,28.0,1.2947179437652612,1.8766861398233914e-09,4.0552906865887195e-10,1.4711570711645194e-09,1.4711570711645194,14.711570711645194,2.985410660720923,4.478115991081385,44.0,automatic
22.0,290.0,2.985410660720923,28.0,1.0982123966043789,2.075396521306061e-09,3.219527699993563e-10,1.7534437513067047e-09,1.7534437513067047,17.534437513067047,2.985410660720923,4.478115991081385,44.0,automatic
264.0,292.0,2.876813695875796,26.0,1.3328282662203883,2.2022974555113706e-09,5.028285288144474e-10,1.6994689266969232e-09,1.6994689266969232,16.99468926696923,2.876813695875796,4.315220543813694,36.0,automatic
369.0,291.0,2.9316150714175193,27.0,1.248478017202216,1.6186727513911592e-09,9.89024036279762e-11,1.519770347763183e-09,1.519770347763183,15.19770347763183,2.9316150714175193,4.397422607126279,36.0,automatic
232.0,295.0,3.0382538898732494,29.0,1.2505080359301415,4.818721532906522e-10,-1.5246112705646908e-09,2.006483423855343e-09,2.006483423855343,20.06483423855343,3.0382538898732494,4.557380834809874,40.0,automatic
422.0,293.0,1.7841241161527712,10.0,1.612290114395414,9.031134728942902e-10,-4.3517775494272826e-10,1.3382912278370185e-09,1.3382912278370185,13.382912278370185,1.7841241161527712,2.7841241161527712,12.0,automatic
193.0,296.0,2.6462837142006137,22.0,1.3628608270970017,-1.542178745816969e-10,-1.336820043551512e-09,1.1826021689698152e-09,1.1826021689698152,11.826021689698152,2.6462837142006137,3.9694255713009206,24.0,automatic
487.0,295.0,2.7057581899030048,23.0,1.27247615308253,1.760928847183152e-09,2.7811843106295697e-10,1.482810416120195e-09,1.482810416120195,14.82810416120195,2.7057581899030048,4.058637284854507,28.0,automatic
354.0,297.0,2.876813695875796,26.0,1.3328282662203883,1.695190765538257e-09,1.6559766752299865e-10,1.5295930980152583e-09,1.5295930980152583,15.295930980152583,2.876813695875796,4.315220543813694,36.0,automatic
401.0,296.0,2.9316150714175193,27.0,1.1642661024177179,1.5395367203296928e-09,-5.326969247654301e-11,1.5928064128062358e-09,1.5928064128062358,15.928064128062358,2.9316150714175193,4.397422607126279,36.0,automatic
113.0,299.0,3.141274657157109,31.0,1.249524838656446,1.5289878252389144e-09,3.1993435678501214e-10,1.2090534684539023e-09,1.2090534684539023,12.090534684539023,3.141274657157109,4.7119119857356635,40.0,automatic
470.0,296.0,1.9544100476116797,12.0,1.5079644737231006,1.1021140666755969e-09,3.642056795039039e-10,7.379083871716929e-10,0.7379083871716929,7.379083871716929,1.9544100476116797,2.9544100476116797,16.0,automatic
29.0,298.0,2.326213245840639,17.0,1.1454006794618754,1.3198805381975376e-09,-7.876486962654639e-11,1.398645407824084e-09,1.398645407824084,13.98645407824084,2.326213245840639,3.4893198687609583,16.0,automatic
96.0,298.0,2.111004122822376,14.0,1.500400304239239,6.070338676167353e-10,-3.0643054760304267e-10,9.134644152197779e-10,0.913464415219778,9.13464415219778,2.111004122822376,3.1665061842335644,24.0,automatic
321.0,303.0,4.370193722368317,60.0,0.6251777571273333,1.5453774926399433e-09,-5.937695127244957e-11,1.6047544439123929e-09,1.6047544439123929,16.04754443912393,4.370193722368317,6.555290583552475,76.0,automatic
452.0,301.0,2.9316150714175193,27.0,1.2860574036336336,-1.9060618361432802e-10,-1.9323387334679865e-09,1.7417325498536584e-09,1.7417325498536584,17.417325498536584,2.9316150714175193,4.397422607126279,36.0,automatic
171.0,304.0,3.3377905890622728,35.0,1.138282013394669,2.5340904930004626e-09,7.366821319632066e-10,1.797408361037256e-09,1.797408361037256,17.97408361037256,3.3377905890622728,5.006685883593409,44.0,automatic
428.0,302.0,1.4927053303604616,7.0,1.8865422955842652,-5.359115373693157e-10,-1.5899305205735459e-09,1.0540189832042302e-09,1.0540189832042302,10.540189832042302,1.4927053303604616,2.4927053303604616,12.0,automatic
17.0,305.0,4.1073621666150775,53.0,0.7330569142758053,9.040930781800682e-10,1.583445596864408e-10,7.457485184936274e-10,0.7457485184936274,7.457485184936274,4.1073621666150775,6.161043249922616,72.0,automatic
150.0,306.0,3.385137501286538,36.0,0.7920177567467468,1.675257599309532e-09,3.4367637902210646e-10,1.3315812202874255e-09,1.3315812202874255,13.315812202874255,3.385137501286538,5.077706251929807,44.0,automatic
281.0,308.0,3.0901936161855166,30.0,1.10326283241436,1.7673673635698606e-09,4.228672273454137e-10,1.3445001362244469e-09,1.3445001362244469,13.445001362244469,3.0901936161855166,4.635290424278275,40.0,automatic
383.0,308.0,2.9316150714175193,27.0,1.2484780172022165,1.896572454640477e-09,2.142746050037836e-10,1.6822978496366936e-09,1.6822978496366936,16.822978496366936,2.9316150714175193,4.397422607126279,36.0,automatic
238.0,307.0,1.5957691216057308,8.0,1.8288145488861385,-3.088397593220549e-10,-1.2897304890735484e-09,9.808907297514935e-10,0.9808907297514935,9.808907297514935,1.5957691216057308,2.5957691216057306,12.0,automatic
403.0,307.0,2.8209479177387813,25.0,1.1907938922533645,1.7062089519015444e-09,2.2484815398460256e-10,1.4813607979169419e-09,1.4813607979169419,14.813607979169419,2.8209479177387813,4.231421876608172,36.0,automatic
459.0,307.0,2.1850968611841584,15.0,1.387197796891351,-6.930757079359751e-10,-1.772406610367483e-09,1.0793309024315079e-09,1.0793309024315079,10.793309024315079,2.1850968611841584,3.2776452917762375,24.0,automatic
468.0,307.0,2.0342144725641096,13.0,1.393228853936436,1.5694898714002647e-09,5.611893172385862e-10,1.0083005541616785e-09,1.0083005541616785,10.083005541616785,2.0342144725641096,3.0513217088461646,16.0,automatic
41.0,309.0,3.141274657157109,31.0,1.249524838656446,8.665714257283241e-10,-1.2678462169013471e-09,2.1344176426296713e-09,2.1344176426296713,21.344176426296713,3.141274657157109,4.7119119857356635,40.0,automatic
302.0,310.0,3.1915382432114616,32.0,1.1768136879086508,2.0891408603063155e-09,4.0059770778366754e-10,1.688543152522648e-09,1.688543152522648,16.88543152522648,3.1915382432114616,4.787307364817193,32.0,automatic
357.0,310.0,2.7057581899030048,23.0,1.314460457011912,2.159627587872137e-09,6.913558892041038e-10,1.4682716986680333e-09,1.4682716986680333,14.682716986680333,2.7057581899030048,4.058637284854507,28.0,automatic
205.0,314.0,2.1850968611841584,15.0,1.387197796891351,1.1827396839692028e-09,2.234058354977364e-10,9.593338484714664e-10,0.9593338484714664,9.593338484714664,2.1850968611841584,3.2776452917762375,24.0,automatic
320.0,314.0,3.0382538898732494,29.0,1.215703478563405,-1.0521553767128822e-10,-2.0108855691702843e-09,1.905670031498996e-09,1.905670031498996,19.05670031498996,3.0382538898732494,4.557380834809874,40.0,automatic
478.0,314.0,2.4592453796829674,19.0,1.3268842295691072,2.226171469388305e-09,5.251764023661565e-10,1.7009950670221485e-09,1.7009950670221485,17.009950670221485,2.4592453796829674,3.6888680695244513,24.0,automatic
9.0,316.0,3.2897623212397704,34.0,1.1747318946999283,2.9477074114936386e-09,8.621238167805245e-10,2.085583594713114e-09,2.085583594713114,20.85583594713114,3.2897623212397704,4.934643481859656,32.0,automatic
261.0,318.0,2.763953195770684,24.0,1.230303014972666,2.2809525379585693e-09,5.547488857171601e-10,1.7262036522414093e-09,1.7262036522414093,17.262036522414093,2.763953195770684,4.145929793656026,36.0,automatic
425.0,318.0,2.6462837142006137,22.0,1.3175850953286932,-4.759202754112124e-11,-1.7402664309607019e-09,1.6926744034195806e-09,1.6926744034195806,16.926744034195806,2.6462837142006137,3.9694255713009206,24.0,automatic
290.0,318.0,2.256758334191025,16.0,1.4796776500174416,1.5476288028892782e-09,4.2956443957464785e-10,1.1180643633146303e-09,1.1180643633146303,11.180643633146303,2.256758334191025,3.385137501286538,16.0,automatic
180.0,321.0,3.0901936161855166,30.0,1.0365281423822896,2.565351264749438e-09,5.219785437216018e-10,2.0433727210278363e-09,2.0433727210278363,20.433727210278363,3.0901936161855166,4.635290424278275,40.0,automatic
154.0,321.0,2.876813695875796,26.0,1.3328282662203883,2.593033121556232e-09,4.4922646158518376e-10,2.143806659971048e-09,2.143806659971048,21.43806659971048,2.876813695875796,4.315220543813694,36.0,automatic
304.0,323.0,3.0382538898732494,29.0,0.6472744249996291,4.1555392460423946e-10,-7.093546305902976e-10,1.124908555194537e-09,1.124908555194537,11.24908555194537,3.0382538898732494,4.557380834809874,40.0,automatic
353.0,322.0,1.7841241161527712,10.0,1.612290114395414,1.4801526670993326e-09,8.113495431061324e-10,6.688031239932002e-10,0.6688031239932002,6.688031239932002,1.7841241161527712,2.7841241161527712,12.0,automatic
209.0,324.0,2.9316150714175193,27.0,1.248478017202216,1.953134542986845e-09,3.290105687892009e-10,1.6241239741976443e-09,1.6241239741976443,16.241239741976443,2.9316150714175193,4.397422607126279,36.0,automatic
252.0,325.0,3.0382538898732494,29.0,1.2505080359301415,2.081743666337843e-09,5.405110525824597e-10,1.5412326137553833e-09,1.5412326137553833,15.412326137553833,3.0382538898732494,4.557380834809874,40.0,automatic
502.0,326.0,3.0901936161855166,30.0,1.1766561392189778,2.581066471663007e-09,6.831359922188085e-10,1.8979304794441987e-09,1.8979304794441987,18.979304794441987,3.0901936161855166,4.635290424278275,40.0,automatic
380.0,326.0,2.8209479177387813,25.0,1.1907938922533645,1.9784189841942634e-09,6.272450892019776e-10,1.3511738949922858e-09,1.3511738949922858,13.511738949922858,2.8209479177387813,4.231421876608172,36.0,automatic
412.0,326.0,2.111004122822376,14.0,1.500400304239239,-1.6969729788041121e-10,-1.421765427611632e-09,1.2520681297312208e-09,1.2520681297312208,12.520681297312208,2.111004122822376,3.1665061842335644,24.0,automatic
46.0,327.0,2.7057581899030048,23.0,1.27247615308253,7.18068660088278e-10,-1.150895045931577e-09,1.868963706019855e-09,1.868963706019855,18.68963706019855,2.7057581899030048,4.058637284854507,28.0,automatic
104.0,326.0,1.7841241161527712,10.0,1.612290114395414,1.1628391582974018e-09,3.3565490664688724e-10,8.271842516505146e-10,0.8271842516505146,8.271842516505146,1.7841241161527712,2.7841241161527712,12.0,automatic
66.0,329.0,3.3377905890622728,35.0,0.754616918233706,1.678771566204773e-10,-1.3141298604857354e-09,1.4820070171062127e-09,1.4820070171062127,14.820070171062127,3.3377905890622728,5.006685883593409,44.0,automatic
443.0,329.0,2.4592453796829674,19.0,1.3268842295691072,1.6472956332336253e-09,5.275637982027348e-10,1.1197318350308905e-09,1.1197318350308905,11.197318350308905,2.4592453796829674,3.6888680695244513,24.0,automatic
209.0,333.0,2.1850968611841584,15.0,1.387197796891351,1.387683301601328e-09,3.5778280338405466e-10,1.0299004982172733e-09,1.0299004982172733,10.299004982172733,2.1850968611841584,3.2776452917762375,24.0,automatic
2.0,332.0,1.7841241161527712,10.0,1.8656479534119152,-3.7341132963497614e-10,-1.5545694176388736e-09,1.1811580880038974e-09,1.1811580880038974,11.811580880038974,1.7841241161527712,2.7841241161527712,12.0,automatic
122.0,334.0,3.0901936161855166,30.0,1.2092175857965604,2.3908690582885583e-09,9.14695819087541e-11,2.2993994763798042e-09,2.2993994763798042,22.993994763798042,3.0901936161855166,4.635290424278275,40.0,automatic
466.0,334.0,2.5231325220201604,20.0,1.347530211131618,-8.295517606171643e-10,-2.3932241743906957e-09,1.5636724137735314e-09,1.5636724137735314,15.636724137735314,2.5231325220201604,3.7846987830302403,24.0,automatic
82.0,336.0,2.7057581899030048,23.0,1.314460457011912,1.5117983531709456e-09,5.7457084229328714e-11,1.4543412689416169e-09,1.4543412689416169,14.543412689416169,2.7057581899030048,4.058637284854507,28.0,automatic
217.0,334.0,2.0342144725641096,13.0,1.5571460217520925,1.1042542436001668e-09,2.650065583642558e-10,8.39247685235911e-10,0.839247685235911,8.39247685235911,2.0342144725641096,3.0513217088461646,16.0,automatic
332.0,335.0,2.1850968611841584,15.0,1.387197796891351,-8.292886932714794e-10,-1.905829272175197e-09,1.0765405789037175e-09,1.0765405789037175,10.765405789037175,2.1850968611841584,3.2776452917762375,24.0,automatic
396.0,335.0,2.8209479177387813,25.0,1.2815656405965272,1.758807877116908e-09,2.9619699748462125e-10,1.4626108796322868e-09,1.4626108796322868,14.626108796322868,2.8209479177387813,4.231421876608172,36.0,automatic
447.0,334.0,2.256758334191025,16.0,1.3414659073803088,1.1787550935338231e-09,2.629568091050416e-10,9.157982844287815e-10,0.9157982844287815,9.157982844287815,2.256758334191025,3.385137501286538,16.0,automatic
273.0,336.0,3.0382538898732494,29.0,1.2505080359301415,2.137971355509194e-09,3.7601141644749703e-10,1.761959939061697e-09,1.761959939061697,17.61959939061697,3.0382538898732494,4.557380834809874,40.0,automatic
368.0,336.0,2.0342144725641096,13.0,1.5571460217520925,1.6932892865639815e-09,5.550866433168267e-10,1.1382026432471548e-09,1.1382026432471548,11.382026432471548,2.0342144725641096,3.0513217088461646,16.0,automatic
13.0,335.0,1.381976597885342,6.0,1.9347481372744961,-4.008080811690462e-10,-1.2229179890965725e-09,8.221099079275263e-10,0.8221099079275263,8.221099079275263,1.381976597885342,2.381976597885342,16.0,automatic
158.0,337.0,2.326213245840639,17.0,1.2503645434029418,1.48424761370336e-09,2.0282454188391696e-10,1.281423071819443e-09,1.281423071819443,12.81423071819443,2.326213245840639,3.4893198687609583,16.0,automatic
341.0,339.0,2.1850968611841584,15.0,1.3871977968913514,-8.282549091020996e-10,-1.893718848400283e-09,1.0654639392981835e-09,1.0654639392981835,10.654639392981835,2.1850968611841584,3.2776452917762375,24.0,automatic
356.0,339.0,2.5854414729132054,21.0,1.414906721688199,2.103856200363907e-09,6.76661504606102e-10,1.4271946957578052e-09,1.4271946957578052,14.271946957578052,2.5854414729132054,3.8781622093698083,24.0,automatic
417.0,339.0,2.5231325220201604,20.0,1.347530211131618,1.3376894036909448e-09,-9.968181835517953e-11,1.4373712220461243e-09,1.4373712220461243,14.373712220461243,2.5231325220201604,3.7846987830302403,24.0,automatic
457.0,341.0,3.1915382432114616,32.0,1.255099881833576,1.4233340062119737e-09,-1.574067057252826e-10,1.5807407119372563e-09,1.5807407119372563,15.807407119372563,3.1915382432114616,4.787307364817193,32.0,automatic
239.0,342.0,3.0382538898732494,29.0,1.215703478563405,1.840499530558759e-09,1.1165735003260124e-10,1.7288421805261578e-09,1.7288421805261578,17.288421805261578,3.0382538898732494,4.557380834809874,40.0,automatic
320.0,343.0,2.985410660720923,28.0,1.1286030800767899,-1.4191015029751952e-10,-1.912317859620316e-09,1.7704077093227966e-09,1.7704077093227966,17.704077093227966,2.985410660720923,4.478115991081385,44.0,automatic
38.0,343.0,2.763953195770684,24.0,1.230303014972666,1.8961576753184772e-09,4.151038401900564e-10,1.4810538351284208e-09,1.4810538351284208,14.810538351284208,2.763953195770684,4.145929793656026,36.0,automatic
186.0,343.0,2.985410660720923,28.0,1.2424554991254615,2.1470214495167284e-09,4.000341030652166e-11,2.1070180392102067e-09,2.1070180392102067,21.070180392102067,2.985410660720923,4.478115991081385,44.0,automatic
216.0,344.0,2.8209479177387813,25.0,1.2815656405965272,1.7704648858085648e-09,1.6356566101549674e-10,1.606899224793068e-09,1.606899224793068,16.06899224793068,2.8209479177387813,4.231421876608172,36.0,automatic
54.0,346.0,2.9316150714175193,27.0,1.2860574036336336,1.979201913471229e-09,2.1177210679512726e-10,1.7674298066761018e-09,1.7674298066761018,17.67429806676102,2.9316150714175193,4.397422607126279,36.0,automatic
371.0,346.0,2.6462837142006137,22.0,1.3175850953286932,1.9275672169527525e-09,5.932788149642931e-10,1.3342884019884593e-09,1.3342884019884593,13.342884019884593,2.6462837142006137,3.9694255713009206,24.0,automatic
114.0,348.0,2.8209479177387813,25.0,1.2815656405965272,1.8909833698899092e-09,1.726808002144864e-10,1.7183025696754228e-09,1.7183025696754228,17.18302569675423,2.8209479177387813,4.231421876608172,36.0,automatic
45.0,349.0,2.6462837142006137,22.0,1.3628608270970017,2.2425423740202177e-09,2.5356158145362073e-10,1.988980792566597e-09,1.988980792566597,19.88980792566597,2.6462837142006137,3.9694255713009206,24.0,automatic
134.0,349.0,2.9316150714175193,27.0,1.2484780172022165,1.6621061194044273e-09,1.852237183075367e-10,1.4768824010968906e-09,1.4768824010968906,14.768824010968906,2.9316150714175193,4.397422607126279,36.0,automatic
438.0,349.0,2.8209479177387813,25.0,1.155998164076126,1.9073940205061035e-09,-3.5179451853776383e-12,1.910911965691481e-09,1.9109119656914813,19.10911965691481,2.8209479177387813,4.231421876608172,36.0,automatic
290.0,351.0,3.2410224072142872,33.0,1.111712424183585,2.256506759223953e-09,2.0134748729416785e-10,2.055159271929785e-09,2.055159271929785,20.55159271929785,3.2410224072142872,4.86153361082143,32.0,automatic
259.0,354.0,3.141274657157109,31.0,1.044335913627004,2.0921619992009255e-09,1.9841203680037722e-10,1.8937499624005483e-09,1.8937499624005483,18.937499624005483,3.141274657157109,4.7119119857356635,40.0,automatic
362.0,354.0,3.0382538898732494,29.0,1.2505080359301415,2.538295351683928e-09,5.968307514869764e-10,1.9414646001969516e-09,1.9414646001969516,19.414646001969516,3.0382538898732494,4.557380834809874,40.0,automatic
479.0,354.0,1.9544100476116797,12.0,1.4373655585403928,-8.110586091625294e-10,-1.698817031492439e-09,8.877584223299095e-10,0.8877584223299095,8.877584223299095,1.9544100476116797,2.9544100476116797,16.0,automatic
460.0,355.0,2.393653682408596,18.0,1.3744708899359803,1.436006535904255e-09,3.455570968258215e-10,1.0904494390784336e-09,1.0904494390784336,10.904494390784336,2.393653682408596,3.590480523612894,16.0,automatic
155.0,356.0,3.0901936161855166,30.0,1.1328064426066646,2.5707467266045114e-09,2.2976923141904138e-10,2.34097749518547e-09,2.34097749518547,23.4097749518547,3.0901936161855166,4.635290424278275,40.0,automatic
379.0,356.0,2.5231325220201604,20.0,1.3008937295939076,1.5257198837659303e-09,2.589808922870418e-10,1.2667389914788885e-09,1.2667389914788885,12.667389914788885,2.5231325220201604,3.7846987830302403,24.0,automatic
92.0,357.0,2.326213245840639,17.0,1.4253075265915784,1.541433092278055e-09,-3.070007139130415e-11,1.5721331636693592e-09,1.5721331636693592,15.721331636693591,2.326213245840639,3.4893198687609583,16.0,automatic
99.0,357.0,2.5231325220201604,20.0,1.1978046321169937,1.7765394710878013e-09,4.5887481314732526e-11,1.7306519897730688e-09,1.7306519897730688,17.306519897730688,2.5231325220201604,3.7846987830302403,24.0,automatic
23.0,357.0,3.0382538898732494,29.0,1.2505080359301415,1.8584527250453675e-09,-1.2234794340842958e-11,1.8706875193862105e-09,1.8706875193862105,18.706875193862103,3.0382538898732494,4.557380834809874,40.0,automatic
495.0,359.0,2.985410660720923,28.0,1.1286030800767899,2.2913957398174034e-09,5.269559788523281e-10,1.7644397609650753e-09,1.7644397609650753,17.644397609650753,2.985410660720923,4.478115991081385,44.0,automatic
69.0,360.0,2.763953195770684,24.0,1.2303030149726657,1.6590022688944828e-09,1.3636592549604032e-10,1.5226363433984424e-09,1.5226363433984424,15.226363433984424,2.763953195770684,4.145929793656026,36.0,automatic
136.0,359.0,1.9544100476116797,12.0,1.6170362533579417,1.1489895701544128e-09,1.0487351959076463e-10,1.0441160505636482e-09,1.0441160505636482,10.441160505636482,1.9544100476116797,2.9544100476116797,16.0,automatic
10.0,361.0,2.8209479177387813,25.0,1.2815656405965272,1.745737443492601e-09,2.2268648730561225e-11,1.7234687947620397e-09,1.7234687947620397,17.234687947620397,2.8209479177387813,4.231421876608172,36.0,automatic
395.0,361.0,2.876813695875796,26.0,1.2384256479434992,1.2743539556936412e-09,-2.0071296708001896e-10,1.4750669227736601e-09,1.4750669227736601,14.750669227736601,2.876813695875796,4.315220543813694,36.0,automatic
220.0,362.0,2.256758334191025,16.0,1.4796776500174416,1.045095454621503e-09,-9.619977384134337e-11,1.1412952284628464e-09,1.1412952284628464,11.412952284628464,2.256758334191025,3.385137501286538,16.0,automatic
284.0,364.0,2.4592453796829674,19.0,1.2801537005750372,1.2037817409549234e-09,-7.442867155926791e-11,1.2782104125141913e-09,1.2782104125141913,12.782104125141913,2.4592453796829674,3.6888680695244513,24.0,automatic
408.0,364.0,2.8209479177387813,25.0,1.2815656405965272,1.5823029553274637e-09,-3.80940713001765e-11,1.6203970266276402e-09,1.6203970266276402,16.2039702662764,2.8209479177387813,4.231421876608172,36.0,automatic
484.0,363.0,2.876813695875796,26.0,1.2384256479434992,1.5007114440024338e-09,-1.389158267584012e-10,1.639627270760835e-09,1.639627270760835,16.39627270760835,2.876813695875796,4.315220543813694,36.0,automatic
342.0,364.0,2.111004122822376,14.0,1.500400304239239,8.637977555459031e-10,-2.3711542451732015e-10,1.1009131800632233e-09,1.1009131800632233,11.009131800632233,2.111004122822376,3.1665061842335644,24.0,automatic
235.0,369.0,4.478115991081385,63.0,0.8813747777876959,1.1835650237657092e-09,-4.94283836083298e-10,1.6778488598490071e-09,1.6778488598490071,16.77848859849007,4.478115991081385,6.717173986622077,76.0,automatic
255.0,366.0,1.381976597885342,6.0,2.0943951023931953,7.378034294625024e-10,1.8012320937088946e-11,7.197911085254135e-10,0.7197911085254135,7.197911085254135,1.381976597885342,2.381976597885342,16.0,automatic
452.0,368.0,3.0382538898732494,29.0,1.2505080359301415,1.4581384988332502e-09,7.84890902272295e-11,1.3796494086060207e-09,1.3796494086060207,13.796494086060207,3.0382538898732494,4.557380834809874,40.0,automatic
319.0,369.0,2.8209479177387813,25.0,1.2815656405965272,1.4268107806358898e-09,-8.329367751080952e-11,1.5101044581466994e-09,1.5101044581466994,15.101044581466994,2.8209479177387813,4.231421876608172,36.0,automatic
338.0,369.0,2.111004122822376,14.0,1.500400304239239,6.755887516085579e-10,-2.415568856051209e-10,9.171456372136788e-10,0.9171456372136788,9.171456372136788,2.111004122822376,3.1665061842335644,24.0,automatic
304.0,370.0,2.763953195770684,24.0,1.3278012032165531,1.4759471422820525e-09,4.662334927851841e-11,1.429323793003534e-09,1.429323793003534,14.29323793003534,2.763953195770684,4.145929793656026,36.0,automatic
367.0,373.0,2.876813695875796,26.0,1.2022380906391716,1.878138311539601e-09,8.34078361933166e-11,1.7947304753462845e-09,1.7947304753462845,17.947304753462845,2.876813695875796,4.315220543813694,36.0,automatic
427.0,372.0,3.0382538898732494,29.0,1.1374342679116787,1.534807503311697e-09,-2.4516247365546917e-10,1.7799699769671662e-09,1.7799699769671662,17.799699769671662,3.0382538898732494,4.557380834809874,40.0,automatic
201.0,378.0,3.949327084834294,49.0,0.5884068439543254,1.649057446151403e-09,1.3109263674593308e-10,1.5179648094054699e-09,1.5179648094054699,15.179648094054699,3.949327084834294,5.923990627251441,64.0,automatic
282.0,375.0,3.141274657157109,31.0,1.249524838656446,1.919551406714959e-09,2.2860691117898568e-10,1.6909444955359731e-09,1.6909444955359731,16.90944495535973,3.141274657157109,4.7119119857356635,40.0,automatic
45.0,376.0,3.2410224072142872,33.0,1.1401809566205188,2.3797523951429866e-09,3.8467865004498947e-10,1.995073745097997e-09,1.9950737450979972,19.95073745097997,3.2410224072142872,4.86153361082143,32.0,automatic
114.0,375.0,3.431831258788849,37.0,1.1741605384881055,2.900548023987426e-09,6.120709772350352e-10,2.2884770467523907e-09,2.2884770467523907,22.884770467523907,3.431831258788849,5.147746888183273,52.0,automatic
231.0,378.0,2.9316150714175193,27.0,1.1642661024177179,1.7621850645355153e-09,5.034033745410227e-10,1.2587816899944926e-09,1.2587816899944926,12.587816899944926,2.9316150714175193,4.397422607126279,36.0,automatic
396.0,380.0,2.5854414729132054,21.0,1.257694863722844,1.0968580488324164e-09,8.207921495251291e-11,1.0147788338799035e-09,1.0147788338799035,10.147788338799035,2.5854414729132054,3.8781622093698083,24.0,automatic
510.0,378.0,2.393653682408596,18.0,1.3744708899359803,1.5178178713881607e-09,2.149816158425466e-10,1.3028362555456141e-09,1.302836255545614,13.028362555456141,2.393653682408596,3.590480523612894,11.0,automatic
139.0,380.0,2.4592453796829674,19.0,1.2358490431142122,1.2639302937600405e-09,-2.9380894939201596e-10,1.5577392431520565e-09,1.5577392431520565,15.577392431520565,2.4592453796829674,3.6888680695244513,24.0,automatic
70.0,381.0,2.393653682408596,18.0,1.3744708899359803,1.1159434487595377e-09,2.120864464952299e-11,1.0947348041100147e-09,1.0947348041100147,10.947348041100147,2.393653682408596,3.590480523612894,16.0,automatic
465.0,381.0,3.2897623212397704,34.0,1.1747318946999283,2.0413049028888963e-09,4.375041301463156e-10,1.6038007727425807e-09,1.6038007727425807,16.038007727425807,3.2897623212397704,4.934643481859656,32.0,automatic
10.0,382.0,3.141274657157109,31.0,1.0710790804616994,1.7924791650969496e-09,3.1110010401125265e-10,1.481379061085697e-09,1.481379061085697,14.81379061085697,3.141274657157109,4.7119119857356635,40.0,automatic
351.0,383.0,2.985410660720923,28.0,1.1286030800767899,2.116658404105465e-09,4.882214355017567e-10,1.6284369686037081e-09,1.6284369686037081,16.28436968603708,2.985410660720923,4.478115991081385,44.0,automatic
155.0,384.0,3.2410224072142872,33.0,1.213589115655796,2.439968893597211e-09,-9.412379946630023e-12,2.449381273543841e-09,2.4493812735438407,24.493812735438407,3.2410224072142872,4.86153361082143,32.0,automatic
498.0,384.0,2.4592453796829674,19.0,1.3974662543915228,1.5430867694732342e-09,8.141645344017512e-11,1.461670316033059e-09,1.461670316033059,14.61670316033059,2.4592453796829674,3.6888680695244513,24.0,automatic
28.0,388.0,3.0382538898732494,29.0,1.2505080359301415,1.787047176904366e-09,-4.339886870013965e-11,1.8304460456045057e-09,1.8304460456045057,18.304460456045057,3.0382538898732494,4.557380834809874,40.0,automatic
425.0,387.0,3.0901936161855166,30.0,1.2092175857965604,1.8707557725150536e-09,-1.5776662528471652e-11,1.8865324350435253e-09,1.8865324350435253,18.86532435043525,3.0901936161855166,4.635290424278275,40.0,automatic
146.0,388.0,2.393653682408596,18.0,1.3744708899359803,1.5224161931115532e-09,-2.16879457101693e-11,1.5441041388217225e-09,1.5441041388217225,15.441041388217226,2.393653682408596,3.590480523612894,16.0,automatic
177.0,388.0,2.393653682408596,18.0,1.3744708899359803,1.301707186485146e-09,1.340845490194198e-10,1.1676226374657261e-09,1.1676226374657261,11.676226374657261,2.393653682408596,3.590480523612894,16.0,automatic
366.0,390.0,2.7057581899030048,23.0,1.27247615308253,1.6271348712848521e-09,1.4979566892447949e-10,1.4773392023603726e-09,1.4773392023603726,14.773392023603726,2.7057581899030048,4.058637284854507,28.0,automatic
433.0,389.0,2.111004122822376,14.0,1.294717943765261,1.3284636724009147e-09,6.684458715711106e-11,1.2616190852438036e-09,1.2616190852438036,12.616190852438036,2.111004122822376,3.1665061842335644,24.0,automatic
472.0,390.0,2.0342144725641096,13.0,1.5571460217520925,1.1980465508543148e-09,-9.818399565597602e-11,1.2962305465102908e-09,1.2962305465102908,12.962305465102908,2.0342144725641096,3.0513217088461646,16.0,automatic
378.0,391.0,1.8712051592547776,11.0,1.5596762428619324,-6.350953651867997e-10,-1.5790432295048618e-09,9.43947864318062e-10,0.9439478643180621,9.439478643180621,1.8712051592547776,2.8712051592547776,16.0,automatic
102.0,392.0,2.7057581899030048,23.0,1.1433285346948792,1.773794999770928e-09,6.085215339436678e-12,1.7677097844314912e-09,1.7677097844314913,17.67709784431491,2.7057581899030048,4.058637284854507,28.0,automatic
231.0,392.0,2.876813695875796,26.0,1.2022380906391712,1.827420215150255e-09,4.258624564101865e-10,1.4015577587400685e-09,1.4015577587400685,14.015577587400685,2.876813695875796,4.315220543813694,36.0,automatic
205.0,394.0,2.9316150714175193,27.0,1.2860574036336336,2.0271495593249256e-09,1.6755111187372052e-10,1.859598447451205e-09,1.859598447451205,18.59598447451205,2.9316150714175193,4.397422607126279,36.0,automatic
64.0,397.0,2.8209479177387813,25.0,1.2815656405965272,2.040396074320938e-09,1.2169975791009868e-10,1.9186963164108395e-09,1.9186963164108395,19.186963164108395,2.8209479177387813,4.231421876608172,36.0,automatic
462.0,397.0,2.7057581899030048,23.0,1.1790403893488046,1.51393286795809e-09,1.662174347813461e-11,1.4973111244799553e-09,1.4973111244799553,14.973111244799552,2.7057581899030048,4.058637284854507,28.0,automatic
507.0,397.0,2.763953195770684,24.0,1.193038470985961,4.879546766645149e-10,-1.4808788084685887e-09,1.9688334851331035e-09,1.9688334851331035,19.688334851331035,2.763953195770684,4.145929793656026,36.0,automatic
252.0,400.0,2.876813695875796,26.0,1.1211451356615063,-2.7331387153495257e-10,-1.7827413989479624e-09,1.5094275274130098e-09,1.5094275274130098,15.094275274130098,2.876813695875796,4.315220543813694,36.0,automatic
142.0,399.0,2.7057581899030048,23.0,1.314460457011912,1.1922990372781328e-09,9.228354191925803e-11,1.1000154953588748e-09,1.1000154953588748,11.000154953588748,2.7057581899030048,4.058637284854507,28.0,automatic
107.0,401.0,2.8209479177387813,25.0,1.2815656405965272,1.8503127918734208e-09,2.1595097238202854e-10,1.6343618194913923e-09,1.6343618194913923,16.343618194913923,2.8209479177387813,4.231421876608172,36.0,automatic
333.0,402.0,3.0382538898732494,29.0,1.2505080359301415,1.9059791522835212e-09,3.952139449037162e-10,1.510765207379805e-09,1.510765207379805,15.10765207379805,3.0382538898732494,4.557380834809874,40.0,automatic
83.0,401.0,2.1850968611841584,15.0,1.2092175857965604,-5.534120384176333e-10,-1.4111469770483609e-09,8.577349386307276e-10,0.8577349386307276,8.577349386307276,2.1850968611841584,3.2776452917762375,24.0,automatic
281.0,403.0,3.1915382432114616,32.0,1.1768136879086513,2.089027395513199e-09,4.350341753500686e-10,1.6539932201631302e-09,1.6539932201631302,16.539932201631302,3.1915382432114616,4.787307364817193,32.0,automatic
397.0,402.0,2.9316150714175193,27.0,1.2860574036336336,1.7653883910284662e-09,2.324994016755788e-10,1.5328889893528874e-09,1.5328889893528874,15.328889893528874,2.9316150714175193,4.397422607126279,36.0,automatic
197.0,404.0,2.876813695875796,26.0,1.2022380906391712,1.5266842234851197e-09,2.1638096869835977e-10,1.31030325478676e-09,1.31030325478676,13.103032547867599,2.876813695875796,4.315220543813694,36.0,automatic
243.0,404.0,2.9316150714175193,27.0,1.1980820884424093,1.4840888518108386e-09,2.5942724357630453e-10,1.224661608234534e-09,1.224661608234534,12.24661608234534,2.9316150714175193,4.397422607126279,36.0,automatic
303.0,403.0,2.393653682408596,18.0,1.3744708899359803,1.8731440842856273e-09,3.3135973132036867e-10,1.5417843529652586e-09,1.5417843529652586,15.417843529652586,2.393653682408596,3.590480523612894,16.0,automatic
417.0,402.0,1.381976597885342,6.0,2.0943951023931953,9.024038738481011e-10,-6.078878828259804e-12,9.084827526763609e-10,0.9084827526763608,9.08482752676361,1.381976597885342,2.381976597885342,16.0,automatic
428.0,404.0,1.4927053303604616,7.0,1.8865422955842652,-2.7377702882525057e-10,-1.0663494531826245e-09,7.92572424357374e-10,0.792572424357374,7.92572424357374,1.4927053303604616,2.4927053303604616,12.0,automatic
324.0,406.0,2.256758334191025,16.0,1.3414659073803088,1.559570250719844e-09,2.210042565620185e-10,1.3385659941578254e-09,1.3385659941578254,13.385659941578254,2.256758334191025,3.385137501286538,16.0,automatic
38.0,409.0,3.1915382432114616,32.0,1.255099881833576,2.4154453992508707e-09,2.703133133996616e-10,2.145132085851209e-09,2.145132085851209,21.45132085851209,3.1915382432114616,4.787307364817193,32.0,automatic
307.0,409.0,2.326213245840639,17.0,1.4253075265915784,1.710916297525955e-09,3.593719211103519e-10,1.3515443764156032e-09,1.3515443764156032,13.515443764156032,2.326213245840639,3.4893198687609583,16.0,automatic
172.0,410.0,2.6462837142006137,22.0,1.3628608270970017,1.8198276219294485e-09,4.852444557279512e-10,1.3345831662014973e-09,1.3345831662014973,13.345831662014973,2.6462837142006137,3.9694255713009206,24.0,automatic
476.0,410.0,2.7057581899030048,23.0,1.27247615308253,1.8865926598721217e-09,4.605490572240356e-10,1.426043602648086e-09,1.426043602648086,14.26043602648086,2.7057581899030048,4.058637284854507,28.0,automatic
443.0,410.0,2.5231325220201604,20.0,1.2389643882700014,1.5854654256131084e-09,2.509042001941353e-10,1.3345612254189732e-09,1.3345612254189732,13.345612254189732,2.5231325220201604,3.7846987830302403,24.0,automatic
373.0,412.0,2.8209479177387813,25.0,1.2815656405965272,1.7181072120564522e-09,3.4664356107771965e-10,1.3714636509787326e-09,1.3714636509787326,13.714636509787326,2.8209479177387813,4.231421876608172,36.0,automatic
99.0,414.0,3.6125759969217834,41.0,1.1604344978565644,1.2866708809511351e-09,2.0778091053275105e-10,1.078889970418384e-09,1.078889970418384,10.78889970418384,3.6125759969217834,5.418863995382675,52.0,automatic
61.0,414.0,2.1850968611841584,15.0,1.3871977968913514,1.079150435678855e-09,3.1916126642592135e-12,1.0759588230145958e-09,1.0759588230145958,10.759588230145958,2.1850968611841584,3.2776452917762375,24.0,automatic
388.0,416.0,3.0382538898732494,29.0,1.2505080359301415,2.46970865980245e-09,5.299137517678076e-10,1.939794908034642e-09,1.9397949080346422,19.39794908034642,3.0382538898732494,4.557380834809874,40.0,automatic
146.0,418.0,3.2410224072142872,33.0,1.2135891156557967,2.4850630442330157e-09,2.2102925045786037e-10,2.2640337937751553e-09,2.2640337937751553,22.640337937751553,3.2410224072142872,4.86153361082143,32.0,automatic
359.0,416.0,1.381976597885342,6.0,2.0943951023931953,1.1861179816108347e-09,4.259424063457473e-10,7.601755752650874e-10,0.7601755752650874,7.601755752650874,1.381976597885342,2.381976597885342,16.0,automatic
454.0,418.0,2.9316150714175193,27.0,1.2860574036336336,2.2583477310433864e-09,4.6371594064620325e-10,1.7946317903971831e-09,1.7946317903971831,17.94631790397183,2.9316150714175193,4.397422607126279,36.0,automatic
21.0,418.0,2.7057581899030048,23.0,1.2724761530825304,1.5017886934032276e-09,3.119106917193193e-10,1.1898780016839083e-09,1.1898780016839083,11.898780016839083,2.7057581899030048,4.058637284854507,28.0,automatic
437.0,420.0,2.393653682408596,18.0,1.3239153988972323,-3.684594851449674e-10,-1.5971501898803808e-09,1.2286907047354134e-09,1.2286907047354134,12.286907047354134,2.393653682408596,3.590480523612894,16.0,automatic
70.0,421.0,2.7057581899030048,23.0,1.314460457011912,-4.034438616518088e-10,-1.6752197407043923e-09,1.2717758790525835e-09,1.2717758790525835,12.717758790525835,2.7057581899030048,4.058637284854507,28.0,automatic
215.0,422.0,3.141274657157109,31.0,1.140038260161506,2.2812192135290843e-09,2.683247742919781e-11,2.2543867360998865e-09,2.2543867360998866,22.543867360998863,3.141274657157109,4.7119119857356635,40.0,automatic
54.0,423.0,2.5854414729132054,21.0,1.3009126076835016,1.3174916713154516e-09,2.042735633422943e-10,1.1132181079731573e-09,1.1132181079731573,11.132181079731573,2.5854414729132054,3.8781622093698083,24.0,automatic
475.0,423.0,3.2410224072142872,33.0,1.2135891156557967,2.6013131648738863e-09,3.4347144572954846e-10,2.257841719144338e-09,2.257841719144338,22.57841719144338,3.2410224072142872,4.86153361082143,32.0,automatic
339.0,425.0,3.2410224072142872,33.0,1.2135891156557967,2.4511657148451604e-09,4.6488837779357084e-10,1.9862773370515896e-09,1.9862773370515896,19.862773370515896,3.2410224072142872,4.86153361082143,32.0,automatic
258.0,424.0,2.4592453796829674,19.0,1.3268842295691072,1.4220713495660675e-09,3.602338219388379e-11,1.3860479673721837e-09,1.3860479673721837,13.860479673721837,2.4592453796829674,3.6888680695244513,24.0,automatic
179.0,429.0,2.876813695875796,26.0,1.3328282662203883,1.8216385067049146e-09,2.0154144325656986e-10,1.6200970634483447e-09,1.6200970634483447,16.200970634483447,2.876813695875796,4.315220543813694,36.0,automatic
41.0,430.0,3.0901936161855166,30.0,1.2092175857965604,1.70591119008634e-09,2.2594830867417315e-10,1.4799628814121668e-09,1.4799628814121668,14.799628814121668,3.0901936161855166,4.635290424278275,40.0,automatic
242.0,430.0,2.7057581899030048,23.0,1.27247615308253,1.2713569086386656e-09,5.1129208505917845e-11,1.2202277001327477e-09,1.2202277001327477,12.202277001327477,2.7057581899030048,4.058637284854507,28.0,automatic
14.0,431.0,2.985410660720923,28.0,1.2073870691739297,2.1360420099370003e-09,3.3978360403086327e-10,1.796258405906137e-09,1.796258405906137,17.96258405906137,2.985410660720923,4.478115991081385,44.0,automatic
231.0,431.0,3.0382538898732494,29.0,1.2505080359301415,1.8224405318179038e-09,1.1123051438244325e-10,1.7112100174354605e-09,1.7112100174354605,17.112100174354605,3.0382538898732494,4.557380834809874,40.0,automatic
303.0,431.0,3.141274657157109,31.0,1.249524838656446,1.7313080968861527e-09,-3.604903008047611e-11,1.7673571269666288e-09,1.7673571269666288,17.67357126966629,3.141274657157109,4.7119119857356635,40.0,automatic
328.0,431.0,2.985410660720923,28.0,1.2424554991254615,2.1209902723029472e-09,3.7285871612446897e-10,1.7481315561784783e-09,1.7481315561784783,17.481315561784783,2.985410660720923,4.478115991081385,44.0,automatic
122.0,434.0,2.985410660720923,28.0,1.2073870691739297,1.585992226438293e-09,-4.051475994970577e-11,1.6265069863879988e-09,1.6265069863879988,16.265069863879987,2.985410660720923,4.478115991081385,44.0,automatic
163.0,435.0,2.763953195770684,24.0,1.109758237513081,1.6432730731708034e-09,4.699101698035779e-11,1.5962820561904456e-09,1.5962820561904456,15.962820561904456,2.763953195770684,4.145929793656026,36.0,automatic
263.0,437.0,3.385137501286538,36.0,1.0780241689052943,1.5766007388506864e-09,2.1547338913130432e-10,1.361127349719382e-09,1.361127349719382,13.611273497193821,3.385137501286538,5.077706251929807,44.0,automatic
285.0,434.0,2.5231325220201604,20.0,1.347530211131618,1.557899587112388e-09,4.4468560778110344e-12,1.553452731034577e-09,1.553452731034577,15.53452731034577,2.5231325220201604,3.7846987830302403,24.0,automatic
376.0,435.0,2.7057581899030048,23.0,1.1790403893488048,1.6249500633946923e-09,8.522555057510761e-11,1.5397245128195847e-09,1.5397245128195847,15.397245128195847,2.7057581899030048,4.058637284854507,28.0,automatic
450.0,437.0,4.370193722368317,60.0,0.7588679838060014,1.6360224286415814e-09,1.7770995092147857e-10,1.4583124777201029e-09,1.4583124777201029,14.583124777201029,4.370193722368317,6.555290583552475,76.0,automatic
58.0,436.0,2.0342144725641096,13.0,1.3932288539364366,5.915183898252963e-10,-1.6767152249963502e-10,7.591899123249313e-10,0.7591899123249313,7.591899123249313,2.0342144725641096,3.0513217088461646,16.0,automatic
101.0,438.0,3.385137501286538,36.0,1.2438337708587477,2.2279977862638134e-09,-4.510949908964959e-12,2.2325087361727784e-09,2.2325087361727785,22.325087361727782,3.385137501286538,5.077706251929807,44.0,automatic
400.0,438.0,3.3377905890622728,35.0,1.1106924012725323,2.235818419293878e-09,-1.298239779568e-10,2.365642397250678e-09,2.365642397250678,23.65642397250678,3.3377905890622728,5.006685883593409,44.0,automatic
23.0,441.0,3.0382538898732494,29.0,1.2505080359301415,2.1387462911803823e-09,1.3089956202305686e-10,2.0078467291573254e-09,2.0078467291573254,20.078467291573254,3.0382538898732494,4.557380834809874,40.0,automatic
195.0,440.0,2.111004122822376,14.0,1.500400304239239,1.0985848897249184e-09,-1.0775634898263498e-10,1.2063412387075534e-09,1.2063412387075534,12.063412387075534,2.111004122822376,3.1665061842335644,24.0,automatic
344.0,440.0,2.6462837142006137,22.0,1.3175850953286932,2.1827373242189196e-09,2.0575475351281014e-10,1.9769825707061095e-09,1.9769825707061095,19.769825707061095,2.6462837142006137,3.9694255713009206,24.0,automatic
459.0,443.0,1.692568750643269,9.0,1.6646373562696222,-6.028301746674458e-10,-1.4534366488128114e-09,8.506064741453656e-10,0.8506064741453656,8.506064741453656,1.692568750643269,2.692568750643269,12.0,automatic
493.0,443.0,2.8209479177387813,25.0,1.2815656405965272,1.845414598911077e-09,3.173625529040436e-10,1.5280520460070335e-09,1.5280520460070335,15.280520460070335,2.8209479177387813,4.231421876608172,36.0,automatic
50.0,445.0,2.256758334191025,16.0,1.3414659073803088,1.4123310299041236e-09,-1.128366497460398e-11,1.4236146948787276e-09,1.4236146948787276,14.236146948787276,2.256758334191025,3.385137501286538,16.0,automatic
127.0,448.0,2.326213245840639,17.0,1.4253075265915784,1.4748485765991859e-09,-7.862844056405471e-11,1.5534770171632406e-09,1.5534770171632406,15.534770171632406,2.326213245840639,3.4893198687609583,16.0,automatic
316.0,449.0,2.8209479177387813,25.0,1.2815656405965272,1.4113782365043903e-09,-2.482316852070454e-10,1.6596099217114357e-09,1.6596099217114357,16.596099217114357,2.8209479177387813,4.231421876608172,36.0,automatic
481.0,449.0,2.4592453796829674,19.0,1.2801537005750372,1.5185505075621109e-09,4.834720679358639e-10,1.035078439626247e-09,1.035078439626247,10.350784396262469,2.4592453796829674,3.6888680695244513,24.0,automatic
158.0,450.0,1.8712051592547776,11.0,1.4822832322447796,-1.1999883031688086e-10,-1.3211992611061874e-09,1.2012004307893065e-09,1.2012004307893065,12.012004307893065,1.8712051592547776,2.8712051592547776,16.0,automatic
347.0,451.0,2.7057581899030048,23.0,1.2324716784822323,2.297323442590482e-09,6.174392663815809e-10,1.6798841762089012e-09,1.6798841762089012,16.798841762089012,2.7057581899030048,4.058637284854507,28.0,automatic
439.0,449.0,1.5957691216057308,8.0,1.8288145488861385,1.3510579321973637e-09,3.791081754078718e-10,9.71949756789492e-10,0.9719497567894919,9.71949756789492,1.5957691216057308,2.5957691216057306,12.0,automatic
143.0,450.0,1.692568750643269,9.0,1.7671458676442586,1.563901341761209e-09,6.262275697999087e-10,9.376737719613004e-10,0.9376737719613004,9.376737719613004,1.692568750643269,2.692568750643269,12.0,automatic
237.0,452.0,2.393653682408596,18.0,1.3744708899359803,2.1301127528516872e-09,3.6280523030285394e-10,1.7673075225488333e-09,1.7673075225488333,17.673075225488333,2.393653682408596,3.590480523612894,16.0,automatic
252.0,453.0,2.326213245840639,17.0,1.4253075265915784,1.999795440355001e-09,5.211931997095576e-10,1.4786022406454435e-09,1.4786022406454435,14.786022406454435,2.326213245840639,3.4893198687609583,16.0,automatic
61.0,454.0,2.5854414729132054,21.0,1.2576948637228433,1.8713399718706114e-09,3.012829014048535e-10,1.570057070465758e-09,1.570057070465758,15.70057070465758,2.5854414729132054,3.8781622093698083,24.0,automatic
356.0,453.0,1.7841241161527712,10.0,1.612290114395414,1.6885979281511254e-09,8.10518790972381e-10,8.780791371787444e-10,0.8780791371787444,8.780791371787444,1.7841241161527712,2.7841241161527712,12.0,automatic
294.0,456.0,2.5854414729132054,21.0,1.1618260528144841,1.9204910994830016e-09,4.4373513197193404e-10,1.4767559675110675e-09,1.4767559675110675,14.767559675110675,2.5854414729132054,3.8781622093698083,24.0,automatic
215.0,456.0,2.7057581899030048,23.0,1.27247615308253,4.299869904578202e-10,-1.4663407155168784e-09,1.8963277059746986e-09,1.8963277059746986,18.963277059746986,2.7057581899030048,4.058637284854507,28.0,automatic
203.0,458.0,2.1850968611841584,15.0,1.387197796891351,-5.994947316345645e-10,-1.8956373137868354e-09,1.296142582152271e-09,1.296142582152271,12.96142582152271,2.1850968611841584,3.2776452917762375,24.0,automatic
150.0,459.0,2.9316150714175193,27.0,1.1642661024177179,1.97783722732936e-09,5.025184990348208e-10,1.475318728294539e-09,1.475318728294539,14.75318728294539,2.9316150714175193,4.397422607126279,36.0,automatic
231.0,459.0,2.326213245840639,17.0,1.4253075265915784,1.9084269720082148e-09,5.601686059453215e-10,1.3482583660628933e-09,1.3482583660628933,13.482583660628933,2.326213245840639,3.4893198687609583,16.0,automatic
314.0,462.0,2.9316150714175193,27.0,1.2484780172022165,1.0027379621080357e-10,-1.6591198970239418e-09,1.7593936932347454e-09,1.7593936932347454,17.593936932347454,2.9316150714175193,4.397422607126279,36.0,automatic
427.0,460.0,2.9316150714175193,27.0,1.248478017202216,1.6139953817884134e-09,-8.885165866945322e-11,1.7028470404578666e-09,1.7028470404578666,17.028470404578666,2.9316150714175193,4.397422607126279,36.0,automatic
368.0,462.0,4.886025119029199,75.0,0.7454813829710715,9.848104554066595e-10,1.012228183217001e-10,8.835876370849594e-10,0.8835876370849594,8.835876370849594,4.886025119029199,7.3290376785437985,108.0,automatic
130.0,464.0,3.3377905890622728,35.0,1.2092828327793383,2.0286214930109736e-09,4.839885436869196e-10,1.544632949324054e-09,1.544632949324054,15.44632949324054,3.3377905890622728,5.006685883593409,44.0,automatic
282.0,462.0,2.1850968611841584,15.0,1.446802115179039,1.8307250160276567e-09,5.465875252408381e-10,1.2841374907868186e-09,1.2841374907868186,12.841374907868186,2.1850968611841584,3.2776452917762375,24.0,automatic
3.0,463.0,2.326213245840639,17.0,1.4253075265915784,1.8173782478925204e-09,1.5683724458037673e-10,1.6605410033121437e-09,1.6605410033121437,16.605410033121437,2.326213245840639,3.4893198687609583,16.0,automatic
442.0,464.0,2.5231325220201604,20.0,1.347530211131618,1.8761405762290906e-09,6.229156634951494e-10,1.2532249127339412e-09,1.2532249127339412,12.532249127339412,2.5231325220201604,3.7846987830302403,24.0,automatic
386.0,464.0,2.763953195770684,24.0,1.3278012032165531,1.190448711829717e-10,-1.6011172387919714e-09,1.7201621099749431e-09,1.7201621099749431,17.20162109974943,2.763953195770684,4.145929793656026,36.0,automatic
352.0,465.0,1.4927053303604616,7.0,1.8865422955842652,1.1784486719790266e-09,1.7344310709876964e-10,1.005005564880257e-09,1.005005564880257,10.05005564880257,1.4927053303604616,2.4927053303604616,12.0,automatic
19.0,466.0,2.326213245840639,17.0,1.2503645434029418,1.238272040460231e-09,1.910986160980066e-10,1.0471734243622244e-09,1.0471734243622244,10.471734243622244,2.326213245840639,3.4893198687609583,16.0,automatic
256.0,467.0,2.985410660720923,28.0,1.2073870691739297,2.5195479036455026e-09,4.93716761917895e-10,2.0258311417276076e-09,2.0258311417276076,20.258311417276076,2.985410660720923,4.478115991081385,44.0,automatic
346.0,468.0,1.7841241161527712,10.0,1.612290114395414,9.811457202246743e-10,7.083881788452762e-11,9.103069023401467e-10,0.9103069023401467,9.103069023401467,1.7841241161527712,2.7841241161527712,12.0,automatic
473.0,468.0,1.9544100476116797,12.0,1.4373655585403924,1.2595022802486255e-09,4.93901045062195e-10,7.656012351864305e-10,0.7656012351864305,7.656012351864305,1.9544100476116797,2.9544100476116797,16.0,automatic
67.0,470.0,3.0901936161855166,30.0,1.293629002686353,2.008583965817934e-09,5.771034761181681e-10,1.4314804896997657e-09,1.4314804896997657,14.314804896997657,3.0901936161855166,4.635290424278275,40.0,automatic
96.0,472.0,3.141274657157109,31.0,1.2158780105262765,1.7176171596133827e-10,-1.607159405558889e-09,1.7789211215202272e-09,1.7789211215202272,17.789211215202272,3.141274657157109,4.7119119857356635,40.0,automatic
49.0,471.0,3.0901936161855166,30.0,1.2576242881690396,1.8440066140712474e-09,5.485254472858969e-10,1.2954811667853505e-09,1.2954811667853505,12.954811667853505,3.0901936161855166,4.635290424278275,40.0,automatic
33.0,471.0,2.7057581899030048,23.0,1.314460457011912,1.8058232686968267e-09,3.23362697729479e-10,1.4824605709673477e-09,1.4824605709673477,14.824605709673477,2.7057581899030048,4.058637284854507,28.0,automatic
231.0,472.0,2.6462837142006137,22.0,1.25731000235922,2.059112214070069e-09,4.1066502975972696e-10,1.648447184310342e-09,1.648447184310342,16.48447184310342,2.6462837142006137,3.9694255713009206,24.0,automatic
371.0,476.0,3.1915382432114616,32.0,0.6919709412922991,1.607981303664019e-09,-2.0860774219144673e-10,1.8165890458554657e-09,1.8165890458554657,18.165890458554657,3.1915382432114616,4.787307364817193,32.0,automatic
189.0,476.0,2.8209479177387813,25.0,1.2815656405965272,9.39704425384491e-10,2.2930979337587587e-10,7.103946320086152e-10,0.7103946320086152,7.103946320086152,2.8209479177387813,4.231421876608172,36.0,automatic
479.0,475.0,2.8209479177387813,25.0,1.2815656405965272,1.7044302635937925e-09,4.508307061001915e-10,1.253599557493601e-09,1.253599557493601,12.53599557493601,2.8209479177387813,4.231421876608172,36.0,automatic
282.0,477.0,2.7057581899030048,23.0,1.27247615308253,2.128726750427745e-09,3.5248377827645783e-10,1.7762429721512873e-09,1.7762429721512873,17.762429721512873,2.7057581899030048,4.058637284854507,28.0,automatic
257.0,479.0,2.393653682408596,18.0,1.3744708899359803,1.6982573125545741e-09,3.855089442117432e-10,1.312748368342831e-09,1.312748368342831,13.12748368342831,2.393653682408596,3.590480523612894,16.0,automatic
417.0,481.0,2.876813695875796,26.0,1.2022380906391716,1.693668427726891e-09,-4.382929089108423e-11,1.7374977186179752e-09,1.7374977186179752,17.374977186179752,2.876813695875796,4.315220543813694,36.0,automatic
57.0,481.0,2.6462837142006137,22.0,1.217151102948507,1.7625095827256132e-09,3.8296915638724727e-10,1.379540426338366e-09,1.379540426338366,13.79540426338366,2.6462837142006137,3.9694255713009206,24.0,automatic
152.0,482.0,3.141274657157109,31.0,1.2158780105262765,2.058647918801171e-09,1.8271568980043895e-10,1.875932229000732e-09,1.8759322290007319,18.75932229000732,3.141274657157109,4.7119119857356635,40.0,automatic
335.0,481.0,3.2410224072142872,33.0,1.0922207948280716,1.6340159225691764e-09,-1.685015529884204e-10,1.8025174755575968e-09,1.8025174755575968,18.025174755575968,3.2410224072142872,4.86153361082143,32.0,automatic
384.0,482.0,2.5854414729132054,21.0,1.414906721688199,1.2155955131376572e-09,-1.1714753819780377e-10,1.332743051335461e-09,1.332743051335461,13.32743051335461,2.5854414729132054,3.8781622093698083,24.0,automatic
194.0,484.0,3.385137501286538,36.0,0.8499178950092349,1.844253971761134e-09,2.6332631908321247e-10,1.5809276526779215e-09,1.5809276526779215,15.809276526779215,3.385137501286538,5.077706251929807,44.0,automatic
203.0,482.0,1.8712051592547776,11.0,1.5596762428619324,1.4370774015226573e-10,-7.659417822214465e-10,9.096495223737122e-10,0.9096495223737122,9.096495223737122,1.8712051592547776,2.8712051592547776,16.0,automatic
443.0,484.0,3.1915382432114616,32.0,1.1768136879086508,2.4516488839054773e-09,5.232560218448867e-10,1.9283928620605906e-09,1.9283928620605906,19.283928620605906,3.1915382432114616,4.787307364817193,32.0,automatic
406.0,483.0,1.7841241161527712,10.0,1.612290114395414,6.356966064657854e-10,-1.3000088158743317e-10,7.656974880532186e-10,0.7656974880532186,7.656974880532186,1.7841241161527712,2.7841241161527712,12.0,automatic
499.0,484.0,2.393653682408596,18.0,1.3239153988972323,-7.441697258414592e-10,-1.993736065131202e-09,1.2495663392897427e-09,1.2495663392897427,12.495663392897427,2.393653682408596,3.590480523612894,16.0,automatic
261.0,485.0,2.256758334191025,16.0,1.3414659073803088,1.7248948935844055e-09,3.3574351632204014e-10,1.3891513772623654e-09,1.3891513772623654,13.891513772623654,2.256758334191025,3.385137501286538,16.0,automatic
299.0,485.0,2.763953195770684,24.0,1.269341157978135,1.8443848670557372e-09,-8.414725166661086e-11,1.928532118722348e-09,1.928532118722348,19.28532118722348,2.763953195770684,4.145929793656026,36.0,automatic
276.0,486.0,2.5854414729132054,21.0,1.414906721688199,1.7409730324047246e-09,2.0992607652203787e-10,1.5310469558826867e-09,1.5310469558826867,15.310469558826867,2.5854414729132054,3.8781622093698083,24.0,automatic
244.0,488.0,2.326213245840639,17.0,1.4253075265915784,9.720527716083893e-10,-2.375996552284043e-10,1.2096524268367936e-09,1.2096524268367936,12.096524268367936,2.326213245840639,3.4893198687609583,16.0,automatic
22.0,492.0,3.0382538898732494,29.0,1.215703478563405,2.0971995251528597e-09,5.0376983834476974e-11,2.0468225413183827e-09,2.0468225413183827,20.468225413183827,3.0382538898732494,4.557380834809874,40.0,automatic
466.0,493.0,2.7057581899030048,23.0,1.232471678482232,2.1449035880749534e-09,5.347680631651031e-10,1.6101355249098503e-09,1.6101355249098503,16.101355249098503,2.7057581899030048,4.058637284854507,28.0,automatic
424.0,495.0,2.8209479177387813,25.0,1.1559981640761265,2.036217860990064e-09,3.227993983223598e-10,1.713418462667704e-09,1.713418462667704,17.13418462667704,2.8209479177387813,4.231421876608172,36.0,automatic
156.0,496.0,2.876813695875796,26.0,1.3328282662203883,2.1402142280635417e-09,2.699474949130476e-10,1.870266733150494e-09,1.870266733150494,18.70266733150494,2.876813695875796,4.315220543813694,36.0,automatic
89.0,500.0,2.985410660720923,28.0,1.2947179437652612,1.5674557207745465e-09,8.898672423929277e-11,1.4784689965352538e-09,1.4784689965352538,14.784689965352538,2.985410660720923,4.478115991081385,44.0,automatic
188.0,501.0,2.393653682408596,18.0,1.3239153988972323,1.1647484088328497e-09,-4.8161081026010244e-11,1.21290948985886e-09,1.21290948985886,12.1290948985886,2.393653682408596,3.590480523612894,16.0,automatic
204.0,501.0,2.5854414729132054,21.0,1.414906721688199,1.4879819598689892e-09,8.128938147611287e-11,1.4066925783928763e-09,1.4066925783928763,14.066925783928763,2.5854414729132054,3.8781622093698083,24.0,automatic
389.0,503.0,3.141274657157109,31.0,1.249524838656446,2.5130828529285054e-09,4.4155258616118687e-10,2.0715302667673186e-09,2.0715302667673186,20.715302667673186,3.141274657157109,4.7119119857356635,40.0,automatic
17.0,502.0,2.111004122822376,14.0,1.4353535174681107,1.3174659141412803e-09,1.175550559673333e-10,1.199910858173947e-09,1.199910858173947,11.99910858173947,2.111004122822376,3.1665061842335644,24.0,automatic
127.0,504.0,3.1915382432114616,32.0,1.1768136879086508,2.4917568008930857e-09,2.837626383866976e-10,2.207994162506388e-09,2.207994162506388,22.07994162506388,3.1915382432114616,4.787307364817193,32.0,automatic
500.0,502.0,2.4592453796829674,19.0,1.2801537005750372,-3.096115863687743e-10,-1.8103901711086223e-09,1.500778584739848e-09,1.500778584739848,15.00778584739848,2.4592453796829674,3.6888680695244513,24.0,automatic
144.0,504.0,2.8209479177387813,25.0,1.2815656405965272,1.8860122352748476e-09,1.359089368824229e-10,1.7501032983924247e-09,1.7501032983924247,17.501032983924247,2.8209479177387813,4.231421876608172,36.0,automatic
169.0,504.0,2.8209479177387813,25.0,1.0780241689052945,1.9766357439721105e-09,2.6117637219602585e-10,1.7154593717760847e-09,1.7154593717760847,17.154593717760847,2.8209479177387813,4.231421876608172,36.0,automatic
220.0,504.0,3.0382538898732494,29.0,1.2505080359301415,1.951618644469022e-09,2.8240817670499574e-11,1.9233778267985224e-09,1.9233778267985224,19.233778267985222,3.0382538898732494,4.557380834809874,40.0,automatic
494.0,504.0,2.5231325220201604,20.0,1.347530211131618,1.5855153301380653e-10,-1.9378195714736535e-09,2.09637110448746e-09,2.09637110448746,20.9637110448746,2.5231325220201604,3.7846987830302403,24.0,automatic
35.0,506.0,3.2897623212397704,34.0,1.1057596701548214,1.8577577254319522e-09,3.965490713575548e-10,1.4612086540743974e-09,1.4612086540743974,14.612086540743974,3.2897623212397704,4.934643481859656,32.0,automatic
321.0,507.0,3.477898169151024,38.0,1.0181287778766266,2.5578261730885288e-09,3.782890112269399e-10,2.179537161861589e-09,2.179537161861589,21.79537161861589,3.477898169151024,5.216847253726536,49.0,automatic
457.0,508.0,2.7057581899030048,23.0,1.1790403893488048,2.2069801541846346e-09,5.598924657235216e-10,1.647087688461113e-09,1.647087688461113,16.47087688461113,2.7057581899030048,4.058637284854507,27.0,automatic
56.0,508.0,2.4592453796829674,19.0,1.3268842295691072,-3.5424266298100804e-10,-1.888809553207693e-09,1.5345668902266851e-09,1.5345668902266851,15.345668902266851,2.4592453796829674,3.6888680695244513,24.0,automatic
196.0,508.0,2.6462837142006137,22.0,1.3175850953286932,1.797774040745992e-09,2.326064549307283e-10,1.5651675858152636e-09,1.5651675858152636,15.651675858152636,2.6462837142006137,3.9694255713009206,24.0,automatic
89.0,509.0,2.4592453796829674,19.0,1.2358490431142122,1.57095492170356e-09,2.357956330190092e-10,1.335159288684551e-09,1.335159288684551,13.35159288684551,2.4592453796829674,3.6888680695244513,19.0,automatic
181.0,509.0,2.256758334191025,16.0,1.4796776500174416,1.2344543165454525e-09,1.6289156135051996e-10,1.0715627551949325e-09,1.0715627551949325,10.715627551949325,2.256758334191025,3.385137501286538,13.0,automatic
359.0,510.0,2.5231325220201604,20.0,1.347530211131618,1.5215338988738836e-09,1.0686138085524988e-10,1.4146725180186337e-09,1.4146725180186337,14.146725180186337,2.5231325220201604,3.7846987830302403,15.0,automatic
415.0,510.0,2.5231325220201604,20.0,1.1756192128925151,2.2729760296158474e-09,2.169223273229548e-10,2.0560537022928926e-09,2.0560537022928926,20.560537022928926,2.5231325220201604,3.7846987830302403,15.0,automatic
431.0,510.0,2.111004122822376,14.0,1.500400304239239,1.70762126661117e-09,6.451130740714461e-10,1.062508192539724e-09,1.062508192539724,10.62508192539724,2.111004122822376,3.1665061842335644,17.0,automatic
324.0,195.0,2.8209479177387813,21.0,1.0,2.717936098406426e-09,-5.818722240147345e-12,2.7237548206465734e-09,2.7237548206465734,27.237548206465732,2.8209479177387813,4.231421876608172,36.0,false_negative
342.0,210.0,2.8209479177387813,21.0,1.0,1.5472119141435314e-09,5.8028993069059176e-11,1.4891829210744723e-09,1.4891829210744723,14.891829210744723,2.8209479177387813,4.231421876608172,36.0,false_negative
341.0,230.0,2.8209479177387813,21.0,1.0,1.6838547223230194e-09,2.6226930349704247e-10,1.4215854188259769e-09,1.4215854188259769,14.215854188259769,2.8209479177387813,4.231421876608172,36.0,false_negative
357.0,213.0,2.8209479177387813,21.0,1.0,-8.302261655934728e-10,-1.9131703998809257e-09,1.082944234287453e-09,1.082944234287453,10.829442342874529,2.8209479177387813,4.231421876608172,36.0,false_negative
78.0,502.0,2.8209479177387813,21.0,1.0,1.2208464239549244e-09,-1.3277567934011358e-10,1.353622103295038e-09,1.353622103295038,13.53622103295038,2.8209479177387813,4.231421876608172,36.0,false_negative
79.0,455.0,2.8209479177387813,21.0,1.0,7.677152247254071e-10,-2.80400060809205e-11,7.957552308063276e-10,0.7957552308063276,7.957552308063276,2.8209479177387813,4.231421876608172,36.0,false_negative
90.0,433.0,2.8209479177387813,21.0,1.0,-1.9761119129935167e-10,-5.760796839560101e-10,3.784684926566584e-10,0.3784684926566584,3.784684926566584,2.8209479177387813,4.231421876608172,36.0,false_negative
85.0,384.0,2.8209479177387813,21.0,1.0,1.7107544270089647e-09,-1.7836947197036324e-10,1.889123898979328e-09,1.889123898979328,18.89123898979328,2.8209479177387813,4.231421876608172,36.0,false_negative
1.0,402.0,2.8209479177387813,18.0,1.0,1.2896087531188982e-09,2.126420289849662e-10,1.076966724133932e-09,1.076966724133932,10.76966724133932,2.8209479177387813,4.231421876608172,24.0,false_negative
21.0,396.0,2.8209479177387813,21.0,1.0,6.579193301270436e-10,3.8208750399726377e-11,6.197105797273172e-10,0.6197105797273172,6.1971057972731725,2.8209479177387813,4.231421876608172,36.0,false_negative
509.0,209.0,2.8209479177387813,21.0,1.0,1.6687391468650503e-09,1.7696818316315088e-10,1.4917709637018994e-09,1.4917709637018994,14.917709637018994,2.8209479177387813,4.231421876608172,28.0,false_negative
510.0,249.0,2.8209479177387813,18.0,1.0,1.2378084113251475e-09,2.28534462187735e-10,1.0092739491374125e-09,1.0092739491374125,10.092739491374125,2.8209479177387813,4.231421876608172,24.0,false_negative
387.0,242.0,2.8209479177387813,21.0,1.0,2.1253931947740057e-10,-3.5732179715086687e-10,5.698611166282674e-10,0.5698611166282674,5.698611166282674,2.8209479177387813,4.231421876608172,36.0,false_negative
480.0,327.0,2.8209479177387813,21.0,1.0,7.751141395395678e-10,-1.4598002667787213e-10,9.210941662174399e-10,0.9210941662174399,9.210941662174399,2.8209479177387813,4.231421876608172,36.0,false_negative
441.0,320.0,2.8209479177387813,21.0,1.0,1.933414983668058e-09,3.3010376376818584e-10,1.6033112198998722e-09,1.6033112198998722,16.033112198998722,2.8209479177387813,4.231421876608172,36.0,false_negative
455.0,170.0,2.8209479177387813,21.0,1.0,1.2200148669094801e-09,3.904102735541315e-10,8.296045933553486e-10,0.8296045933553486,8.296045933553486,2.8209479177387813,4.231421876608172,36.0,false_negative
249.0,195.0,2.8209479177387813,21.0,1.0,3.5401037656868084e-09,5.363962329862915e-10,3.003707532700517e-09,3.003707532700517,30.03707532700517,2.8209479177387813,4.231421876608172,36.0,false_negative
191.0,96.0,2.8209479177387813,21.0,1.0,6.763904436546397e-10,-1.6057203483521576e-10,8.369624784898555e-10,0.8369624784898555,8.369624784898555,2.8209479177387813,4.231421876608172,36.0,false_negative
405.0,26.0,2.8209479177387813,21.0,1.0,1.2277123762061137e-09,-2.384694941515164e-10,1.4661818703576301e-09,1.4661818703576301,14.661818703576301,2.8209479177387813,4.231421876608172,36.0,false_negative
386.0,96.0,2.8209479177387813,21.0,1.0,1.5978296463714514e-09,1.1019308729376398e-10,1.4876365590776874e-09,1.4876365590776874,14.876365590776874,2.8209479177387813,4.231421876608172,36.0,false_negative
113.0,510.0,2.8209479177387813,18.0,1.0,1.6343959519105056e-09,2.1685612333621762e-10,1.417539828574288e-09,1.417539828574288,14.17539828574288,2.8209479177387813,4.231421876608172,24.0,false_negative
239.0,511.0,2.8209479177387813,13.0,1.0,1.6531558344468067e-09,2.1449049480981586e-10,1.4386653396369908e-09,1.4386653396369908,14.386653396369908,2.8209479177387813,4.231421876608172,20.0,false_negative
182.0,460.0,2.8209479177387813,21.0,1.0,-3.426894532032598e-11,-9.630722885844989e-10,9.288033432641729e-10,0.9288033432641729,9.288033432641729,2.8209479177387813,4.231421876608172,36.0,false_negative
214.0,305.0,2.8209479177387813,21.0,1.0,1.5920194051943781e-09,-1.6991660357380811e-12,1.5937185712301162e-09,1.5937185712301163,15.937185712301162,2.8209479177387813,4.231421876608172,36.0,false_negative
242.0,383.0,2.8209479177387813,21.0,1.0,-5.354579557526051e-10,-1.6676496294998344e-09,1.1321916737472293e-09,1.1321916737472293,11.321916737472293,2.8209479177387813,4.231421876608172,36.0,false_negative
315.0,355.0,2.8209479177387813,21.0,1.0,-3.9505104743042807e-10,-1.448956676863844e-09,1.053905629433416e-09,1.053905629433416,10.53905629433416,2.8209479177387813,4.231421876608172,36.0,false_negative
81.0,298.0,2.8209479177387813,21.0,1.0,8.526508388229104e-10,-5.24620485942151e-10,1.3772713247650614e-09,1.3772713247650614,13.772713247650614,2.8209479177387813,4.231421876608172,36.0,false_negative
42.0,255.0,2.8209479177387813,21.0,1.0,6.168200950007474e-10,1.2333770810224465e-10,4.934823868985028e-10,0.49348238689850277,4.934823868985028,2.8209479177387813,4.231421876608172,36.0,false_negative
86.0,269.0,2.8209479177387813,21.0,1.0,-6.202704461166775e-10,-1.4957548533089948e-09,8.754844071923173e-10,0.8754844071923173,8.754844071923173,2.8209479177387813,4.231421876608172,36.0,false_negative
85.0,315.0,2.8209479177387813,21.0,1.0,-1.3635499673814166e-10,-1.076513822528824e-09,9.401588257906823e-10,0.9401588257906823,9.401588257906823,2.8209479177387813,4.231421876608172,36.0,false_negative
358.0,443.0,2.8209479177387813,21.0,1.0,7.831834070159971e-10,1.7598387330730603e-10,6.071995337086911e-10,0.6071995337086911,6.071995337086911,2.8209479177387813,4.231421876608172,36.0,false_negative
165.0,403.0,2.8209479177387813,21.0,1.0,1.5781158602123924e-09,8.877489715564124e-11,1.4893409630567511e-09,1.4893409630567511,14.893409630567511,2.8209479177387813,4.231421876608172,36.0,false_negative
250.0,44.0,2.8209479177387813,21.0,1.0,6.794505513774141e-10,-5.281730608430735e-10,1.2076236122204875e-09,1.2076236122204875,12.076236122204875,2.8209479177387813,4.231421876608172,36.0,false_negative
344.0,496.0,2.8209479177387813,21.0,1.0,-6.672121188877611e-10,-2.0033531500374124e-09,1.3361410311496513e-09,1.3361410311496513,13.361410311496513,2.8209479177387813,4.231421876608172,36.0,false_negative
502.0,426.0,2.8209479177387813,21.0,1.0,-6.274114006110665e-10,-2.211571037413762e-09,1.5841596368026956e-09,1.5841596368026956,15.841596368026956,2.8209479177387813,4.231421876608172,36.0,false_negative
